WARNING - 2026-05-28 00:06:56 --> [DEPRECATED] Passing lowercase HTTP method "get" is deprecated. Use uppercase HTTP method like "GET". in SYSTEMPATH\Router\RouteCollection.php on line 1026.
 1 SYSTEMPATH\Router\RouteCollection.php(1026): trigger_error('Passing lowercase HTTP method "get" is deprecated. Use uppercase HTTP method like "GET".', 16384)
 2 APPPATH\Config\Routes.php(11): CodeIgniter\Router\RouteCollection->match([...], 'views/(:alpha).php', 'Legacy::view/$1')
 3 SYSTEMPATH\Router\RouteCollection.php(339): require('C:\\xampp\\htdocs\\SmartPlant_Care-main_CodeIgniter\\app\\Config\\Routes.php')
 4 SYSTEMPATH\CLI\Console.php(41): CodeIgniter\Router\RouteCollection->loadRoutes()
 5 SYSTEMPATH\Boot.php(442): CodeIgniter\CLI\Console->run()
 6 SYSTEMPATH\Boot.php(166): CodeIgniter\Boot::runCommand(Object(CodeIgniter\CLI\Console))
 7 ROOTPATH\spark(87): CodeIgniter\Boot::bootSpark(Object(Config\Paths))
WARNING - 2026-05-28 00:06:56 --> [DEPRECATED] Passing lowercase HTTP method "post" is deprecated. Use uppercase HTTP method like "POST". in SYSTEMPATH\Router\RouteCollection.php on line 1026.
 1 SYSTEMPATH\Router\RouteCollection.php(1026): trigger_error('Passing lowercase HTTP method "post" is deprecated. Use uppercase HTTP method like "POST".', 16384)
 2 APPPATH\Config\Routes.php(11): CodeIgniter\Router\RouteCollection->match([...], 'views/(:alpha).php', 'Legacy::view/$1')
 3 SYSTEMPATH\Router\RouteCollection.php(339): require('C:\\xampp\\htdocs\\SmartPlant_Care-main_CodeIgniter\\app\\Config\\Routes.php')
 4 SYSTEMPATH\CLI\Console.php(41): CodeIgniter\Router\RouteCollection->loadRoutes()
 5 SYSTEMPATH\Boot.php(442): CodeIgniter\CLI\Console->run()
 6 SYSTEMPATH\Boot.php(166): CodeIgniter\Boot::runCommand(Object(CodeIgniter\CLI\Console))
 7 ROOTPATH\spark(87): CodeIgniter\Boot::bootSpark(Object(Config\Paths))
WARNING - 2026-05-28 00:06:56 --> [DEPRECATED] Passing lowercase HTTP method "get" is deprecated. Use uppercase HTTP method like "GET". in SYSTEMPATH\Router\RouteCollection.php on line 1026.
 1 SYSTEMPATH\Router\RouteCollection.php(1026): trigger_error('Passing lowercase HTTP method "get" is deprecated. Use uppercase HTTP method like "GET".', 16384)
 2 APPPATH\Config\Routes.php(12): CodeIgniter\Router\RouteCollection->match([...], 'controllers/(:segment).php', 'Legacy::controller/$1')
 3 SYSTEMPATH\Router\RouteCollection.php(339): require('C:\\xampp\\htdocs\\SmartPlant_Care-main_CodeIgniter\\app\\Config\\Routes.php')
 4 SYSTEMPATH\CLI\Console.php(41): CodeIgniter\Router\RouteCollection->loadRoutes()
 5 SYSTEMPATH\Boot.php(442): CodeIgniter\CLI\Console->run()
 6 SYSTEMPATH\Boot.php(166): CodeIgniter\Boot::runCommand(Object(CodeIgniter\CLI\Console))
 7 ROOTPATH\spark(87): CodeIgniter\Boot::bootSpark(Object(Config\Paths))
WARNING - 2026-05-28 00:06:56 --> [DEPRECATED] Passing lowercase HTTP method "post" is deprecated. Use uppercase HTTP method like "POST". in SYSTEMPATH\Router\RouteCollection.php on line 1026.
 1 SYSTEMPATH\Router\RouteCollection.php(1026): trigger_error('Passing lowercase HTTP method "post" is deprecated. Use uppercase HTTP method like "POST".', 16384)
 2 APPPATH\Config\Routes.php(12): CodeIgniter\Router\RouteCollection->match([...], 'controllers/(:segment).php', 'Legacy::controller/$1')
 3 SYSTEMPATH\Router\RouteCollection.php(339): require('C:\\xampp\\htdocs\\SmartPlant_Care-main_CodeIgniter\\app\\Config\\Routes.php')
 4 SYSTEMPATH\CLI\Console.php(41): CodeIgniter\Router\RouteCollection->loadRoutes()
 5 SYSTEMPATH\Boot.php(442): CodeIgniter\CLI\Console->run()
 6 SYSTEMPATH\Boot.php(166): CodeIgniter\Boot::runCommand(Object(CodeIgniter\CLI\Console))
 7 ROOTPATH\spark(87): CodeIgniter\Boot::bootSpark(Object(Config\Paths))
WARNING - 2026-05-28 00:06:56 --> [DEPRECATED] Passing lowercase HTTP method "get" is deprecated. Use uppercase HTTP method like "GET". in SYSTEMPATH\Router\RouteCollection.php on line 1026.
 1 SYSTEMPATH\Router\RouteCollection.php(1026): trigger_error('Passing lowercase HTTP method "get" is deprecated. Use uppercase HTTP method like "GET".', 16384)
 2 APPPATH\Config\Routes.php(13): CodeIgniter\Router\RouteCollection->match([...], 'SmartPlant_Care/views/(:alpha).php', 'Legacy::view/$1')
 3 SYSTEMPATH\Router\RouteCollection.php(339): require('C:\\xampp\\htdocs\\SmartPlant_Care-main_CodeIgniter\\app\\Config\\Routes.php')
 4 SYSTEMPATH\CLI\Console.php(41): CodeIgniter\Router\RouteCollection->loadRoutes()
 5 SYSTEMPATH\Boot.php(442): CodeIgniter\CLI\Console->run()
 6 SYSTEMPATH\Boot.php(166): CodeIgniter\Boot::runCommand(Object(CodeIgniter\CLI\Console))
 7 ROOTPATH\spark(87): CodeIgniter\Boot::bootSpark(Object(Config\Paths))
WARNING - 2026-05-28 00:06:56 --> [DEPRECATED] Passing lowercase HTTP method "post" is deprecated. Use uppercase HTTP method like "POST". in SYSTEMPATH\Router\RouteCollection.php on line 1026.
 1 SYSTEMPATH\Router\RouteCollection.php(1026): trigger_error('Passing lowercase HTTP method "post" is deprecated. Use uppercase HTTP method like "POST".', 16384)
 2 APPPATH\Config\Routes.php(13): CodeIgniter\Router\RouteCollection->match([...], 'SmartPlant_Care/views/(:alpha).php', 'Legacy::view/$1')
 3 SYSTEMPATH\Router\RouteCollection.php(339): require('C:\\xampp\\htdocs\\SmartPlant_Care-main_CodeIgniter\\app\\Config\\Routes.php')
 4 SYSTEMPATH\CLI\Console.php(41): CodeIgniter\Router\RouteCollection->loadRoutes()
 5 SYSTEMPATH\Boot.php(442): CodeIgniter\CLI\Console->run()
 6 SYSTEMPATH\Boot.php(166): CodeIgniter\Boot::runCommand(Object(CodeIgniter\CLI\Console))
 7 ROOTPATH\spark(87): CodeIgniter\Boot::bootSpark(Object(Config\Paths))
WARNING - 2026-05-28 00:06:56 --> [DEPRECATED] Passing lowercase HTTP method "get" is deprecated. Use uppercase HTTP method like "GET". in SYSTEMPATH\Router\RouteCollection.php on line 1026.
 1 SYSTEMPATH\Router\RouteCollection.php(1026): trigger_error('Passing lowercase HTTP method "get" is deprecated. Use uppercase HTTP method like "GET".', 16384)
 2 APPPATH\Config\Routes.php(14): CodeIgniter\Router\RouteCollection->match([...], 'SmartPlant_Care/controllers/(:segment).php', 'Legacy::controller/$1')
 3 SYSTEMPATH\Router\RouteCollection.php(339): require('C:\\xampp\\htdocs\\SmartPlant_Care-main_CodeIgniter\\app\\Config\\Routes.php')
 4 SYSTEMPATH\CLI\Console.php(41): CodeIgniter\Router\RouteCollection->loadRoutes()
 5 SYSTEMPATH\Boot.php(442): CodeIgniter\CLI\Console->run()
 6 SYSTEMPATH\Boot.php(166): CodeIgniter\Boot::runCommand(Object(CodeIgniter\CLI\Console))
 7 ROOTPATH\spark(87): CodeIgniter\Boot::bootSpark(Object(Config\Paths))
WARNING - 2026-05-28 00:06:56 --> [DEPRECATED] Passing lowercase HTTP method "post" is deprecated. Use uppercase HTTP method like "POST". in SYSTEMPATH\Router\RouteCollection.php on line 1026.
 1 SYSTEMPATH\Router\RouteCollection.php(1026): trigger_error('Passing lowercase HTTP method "post" is deprecated. Use uppercase HTTP method like "POST".', 16384)
 2 APPPATH\Config\Routes.php(14): CodeIgniter\Router\RouteCollection->match([...], 'SmartPlant_Care/controllers/(:segment).php', 'Legacy::controller/$1')
 3 SYSTEMPATH\Router\RouteCollection.php(339): require('C:\\xampp\\htdocs\\SmartPlant_Care-main_CodeIgniter\\app\\Config\\Routes.php')
 4 SYSTEMPATH\CLI\Console.php(41): CodeIgniter\Router\RouteCollection->loadRoutes()
 5 SYSTEMPATH\Boot.php(442): CodeIgniter\CLI\Console->run()
 6 SYSTEMPATH\Boot.php(166): CodeIgniter\Boot::runCommand(Object(CodeIgniter\CLI\Console))
 7 ROOTPATH\spark(87): CodeIgniter\Boot::bootSpark(Object(Config\Paths))
WARNING - 2026-05-28 00:06:59 --> [DEPRECATED] Passing lowercase HTTP method "get" is deprecated. Use uppercase HTTP method like "GET". in SYSTEMPATH\Router\RouteCollection.php on line 1026.
 1 SYSTEMPATH\Router\RouteCollection.php(1026): trigger_error('Passing lowercase HTTP method "get" is deprecated. Use uppercase HTTP method like "GET".', 16384)
 2 APPPATH\Config\Routes.php(11): CodeIgniter\Router\RouteCollection->match([...], 'views/(:alpha).php', 'Legacy::view/$1')
 3 SYSTEMPATH\Router\RouteCollection.php(339): require('C:\\xampp\\htdocs\\SmartPlant_Care-main_CodeIgniter\\app\\Config\\Routes.php')
 4 SYSTEMPATH\CodeIgniter.php(841): CodeIgniter\Router\RouteCollection->loadRoutes()
 5 SYSTEMPATH\CodeIgniter.php(464): CodeIgniter\CodeIgniter->tryToRouteIt(null)
 6 SYSTEMPATH\CodeIgniter.php(363): CodeIgniter\CodeIgniter->handleRequest(null, Object(Config\Cache), false)
 7 SYSTEMPATH\Boot.php(417): CodeIgniter\CodeIgniter->run()
 8 SYSTEMPATH\Boot.php(68): CodeIgniter\Boot::runCodeIgniter(Object(CodeIgniter\CodeIgniter))
 9 FCPATH\index.php(59): CodeIgniter\Boot::bootWeb(Object(Config\Paths))
10 SYSTEMPATH\rewrite.php(44): require_once('C:\\xampp\\htdocs\\SmartPlant_Care-main_CodeIgniter\\public\\index.php')
WARNING - 2026-05-28 00:06:59 --> [DEPRECATED] Passing lowercase HTTP method "post" is deprecated. Use uppercase HTTP method like "POST". in SYSTEMPATH\Router\RouteCollection.php on line 1026.
 1 SYSTEMPATH\Router\RouteCollection.php(1026): trigger_error('Passing lowercase HTTP method "post" is deprecated. Use uppercase HTTP method like "POST".', 16384)
 2 APPPATH\Config\Routes.php(11): CodeIgniter\Router\RouteCollection->match([...], 'views/(:alpha).php', 'Legacy::view/$1')
 3 SYSTEMPATH\Router\RouteCollection.php(339): require('C:\\xampp\\htdocs\\SmartPlant_Care-main_CodeIgniter\\app\\Config\\Routes.php')
 4 SYSTEMPATH\CodeIgniter.php(841): CodeIgniter\Router\RouteCollection->loadRoutes()
 5 SYSTEMPATH\CodeIgniter.php(464): CodeIgniter\CodeIgniter->tryToRouteIt(null)
 6 SYSTEMPATH\CodeIgniter.php(363): CodeIgniter\CodeIgniter->handleRequest(null, Object(Config\Cache), false)
 7 SYSTEMPATH\Boot.php(417): CodeIgniter\CodeIgniter->run()
 8 SYSTEMPATH\Boot.php(68): CodeIgniter\Boot::runCodeIgniter(Object(CodeIgniter\CodeIgniter))
 9 FCPATH\index.php(59): CodeIgniter\Boot::bootWeb(Object(Config\Paths))
10 SYSTEMPATH\rewrite.php(44): require_once('C:\\xampp\\htdocs\\SmartPlant_Care-main_CodeIgniter\\public\\index.php')
WARNING - 2026-05-28 00:06:59 --> [DEPRECATED] Passing lowercase HTTP method "get" is deprecated. Use uppercase HTTP method like "GET". in SYSTEMPATH\Router\RouteCollection.php on line 1026.
 1 SYSTEMPATH\Router\RouteCollection.php(1026): trigger_error('Passing lowercase HTTP method "get" is deprecated. Use uppercase HTTP method like "GET".', 16384)
 2 APPPATH\Config\Routes.php(12): CodeIgniter\Router\RouteCollection->match([...], 'controllers/(:segment).php', 'Legacy::controller/$1')
 3 SYSTEMPATH\Router\RouteCollection.php(339): require('C:\\xampp\\htdocs\\SmartPlant_Care-main_CodeIgniter\\app\\Config\\Routes.php')
 4 SYSTEMPATH\CodeIgniter.php(841): CodeIgniter\Router\RouteCollection->loadRoutes()
 5 SYSTEMPATH\CodeIgniter.php(464): CodeIgniter\CodeIgniter->tryToRouteIt(null)
 6 SYSTEMPATH\CodeIgniter.php(363): CodeIgniter\CodeIgniter->handleRequest(null, Object(Config\Cache), false)
 7 SYSTEMPATH\Boot.php(417): CodeIgniter\CodeIgniter->run()
 8 SYSTEMPATH\Boot.php(68): CodeIgniter\Boot::runCodeIgniter(Object(CodeIgniter\CodeIgniter))
 9 FCPATH\index.php(59): CodeIgniter\Boot::bootWeb(Object(Config\Paths))
10 SYSTEMPATH\rewrite.php(44): require_once('C:\\xampp\\htdocs\\SmartPlant_Care-main_CodeIgniter\\public\\index.php')
WARNING - 2026-05-28 00:06:59 --> [DEPRECATED] Passing lowercase HTTP method "post" is deprecated. Use uppercase HTTP method like "POST". in SYSTEMPATH\Router\RouteCollection.php on line 1026.
 1 SYSTEMPATH\Router\RouteCollection.php(1026): trigger_error('Passing lowercase HTTP method "post" is deprecated. Use uppercase HTTP method like "POST".', 16384)
 2 APPPATH\Config\Routes.php(12): CodeIgniter\Router\RouteCollection->match([...], 'controllers/(:segment).php', 'Legacy::controller/$1')
 3 SYSTEMPATH\Router\RouteCollection.php(339): require('C:\\xampp\\htdocs\\SmartPlant_Care-main_CodeIgniter\\app\\Config\\Routes.php')
 4 SYSTEMPATH\CodeIgniter.php(841): CodeIgniter\Router\RouteCollection->loadRoutes()
 5 SYSTEMPATH\CodeIgniter.php(464): CodeIgniter\CodeIgniter->tryToRouteIt(null)
 6 SYSTEMPATH\CodeIgniter.php(363): CodeIgniter\CodeIgniter->handleRequest(null, Object(Config\Cache), false)
 7 SYSTEMPATH\Boot.php(417): CodeIgniter\CodeIgniter->run()
 8 SYSTEMPATH\Boot.php(68): CodeIgniter\Boot::runCodeIgniter(Object(CodeIgniter\CodeIgniter))
 9 FCPATH\index.php(59): CodeIgniter\Boot::bootWeb(Object(Config\Paths))
10 SYSTEMPATH\rewrite.php(44): require_once('C:\\xampp\\htdocs\\SmartPlant_Care-main_CodeIgniter\\public\\index.php')
WARNING - 2026-05-28 00:06:59 --> [DEPRECATED] Passing lowercase HTTP method "get" is deprecated. Use uppercase HTTP method like "GET". in SYSTEMPATH\Router\RouteCollection.php on line 1026.
 1 SYSTEMPATH\Router\RouteCollection.php(1026): trigger_error('Passing lowercase HTTP method "get" is deprecated. Use uppercase HTTP method like "GET".', 16384)
 2 APPPATH\Config\Routes.php(13): CodeIgniter\Router\RouteCollection->match([...], 'SmartPlant_Care/views/(:alpha).php', 'Legacy::view/$1')
 3 SYSTEMPATH\Router\RouteCollection.php(339): require('C:\\xampp\\htdocs\\SmartPlant_Care-main_CodeIgniter\\app\\Config\\Routes.php')
 4 SYSTEMPATH\CodeIgniter.php(841): CodeIgniter\Router\RouteCollection->loadRoutes()
 5 SYSTEMPATH\CodeIgniter.php(464): CodeIgniter\CodeIgniter->tryToRouteIt(null)
 6 SYSTEMPATH\CodeIgniter.php(363): CodeIgniter\CodeIgniter->handleRequest(null, Object(Config\Cache), false)
 7 SYSTEMPATH\Boot.php(417): CodeIgniter\CodeIgniter->run()
 8 SYSTEMPATH\Boot.php(68): CodeIgniter\Boot::runCodeIgniter(Object(CodeIgniter\CodeIgniter))
 9 FCPATH\index.php(59): CodeIgniter\Boot::bootWeb(Object(Config\Paths))
10 SYSTEMPATH\rewrite.php(44): require_once('C:\\xampp\\htdocs\\SmartPlant_Care-main_CodeIgniter\\public\\index.php')
WARNING - 2026-05-28 00:06:59 --> [DEPRECATED] Passing lowercase HTTP method "post" is deprecated. Use uppercase HTTP method like "POST". in SYSTEMPATH\Router\RouteCollection.php on line 1026.
 1 SYSTEMPATH\Router\RouteCollection.php(1026): trigger_error('Passing lowercase HTTP method "post" is deprecated. Use uppercase HTTP method like "POST".', 16384)
 2 APPPATH\Config\Routes.php(13): CodeIgniter\Router\RouteCollection->match([...], 'SmartPlant_Care/views/(:alpha).php', 'Legacy::view/$1')
 3 SYSTEMPATH\Router\RouteCollection.php(339): require('C:\\xampp\\htdocs\\SmartPlant_Care-main_CodeIgniter\\app\\Config\\Routes.php')
 4 SYSTEMPATH\CodeIgniter.php(841): CodeIgniter\Router\RouteCollection->loadRoutes()
 5 SYSTEMPATH\CodeIgniter.php(464): CodeIgniter\CodeIgniter->tryToRouteIt(null)
 6 SYSTEMPATH\CodeIgniter.php(363): CodeIgniter\CodeIgniter->handleRequest(null, Object(Config\Cache), false)
 7 SYSTEMPATH\Boot.php(417): CodeIgniter\CodeIgniter->run()
 8 SYSTEMPATH\Boot.php(68): CodeIgniter\Boot::runCodeIgniter(Object(CodeIgniter\CodeIgniter))
 9 FCPATH\index.php(59): CodeIgniter\Boot::bootWeb(Object(Config\Paths))
10 SYSTEMPATH\rewrite.php(44): require_once('C:\\xampp\\htdocs\\SmartPlant_Care-main_CodeIgniter\\public\\index.php')
WARNING - 2026-05-28 00:06:59 --> [DEPRECATED] Passing lowercase HTTP method "get" is deprecated. Use uppercase HTTP method like "GET". in SYSTEMPATH\Router\RouteCollection.php on line 1026.
 1 SYSTEMPATH\Router\RouteCollection.php(1026): trigger_error('Passing lowercase HTTP method "get" is deprecated. Use uppercase HTTP method like "GET".', 16384)
 2 APPPATH\Config\Routes.php(14): CodeIgniter\Router\RouteCollection->match([...], 'SmartPlant_Care/controllers/(:segment).php', 'Legacy::controller/$1')
 3 SYSTEMPATH\Router\RouteCollection.php(339): require('C:\\xampp\\htdocs\\SmartPlant_Care-main_CodeIgniter\\app\\Config\\Routes.php')
 4 SYSTEMPATH\CodeIgniter.php(841): CodeIgniter\Router\RouteCollection->loadRoutes()
 5 SYSTEMPATH\CodeIgniter.php(464): CodeIgniter\CodeIgniter->tryToRouteIt(null)
 6 SYSTEMPATH\CodeIgniter.php(363): CodeIgniter\CodeIgniter->handleRequest(null, Object(Config\Cache), false)
 7 SYSTEMPATH\Boot.php(417): CodeIgniter\CodeIgniter->run()
 8 SYSTEMPATH\Boot.php(68): CodeIgniter\Boot::runCodeIgniter(Object(CodeIgniter\CodeIgniter))
 9 FCPATH\index.php(59): CodeIgniter\Boot::bootWeb(Object(Config\Paths))
10 SYSTEMPATH\rewrite.php(44): require_once('C:\\xampp\\htdocs\\SmartPlant_Care-main_CodeIgniter\\public\\index.php')
WARNING - 2026-05-28 00:06:59 --> [DEPRECATED] Passing lowercase HTTP method "post" is deprecated. Use uppercase HTTP method like "POST". in SYSTEMPATH\Router\RouteCollection.php on line 1026.
 1 SYSTEMPATH\Router\RouteCollection.php(1026): trigger_error('Passing lowercase HTTP method "post" is deprecated. Use uppercase HTTP method like "POST".', 16384)
 2 APPPATH\Config\Routes.php(14): CodeIgniter\Router\RouteCollection->match([...], 'SmartPlant_Care/controllers/(:segment).php', 'Legacy::controller/$1')
 3 SYSTEMPATH\Router\RouteCollection.php(339): require('C:\\xampp\\htdocs\\SmartPlant_Care-main_CodeIgniter\\app\\Config\\Routes.php')
 4 SYSTEMPATH\CodeIgniter.php(841): CodeIgniter\Router\RouteCollection->loadRoutes()
 5 SYSTEMPATH\CodeIgniter.php(464): CodeIgniter\CodeIgniter->tryToRouteIt(null)
 6 SYSTEMPATH\CodeIgniter.php(363): CodeIgniter\CodeIgniter->handleRequest(null, Object(Config\Cache), false)
 7 SYSTEMPATH\Boot.php(417): CodeIgniter\CodeIgniter->run()
 8 SYSTEMPATH\Boot.php(68): CodeIgniter\Boot::runCodeIgniter(Object(CodeIgniter\CodeIgniter))
 9 FCPATH\index.php(59): CodeIgniter\Boot::bootWeb(Object(Config\Paths))
10 SYSTEMPATH\rewrite.php(44): require_once('C:\\xampp\\htdocs\\SmartPlant_Care-main_CodeIgniter\\public\\index.php')
DEBUG - 2026-05-28 00:06:59 --> Session: Class initialized using 'CodeIgniter\Session\Handlers\FileHandler' driver.
WARNING - 2026-05-28 00:06:59 --> [DEPRECATED] Passing lowercase HTTP method "get" is deprecated. Use uppercase HTTP method like "GET". in SYSTEMPATH\Router\RouteCollection.php on line 1026.
 1 SYSTEMPATH\Router\RouteCollection.php(1026): trigger_error('Passing lowercase HTTP method "get" is deprecated. Use uppercase HTTP method like "GET".', 16384)
 2 APPPATH\Config\Routes.php(11): CodeIgniter\Router\RouteCollection->match([...], 'views/(:alpha).php', 'Legacy::view/$1')
 3 SYSTEMPATH\Router\RouteCollection.php(339): require('C:\\xampp\\htdocs\\SmartPlant_Care-main_CodeIgniter\\app\\Config\\Routes.php')
 4 SYSTEMPATH\CodeIgniter.php(841): CodeIgniter\Router\RouteCollection->loadRoutes()
 5 SYSTEMPATH\CodeIgniter.php(464): CodeIgniter\CodeIgniter->tryToRouteIt(null)
 6 SYSTEMPATH\CodeIgniter.php(363): CodeIgniter\CodeIgniter->handleRequest(null, Object(Config\Cache), false)
 7 SYSTEMPATH\Boot.php(417): CodeIgniter\CodeIgniter->run()
 8 SYSTEMPATH\Boot.php(68): CodeIgniter\Boot::runCodeIgniter(Object(CodeIgniter\CodeIgniter))
 9 FCPATH\index.php(59): CodeIgniter\Boot::bootWeb(Object(Config\Paths))
10 SYSTEMPATH\rewrite.php(44): require_once('C:\\xampp\\htdocs\\SmartPlant_Care-main_CodeIgniter\\public\\index.php')
WARNING - 2026-05-28 00:06:59 --> [DEPRECATED] Passing lowercase HTTP method "post" is deprecated. Use uppercase HTTP method like "POST". in SYSTEMPATH\Router\RouteCollection.php on line 1026.
 1 SYSTEMPATH\Router\RouteCollection.php(1026): trigger_error('Passing lowercase HTTP method "post" is deprecated. Use uppercase HTTP method like "POST".', 16384)
 2 APPPATH\Config\Routes.php(11): CodeIgniter\Router\RouteCollection->match([...], 'views/(:alpha).php', 'Legacy::view/$1')
 3 SYSTEMPATH\Router\RouteCollection.php(339): require('C:\\xampp\\htdocs\\SmartPlant_Care-main_CodeIgniter\\app\\Config\\Routes.php')
 4 SYSTEMPATH\CodeIgniter.php(841): CodeIgniter\Router\RouteCollection->loadRoutes()
 5 SYSTEMPATH\CodeIgniter.php(464): CodeIgniter\CodeIgniter->tryToRouteIt(null)
 6 SYSTEMPATH\CodeIgniter.php(363): CodeIgniter\CodeIgniter->handleRequest(null, Object(Config\Cache), false)
 7 SYSTEMPATH\Boot.php(417): CodeIgniter\CodeIgniter->run()
 8 SYSTEMPATH\Boot.php(68): CodeIgniter\Boot::runCodeIgniter(Object(CodeIgniter\CodeIgniter))
 9 FCPATH\index.php(59): CodeIgniter\Boot::bootWeb(Object(Config\Paths))
10 SYSTEMPATH\rewrite.php(44): require_once('C:\\xampp\\htdocs\\SmartPlant_Care-main_CodeIgniter\\public\\index.php')
WARNING - 2026-05-28 00:06:59 --> [DEPRECATED] Passing lowercase HTTP method "get" is deprecated. Use uppercase HTTP method like "GET". in SYSTEMPATH\Router\RouteCollection.php on line 1026.
 1 SYSTEMPATH\Router\RouteCollection.php(1026): trigger_error('Passing lowercase HTTP method "get" is deprecated. Use uppercase HTTP method like "GET".', 16384)
 2 APPPATH\Config\Routes.php(12): CodeIgniter\Router\RouteCollection->match([...], 'controllers/(:segment).php', 'Legacy::controller/$1')
 3 SYSTEMPATH\Router\RouteCollection.php(339): require('C:\\xampp\\htdocs\\SmartPlant_Care-main_CodeIgniter\\app\\Config\\Routes.php')
 4 SYSTEMPATH\CodeIgniter.php(841): CodeIgniter\Router\RouteCollection->loadRoutes()
 5 SYSTEMPATH\CodeIgniter.php(464): CodeIgniter\CodeIgniter->tryToRouteIt(null)
 6 SYSTEMPATH\CodeIgniter.php(363): CodeIgniter\CodeIgniter->handleRequest(null, Object(Config\Cache), false)
 7 SYSTEMPATH\Boot.php(417): CodeIgniter\CodeIgniter->run()
 8 SYSTEMPATH\Boot.php(68): CodeIgniter\Boot::runCodeIgniter(Object(CodeIgniter\CodeIgniter))
 9 FCPATH\index.php(59): CodeIgniter\Boot::bootWeb(Object(Config\Paths))
10 SYSTEMPATH\rewrite.php(44): require_once('C:\\xampp\\htdocs\\SmartPlant_Care-main_CodeIgniter\\public\\index.php')
WARNING - 2026-05-28 00:06:59 --> [DEPRECATED] Passing lowercase HTTP method "post" is deprecated. Use uppercase HTTP method like "POST". in SYSTEMPATH\Router\RouteCollection.php on line 1026.
 1 SYSTEMPATH\Router\RouteCollection.php(1026): trigger_error('Passing lowercase HTTP method "post" is deprecated. Use uppercase HTTP method like "POST".', 16384)
 2 APPPATH\Config\Routes.php(12): CodeIgniter\Router\RouteCollection->match([...], 'controllers/(:segment).php', 'Legacy::controller/$1')
 3 SYSTEMPATH\Router\RouteCollection.php(339): require('C:\\xampp\\htdocs\\SmartPlant_Care-main_CodeIgniter\\app\\Config\\Routes.php')
 4 SYSTEMPATH\CodeIgniter.php(841): CodeIgniter\Router\RouteCollection->loadRoutes()
 5 SYSTEMPATH\CodeIgniter.php(464): CodeIgniter\CodeIgniter->tryToRouteIt(null)
 6 SYSTEMPATH\CodeIgniter.php(363): CodeIgniter\CodeIgniter->handleRequest(null, Object(Config\Cache), false)
 7 SYSTEMPATH\Boot.php(417): CodeIgniter\CodeIgniter->run()
 8 SYSTEMPATH\Boot.php(68): CodeIgniter\Boot::runCodeIgniter(Object(CodeIgniter\CodeIgniter))
 9 FCPATH\index.php(59): CodeIgniter\Boot::bootWeb(Object(Config\Paths))
10 SYSTEMPATH\rewrite.php(44): require_once('C:\\xampp\\htdocs\\SmartPlant_Care-main_CodeIgniter\\public\\index.php')
WARNING - 2026-05-28 00:06:59 --> [DEPRECATED] Passing lowercase HTTP method "get" is deprecated. Use uppercase HTTP method like "GET". in SYSTEMPATH\Router\RouteCollection.php on line 1026.
 1 SYSTEMPATH\Router\RouteCollection.php(1026): trigger_error('Passing lowercase HTTP method "get" is deprecated. Use uppercase HTTP method like "GET".', 16384)
 2 APPPATH\Config\Routes.php(13): CodeIgniter\Router\RouteCollection->match([...], 'SmartPlant_Care/views/(:alpha).php', 'Legacy::view/$1')
 3 SYSTEMPATH\Router\RouteCollection.php(339): require('C:\\xampp\\htdocs\\SmartPlant_Care-main_CodeIgniter\\app\\Config\\Routes.php')
 4 SYSTEMPATH\CodeIgniter.php(841): CodeIgniter\Router\RouteCollection->loadRoutes()
 5 SYSTEMPATH\CodeIgniter.php(464): CodeIgniter\CodeIgniter->tryToRouteIt(null)
 6 SYSTEMPATH\CodeIgniter.php(363): CodeIgniter\CodeIgniter->handleRequest(null, Object(Config\Cache), false)
 7 SYSTEMPATH\Boot.php(417): CodeIgniter\CodeIgniter->run()
 8 SYSTEMPATH\Boot.php(68): CodeIgniter\Boot::runCodeIgniter(Object(CodeIgniter\CodeIgniter))
 9 FCPATH\index.php(59): CodeIgniter\Boot::bootWeb(Object(Config\Paths))
10 SYSTEMPATH\rewrite.php(44): require_once('C:\\xampp\\htdocs\\SmartPlant_Care-main_CodeIgniter\\public\\index.php')
WARNING - 2026-05-28 00:06:59 --> [DEPRECATED] Passing lowercase HTTP method "post" is deprecated. Use uppercase HTTP method like "POST". in SYSTEMPATH\Router\RouteCollection.php on line 1026.
 1 SYSTEMPATH\Router\RouteCollection.php(1026): trigger_error('Passing lowercase HTTP method "post" is deprecated. Use uppercase HTTP method like "POST".', 16384)
 2 APPPATH\Config\Routes.php(13): CodeIgniter\Router\RouteCollection->match([...], 'SmartPlant_Care/views/(:alpha).php', 'Legacy::view/$1')
 3 SYSTEMPATH\Router\RouteCollection.php(339): require('C:\\xampp\\htdocs\\SmartPlant_Care-main_CodeIgniter\\app\\Config\\Routes.php')
 4 SYSTEMPATH\CodeIgniter.php(841): CodeIgniter\Router\RouteCollection->loadRoutes()
 5 SYSTEMPATH\CodeIgniter.php(464): CodeIgniter\CodeIgniter->tryToRouteIt(null)
 6 SYSTEMPATH\CodeIgniter.php(363): CodeIgniter\CodeIgniter->handleRequest(null, Object(Config\Cache), false)
 7 SYSTEMPATH\Boot.php(417): CodeIgniter\CodeIgniter->run()
 8 SYSTEMPATH\Boot.php(68): CodeIgniter\Boot::runCodeIgniter(Object(CodeIgniter\CodeIgniter))
 9 FCPATH\index.php(59): CodeIgniter\Boot::bootWeb(Object(Config\Paths))
10 SYSTEMPATH\rewrite.php(44): require_once('C:\\xampp\\htdocs\\SmartPlant_Care-main_CodeIgniter\\public\\index.php')
WARNING - 2026-05-28 00:06:59 --> [DEPRECATED] Passing lowercase HTTP method "get" is deprecated. Use uppercase HTTP method like "GET". in SYSTEMPATH\Router\RouteCollection.php on line 1026.
 1 SYSTEMPATH\Router\RouteCollection.php(1026): trigger_error('Passing lowercase HTTP method "get" is deprecated. Use uppercase HTTP method like "GET".', 16384)
 2 APPPATH\Config\Routes.php(14): CodeIgniter\Router\RouteCollection->match([...], 'SmartPlant_Care/controllers/(:segment).php', 'Legacy::controller/$1')
 3 SYSTEMPATH\Router\RouteCollection.php(339): require('C:\\xampp\\htdocs\\SmartPlant_Care-main_CodeIgniter\\app\\Config\\Routes.php')
 4 SYSTEMPATH\CodeIgniter.php(841): CodeIgniter\Router\RouteCollection->loadRoutes()
 5 SYSTEMPATH\CodeIgniter.php(464): CodeIgniter\CodeIgniter->tryToRouteIt(null)
 6 SYSTEMPATH\CodeIgniter.php(363): CodeIgniter\CodeIgniter->handleRequest(null, Object(Config\Cache), false)
 7 SYSTEMPATH\Boot.php(417): CodeIgniter\CodeIgniter->run()
 8 SYSTEMPATH\Boot.php(68): CodeIgniter\Boot::runCodeIgniter(Object(CodeIgniter\CodeIgniter))
 9 FCPATH\index.php(59): CodeIgniter\Boot::bootWeb(Object(Config\Paths))
10 SYSTEMPATH\rewrite.php(44): require_once('C:\\xampp\\htdocs\\SmartPlant_Care-main_CodeIgniter\\public\\index.php')
WARNING - 2026-05-28 00:06:59 --> [DEPRECATED] Passing lowercase HTTP method "post" is deprecated. Use uppercase HTTP method like "POST". in SYSTEMPATH\Router\RouteCollection.php on line 1026.
 1 SYSTEMPATH\Router\RouteCollection.php(1026): trigger_error('Passing lowercase HTTP method "post" is deprecated. Use uppercase HTTP method like "POST".', 16384)
 2 APPPATH\Config\Routes.php(14): CodeIgniter\Router\RouteCollection->match([...], 'SmartPlant_Care/controllers/(:segment).php', 'Legacy::controller/$1')
 3 SYSTEMPATH\Router\RouteCollection.php(339): require('C:\\xampp\\htdocs\\SmartPlant_Care-main_CodeIgniter\\app\\Config\\Routes.php')
 4 SYSTEMPATH\CodeIgniter.php(841): CodeIgniter\Router\RouteCollection->loadRoutes()
 5 SYSTEMPATH\CodeIgniter.php(464): CodeIgniter\CodeIgniter->tryToRouteIt(null)
 6 SYSTEMPATH\CodeIgniter.php(363): CodeIgniter\CodeIgniter->handleRequest(null, Object(Config\Cache), false)
 7 SYSTEMPATH\Boot.php(417): CodeIgniter\CodeIgniter->run()
 8 SYSTEMPATH\Boot.php(68): CodeIgniter\Boot::runCodeIgniter(Object(CodeIgniter\CodeIgniter))
 9 FCPATH\index.php(59): CodeIgniter\Boot::bootWeb(Object(Config\Paths))
10 SYSTEMPATH\rewrite.php(44): require_once('C:\\xampp\\htdocs\\SmartPlant_Care-main_CodeIgniter\\public\\index.php')
DEBUG - 2026-05-28 00:06:59 --> Session: Class initialized using 'CodeIgniter\Session\Handlers\FileHandler' driver.
WARNING - 2026-05-28 00:10:50 --> [DEPRECATED] Passing lowercase HTTP method "get" is deprecated. Use uppercase HTTP method like "GET". in SYSTEMPATH\Router\RouteCollection.php on line 1026.
 1 SYSTEMPATH\Router\RouteCollection.php(1026): trigger_error('Passing lowercase HTTP method "get" is deprecated. Use uppercase HTTP method like "GET".', 16384)
 2 APPPATH\Config\Routes.php(11): CodeIgniter\Router\RouteCollection->match([...], 'views/(:alpha).php', 'Legacy::view/$1')
 3 SYSTEMPATH\Router\RouteCollection.php(339): require('C:\\xampp\\htdocs\\SmartPlant_Care-main_CodeIgniter\\app\\Config\\Routes.php')
 4 SYSTEMPATH\CodeIgniter.php(841): CodeIgniter\Router\RouteCollection->loadRoutes()
 5 SYSTEMPATH\CodeIgniter.php(464): CodeIgniter\CodeIgniter->tryToRouteIt(null)
 6 SYSTEMPATH\CodeIgniter.php(363): CodeIgniter\CodeIgniter->handleRequest(null, Object(Config\Cache), false)
 7 SYSTEMPATH\Boot.php(417): CodeIgniter\CodeIgniter->run()
 8 SYSTEMPATH\Boot.php(68): CodeIgniter\Boot::runCodeIgniter(Object(CodeIgniter\CodeIgniter))
 9 FCPATH\index.php(59): CodeIgniter\Boot::bootWeb(Object(Config\Paths))
10 SYSTEMPATH\rewrite.php(44): require_once('C:\\xampp\\htdocs\\SmartPlant_Care-main_CodeIgniter\\public\\index.php')
WARNING - 2026-05-28 00:10:50 --> [DEPRECATED] Passing lowercase HTTP method "post" is deprecated. Use uppercase HTTP method like "POST". in SYSTEMPATH\Router\RouteCollection.php on line 1026.
 1 SYSTEMPATH\Router\RouteCollection.php(1026): trigger_error('Passing lowercase HTTP method "post" is deprecated. Use uppercase HTTP method like "POST".', 16384)
 2 APPPATH\Config\Routes.php(11): CodeIgniter\Router\RouteCollection->match([...], 'views/(:alpha).php', 'Legacy::view/$1')
 3 SYSTEMPATH\Router\RouteCollection.php(339): require('C:\\xampp\\htdocs\\SmartPlant_Care-main_CodeIgniter\\app\\Config\\Routes.php')
 4 SYSTEMPATH\CodeIgniter.php(841): CodeIgniter\Router\RouteCollection->loadRoutes()
 5 SYSTEMPATH\CodeIgniter.php(464): CodeIgniter\CodeIgniter->tryToRouteIt(null)
 6 SYSTEMPATH\CodeIgniter.php(363): CodeIgniter\CodeIgniter->handleRequest(null, Object(Config\Cache), false)
 7 SYSTEMPATH\Boot.php(417): CodeIgniter\CodeIgniter->run()
 8 SYSTEMPATH\Boot.php(68): CodeIgniter\Boot::runCodeIgniter(Object(CodeIgniter\CodeIgniter))
 9 FCPATH\index.php(59): CodeIgniter\Boot::bootWeb(Object(Config\Paths))
10 SYSTEMPATH\rewrite.php(44): require_once('C:\\xampp\\htdocs\\SmartPlant_Care-main_CodeIgniter\\public\\index.php')
WARNING - 2026-05-28 00:10:50 --> [DEPRECATED] Passing lowercase HTTP method "get" is deprecated. Use uppercase HTTP method like "GET". in SYSTEMPATH\Router\RouteCollection.php on line 1026.
 1 SYSTEMPATH\Router\RouteCollection.php(1026): trigger_error('Passing lowercase HTTP method "get" is deprecated. Use uppercase HTTP method like "GET".', 16384)
 2 APPPATH\Config\Routes.php(12): CodeIgniter\Router\RouteCollection->match([...], 'controllers/(:segment).php', 'Legacy::controller/$1')
 3 SYSTEMPATH\Router\RouteCollection.php(339): require('C:\\xampp\\htdocs\\SmartPlant_Care-main_CodeIgniter\\app\\Config\\Routes.php')
 4 SYSTEMPATH\CodeIgniter.php(841): CodeIgniter\Router\RouteCollection->loadRoutes()
 5 SYSTEMPATH\CodeIgniter.php(464): CodeIgniter\CodeIgniter->tryToRouteIt(null)
 6 SYSTEMPATH\CodeIgniter.php(363): CodeIgniter\CodeIgniter->handleRequest(null, Object(Config\Cache), false)
 7 SYSTEMPATH\Boot.php(417): CodeIgniter\CodeIgniter->run()
 8 SYSTEMPATH\Boot.php(68): CodeIgniter\Boot::runCodeIgniter(Object(CodeIgniter\CodeIgniter))
 9 FCPATH\index.php(59): CodeIgniter\Boot::bootWeb(Object(Config\Paths))
10 SYSTEMPATH\rewrite.php(44): require_once('C:\\xampp\\htdocs\\SmartPlant_Care-main_CodeIgniter\\public\\index.php')
WARNING - 2026-05-28 00:10:50 --> [DEPRECATED] Passing lowercase HTTP method "post" is deprecated. Use uppercase HTTP method like "POST". in SYSTEMPATH\Router\RouteCollection.php on line 1026.
 1 SYSTEMPATH\Router\RouteCollection.php(1026): trigger_error('Passing lowercase HTTP method "post" is deprecated. Use uppercase HTTP method like "POST".', 16384)
 2 APPPATH\Config\Routes.php(12): CodeIgniter\Router\RouteCollection->match([...], 'controllers/(:segment).php', 'Legacy::controller/$1')
 3 SYSTEMPATH\Router\RouteCollection.php(339): require('C:\\xampp\\htdocs\\SmartPlant_Care-main_CodeIgniter\\app\\Config\\Routes.php')
 4 SYSTEMPATH\CodeIgniter.php(841): CodeIgniter\Router\RouteCollection->loadRoutes()
 5 SYSTEMPATH\CodeIgniter.php(464): CodeIgniter\CodeIgniter->tryToRouteIt(null)
 6 SYSTEMPATH\CodeIgniter.php(363): CodeIgniter\CodeIgniter->handleRequest(null, Object(Config\Cache), false)
 7 SYSTEMPATH\Boot.php(417): CodeIgniter\CodeIgniter->run()
 8 SYSTEMPATH\Boot.php(68): CodeIgniter\Boot::runCodeIgniter(Object(CodeIgniter\CodeIgniter))
 9 FCPATH\index.php(59): CodeIgniter\Boot::bootWeb(Object(Config\Paths))
10 SYSTEMPATH\rewrite.php(44): require_once('C:\\xampp\\htdocs\\SmartPlant_Care-main_CodeIgniter\\public\\index.php')
WARNING - 2026-05-28 00:10:50 --> [DEPRECATED] Passing lowercase HTTP method "get" is deprecated. Use uppercase HTTP method like "GET". in SYSTEMPATH\Router\RouteCollection.php on line 1026.
 1 SYSTEMPATH\Router\RouteCollection.php(1026): trigger_error('Passing lowercase HTTP method "get" is deprecated. Use uppercase HTTP method like "GET".', 16384)
 2 APPPATH\Config\Routes.php(13): CodeIgniter\Router\RouteCollection->match([...], 'SmartPlant_Care/views/(:alpha).php', 'Legacy::view/$1')
 3 SYSTEMPATH\Router\RouteCollection.php(339): require('C:\\xampp\\htdocs\\SmartPlant_Care-main_CodeIgniter\\app\\Config\\Routes.php')
 4 SYSTEMPATH\CodeIgniter.php(841): CodeIgniter\Router\RouteCollection->loadRoutes()
 5 SYSTEMPATH\CodeIgniter.php(464): CodeIgniter\CodeIgniter->tryToRouteIt(null)
 6 SYSTEMPATH\CodeIgniter.php(363): CodeIgniter\CodeIgniter->handleRequest(null, Object(Config\Cache), false)
 7 SYSTEMPATH\Boot.php(417): CodeIgniter\CodeIgniter->run()
 8 SYSTEMPATH\Boot.php(68): CodeIgniter\Boot::runCodeIgniter(Object(CodeIgniter\CodeIgniter))
 9 FCPATH\index.php(59): CodeIgniter\Boot::bootWeb(Object(Config\Paths))
10 SYSTEMPATH\rewrite.php(44): require_once('C:\\xampp\\htdocs\\SmartPlant_Care-main_CodeIgniter\\public\\index.php')
WARNING - 2026-05-28 00:10:50 --> [DEPRECATED] Passing lowercase HTTP method "post" is deprecated. Use uppercase HTTP method like "POST". in SYSTEMPATH\Router\RouteCollection.php on line 1026.
 1 SYSTEMPATH\Router\RouteCollection.php(1026): trigger_error('Passing lowercase HTTP method "post" is deprecated. Use uppercase HTTP method like "POST".', 16384)
 2 APPPATH\Config\Routes.php(13): CodeIgniter\Router\RouteCollection->match([...], 'SmartPlant_Care/views/(:alpha).php', 'Legacy::view/$1')
 3 SYSTEMPATH\Router\RouteCollection.php(339): require('C:\\xampp\\htdocs\\SmartPlant_Care-main_CodeIgniter\\app\\Config\\Routes.php')
 4 SYSTEMPATH\CodeIgniter.php(841): CodeIgniter\Router\RouteCollection->loadRoutes()
 5 SYSTEMPATH\CodeIgniter.php(464): CodeIgniter\CodeIgniter->tryToRouteIt(null)
 6 SYSTEMPATH\CodeIgniter.php(363): CodeIgniter\CodeIgniter->handleRequest(null, Object(Config\Cache), false)
 7 SYSTEMPATH\Boot.php(417): CodeIgniter\CodeIgniter->run()
 8 SYSTEMPATH\Boot.php(68): CodeIgniter\Boot::runCodeIgniter(Object(CodeIgniter\CodeIgniter))
 9 FCPATH\index.php(59): CodeIgniter\Boot::bootWeb(Object(Config\Paths))
10 SYSTEMPATH\rewrite.php(44): require_once('C:\\xampp\\htdocs\\SmartPlant_Care-main_CodeIgniter\\public\\index.php')
WARNING - 2026-05-28 00:10:50 --> [DEPRECATED] Passing lowercase HTTP method "get" is deprecated. Use uppercase HTTP method like "GET". in SYSTEMPATH\Router\RouteCollection.php on line 1026.
 1 SYSTEMPATH\Router\RouteCollection.php(1026): trigger_error('Passing lowercase HTTP method "get" is deprecated. Use uppercase HTTP method like "GET".', 16384)
 2 APPPATH\Config\Routes.php(14): CodeIgniter\Router\RouteCollection->match([...], 'SmartPlant_Care/controllers/(:segment).php', 'Legacy::controller/$1')
 3 SYSTEMPATH\Router\RouteCollection.php(339): require('C:\\xampp\\htdocs\\SmartPlant_Care-main_CodeIgniter\\app\\Config\\Routes.php')
 4 SYSTEMPATH\CodeIgniter.php(841): CodeIgniter\Router\RouteCollection->loadRoutes()
 5 SYSTEMPATH\CodeIgniter.php(464): CodeIgniter\CodeIgniter->tryToRouteIt(null)
 6 SYSTEMPATH\CodeIgniter.php(363): CodeIgniter\CodeIgniter->handleRequest(null, Object(Config\Cache), false)
 7 SYSTEMPATH\Boot.php(417): CodeIgniter\CodeIgniter->run()
 8 SYSTEMPATH\Boot.php(68): CodeIgniter\Boot::runCodeIgniter(Object(CodeIgniter\CodeIgniter))
 9 FCPATH\index.php(59): CodeIgniter\Boot::bootWeb(Object(Config\Paths))
10 SYSTEMPATH\rewrite.php(44): require_once('C:\\xampp\\htdocs\\SmartPlant_Care-main_CodeIgniter\\public\\index.php')
WARNING - 2026-05-28 00:10:50 --> [DEPRECATED] Passing lowercase HTTP method "post" is deprecated. Use uppercase HTTP method like "POST". in SYSTEMPATH\Router\RouteCollection.php on line 1026.
 1 SYSTEMPATH\Router\RouteCollection.php(1026): trigger_error('Passing lowercase HTTP method "post" is deprecated. Use uppercase HTTP method like "POST".', 16384)
 2 APPPATH\Config\Routes.php(14): CodeIgniter\Router\RouteCollection->match([...], 'SmartPlant_Care/controllers/(:segment).php', 'Legacy::controller/$1')
 3 SYSTEMPATH\Router\RouteCollection.php(339): require('C:\\xampp\\htdocs\\SmartPlant_Care-main_CodeIgniter\\app\\Config\\Routes.php')
 4 SYSTEMPATH\CodeIgniter.php(841): CodeIgniter\Router\RouteCollection->loadRoutes()
 5 SYSTEMPATH\CodeIgniter.php(464): CodeIgniter\CodeIgniter->tryToRouteIt(null)
 6 SYSTEMPATH\CodeIgniter.php(363): CodeIgniter\CodeIgniter->handleRequest(null, Object(Config\Cache), false)
 7 SYSTEMPATH\Boot.php(417): CodeIgniter\CodeIgniter->run()
 8 SYSTEMPATH\Boot.php(68): CodeIgniter\Boot::runCodeIgniter(Object(CodeIgniter\CodeIgniter))
 9 FCPATH\index.php(59): CodeIgniter\Boot::bootWeb(Object(Config\Paths))
10 SYSTEMPATH\rewrite.php(44): require_once('C:\\xampp\\htdocs\\SmartPlant_Care-main_CodeIgniter\\public\\index.php')
DEBUG - 2026-05-28 00:10:50 --> Session: Class initialized using 'CodeIgniter\Session\Handlers\FileHandler' driver.
WARNING - 2026-05-28 00:10:51 --> [DEPRECATED] Passing lowercase HTTP method "get" is deprecated. Use uppercase HTTP method like "GET". in SYSTEMPATH\Router\RouteCollection.php on line 1026.
 1 SYSTEMPATH\Router\RouteCollection.php(1026): trigger_error('Passing lowercase HTTP method "get" is deprecated. Use uppercase HTTP method like "GET".', 16384)
 2 APPPATH\Config\Routes.php(11): CodeIgniter\Router\RouteCollection->match([...], 'views/(:alpha).php', 'Legacy::view/$1')
 3 SYSTEMPATH\Router\RouteCollection.php(339): require('C:\\xampp\\htdocs\\SmartPlant_Care-main_CodeIgniter\\app\\Config\\Routes.php')
 4 SYSTEMPATH\CodeIgniter.php(841): CodeIgniter\Router\RouteCollection->loadRoutes()
 5 SYSTEMPATH\CodeIgniter.php(464): CodeIgniter\CodeIgniter->tryToRouteIt(null)
 6 SYSTEMPATH\CodeIgniter.php(363): CodeIgniter\CodeIgniter->handleRequest(null, Object(Config\Cache), false)
 7 SYSTEMPATH\Boot.php(417): CodeIgniter\CodeIgniter->run()
 8 SYSTEMPATH\Boot.php(68): CodeIgniter\Boot::runCodeIgniter(Object(CodeIgniter\CodeIgniter))
 9 FCPATH\index.php(59): CodeIgniter\Boot::bootWeb(Object(Config\Paths))
10 SYSTEMPATH\rewrite.php(44): require_once('C:\\xampp\\htdocs\\SmartPlant_Care-main_CodeIgniter\\public\\index.php')
WARNING - 2026-05-28 00:10:51 --> [DEPRECATED] Passing lowercase HTTP method "post" is deprecated. Use uppercase HTTP method like "POST". in SYSTEMPATH\Router\RouteCollection.php on line 1026.
 1 SYSTEMPATH\Router\RouteCollection.php(1026): trigger_error('Passing lowercase HTTP method "post" is deprecated. Use uppercase HTTP method like "POST".', 16384)
 2 APPPATH\Config\Routes.php(11): CodeIgniter\Router\RouteCollection->match([...], 'views/(:alpha).php', 'Legacy::view/$1')
 3 SYSTEMPATH\Router\RouteCollection.php(339): require('C:\\xampp\\htdocs\\SmartPlant_Care-main_CodeIgniter\\app\\Config\\Routes.php')
 4 SYSTEMPATH\CodeIgniter.php(841): CodeIgniter\Router\RouteCollection->loadRoutes()
 5 SYSTEMPATH\CodeIgniter.php(464): CodeIgniter\CodeIgniter->tryToRouteIt(null)
 6 SYSTEMPATH\CodeIgniter.php(363): CodeIgniter\CodeIgniter->handleRequest(null, Object(Config\Cache), false)
 7 SYSTEMPATH\Boot.php(417): CodeIgniter\CodeIgniter->run()
 8 SYSTEMPATH\Boot.php(68): CodeIgniter\Boot::runCodeIgniter(Object(CodeIgniter\CodeIgniter))
 9 FCPATH\index.php(59): CodeIgniter\Boot::bootWeb(Object(Config\Paths))
10 SYSTEMPATH\rewrite.php(44): require_once('C:\\xampp\\htdocs\\SmartPlant_Care-main_CodeIgniter\\public\\index.php')
WARNING - 2026-05-28 00:10:51 --> [DEPRECATED] Passing lowercase HTTP method "get" is deprecated. Use uppercase HTTP method like "GET". in SYSTEMPATH\Router\RouteCollection.php on line 1026.
 1 SYSTEMPATH\Router\RouteCollection.php(1026): trigger_error('Passing lowercase HTTP method "get" is deprecated. Use uppercase HTTP method like "GET".', 16384)
 2 APPPATH\Config\Routes.php(12): CodeIgniter\Router\RouteCollection->match([...], 'controllers/(:segment).php', 'Legacy::controller/$1')
 3 SYSTEMPATH\Router\RouteCollection.php(339): require('C:\\xampp\\htdocs\\SmartPlant_Care-main_CodeIgniter\\app\\Config\\Routes.php')
 4 SYSTEMPATH\CodeIgniter.php(841): CodeIgniter\Router\RouteCollection->loadRoutes()
 5 SYSTEMPATH\CodeIgniter.php(464): CodeIgniter\CodeIgniter->tryToRouteIt(null)
 6 SYSTEMPATH\CodeIgniter.php(363): CodeIgniter\CodeIgniter->handleRequest(null, Object(Config\Cache), false)
 7 SYSTEMPATH\Boot.php(417): CodeIgniter\CodeIgniter->run()
 8 SYSTEMPATH\Boot.php(68): CodeIgniter\Boot::runCodeIgniter(Object(CodeIgniter\CodeIgniter))
 9 FCPATH\index.php(59): CodeIgniter\Boot::bootWeb(Object(Config\Paths))
10 SYSTEMPATH\rewrite.php(44): require_once('C:\\xampp\\htdocs\\SmartPlant_Care-main_CodeIgniter\\public\\index.php')
WARNING - 2026-05-28 00:10:51 --> [DEPRECATED] Passing lowercase HTTP method "post" is deprecated. Use uppercase HTTP method like "POST". in SYSTEMPATH\Router\RouteCollection.php on line 1026.
 1 SYSTEMPATH\Router\RouteCollection.php(1026): trigger_error('Passing lowercase HTTP method "post" is deprecated. Use uppercase HTTP method like "POST".', 16384)
 2 APPPATH\Config\Routes.php(12): CodeIgniter\Router\RouteCollection->match([...], 'controllers/(:segment).php', 'Legacy::controller/$1')
 3 SYSTEMPATH\Router\RouteCollection.php(339): require('C:\\xampp\\htdocs\\SmartPlant_Care-main_CodeIgniter\\app\\Config\\Routes.php')
 4 SYSTEMPATH\CodeIgniter.php(841): CodeIgniter\Router\RouteCollection->loadRoutes()
 5 SYSTEMPATH\CodeIgniter.php(464): CodeIgniter\CodeIgniter->tryToRouteIt(null)
 6 SYSTEMPATH\CodeIgniter.php(363): CodeIgniter\CodeIgniter->handleRequest(null, Object(Config\Cache), false)
 7 SYSTEMPATH\Boot.php(417): CodeIgniter\CodeIgniter->run()
 8 SYSTEMPATH\Boot.php(68): CodeIgniter\Boot::runCodeIgniter(Object(CodeIgniter\CodeIgniter))
 9 FCPATH\index.php(59): CodeIgniter\Boot::bootWeb(Object(Config\Paths))
10 SYSTEMPATH\rewrite.php(44): require_once('C:\\xampp\\htdocs\\SmartPlant_Care-main_CodeIgniter\\public\\index.php')
WARNING - 2026-05-28 00:10:51 --> [DEPRECATED] Passing lowercase HTTP method "get" is deprecated. Use uppercase HTTP method like "GET". in SYSTEMPATH\Router\RouteCollection.php on line 1026.
 1 SYSTEMPATH\Router\RouteCollection.php(1026): trigger_error('Passing lowercase HTTP method "get" is deprecated. Use uppercase HTTP method like "GET".', 16384)
 2 APPPATH\Config\Routes.php(13): CodeIgniter\Router\RouteCollection->match([...], 'SmartPlant_Care/views/(:alpha).php', 'Legacy::view/$1')
 3 SYSTEMPATH\Router\RouteCollection.php(339): require('C:\\xampp\\htdocs\\SmartPlant_Care-main_CodeIgniter\\app\\Config\\Routes.php')
 4 SYSTEMPATH\CodeIgniter.php(841): CodeIgniter\Router\RouteCollection->loadRoutes()
 5 SYSTEMPATH\CodeIgniter.php(464): CodeIgniter\CodeIgniter->tryToRouteIt(null)
 6 SYSTEMPATH\CodeIgniter.php(363): CodeIgniter\CodeIgniter->handleRequest(null, Object(Config\Cache), false)
 7 SYSTEMPATH\Boot.php(417): CodeIgniter\CodeIgniter->run()
 8 SYSTEMPATH\Boot.php(68): CodeIgniter\Boot::runCodeIgniter(Object(CodeIgniter\CodeIgniter))
 9 FCPATH\index.php(59): CodeIgniter\Boot::bootWeb(Object(Config\Paths))
10 SYSTEMPATH\rewrite.php(44): require_once('C:\\xampp\\htdocs\\SmartPlant_Care-main_CodeIgniter\\public\\index.php')
WARNING - 2026-05-28 00:10:51 --> [DEPRECATED] Passing lowercase HTTP method "post" is deprecated. Use uppercase HTTP method like "POST". in SYSTEMPATH\Router\RouteCollection.php on line 1026.
 1 SYSTEMPATH\Router\RouteCollection.php(1026): trigger_error('Passing lowercase HTTP method "post" is deprecated. Use uppercase HTTP method like "POST".', 16384)
 2 APPPATH\Config\Routes.php(13): CodeIgniter\Router\RouteCollection->match([...], 'SmartPlant_Care/views/(:alpha).php', 'Legacy::view/$1')
 3 SYSTEMPATH\Router\RouteCollection.php(339): require('C:\\xampp\\htdocs\\SmartPlant_Care-main_CodeIgniter\\app\\Config\\Routes.php')
 4 SYSTEMPATH\CodeIgniter.php(841): CodeIgniter\Router\RouteCollection->loadRoutes()
 5 SYSTEMPATH\CodeIgniter.php(464): CodeIgniter\CodeIgniter->tryToRouteIt(null)
 6 SYSTEMPATH\CodeIgniter.php(363): CodeIgniter\CodeIgniter->handleRequest(null, Object(Config\Cache), false)
 7 SYSTEMPATH\Boot.php(417): CodeIgniter\CodeIgniter->run()
 8 SYSTEMPATH\Boot.php(68): CodeIgniter\Boot::runCodeIgniter(Object(CodeIgniter\CodeIgniter))
 9 FCPATH\index.php(59): CodeIgniter\Boot::bootWeb(Object(Config\Paths))
10 SYSTEMPATH\rewrite.php(44): require_once('C:\\xampp\\htdocs\\SmartPlant_Care-main_CodeIgniter\\public\\index.php')
WARNING - 2026-05-28 00:10:51 --> [DEPRECATED] Passing lowercase HTTP method "get" is deprecated. Use uppercase HTTP method like "GET". in SYSTEMPATH\Router\RouteCollection.php on line 1026.
 1 SYSTEMPATH\Router\RouteCollection.php(1026): trigger_error('Passing lowercase HTTP method "get" is deprecated. Use uppercase HTTP method like "GET".', 16384)
 2 APPPATH\Config\Routes.php(14): CodeIgniter\Router\RouteCollection->match([...], 'SmartPlant_Care/controllers/(:segment).php', 'Legacy::controller/$1')
 3 SYSTEMPATH\Router\RouteCollection.php(339): require('C:\\xampp\\htdocs\\SmartPlant_Care-main_CodeIgniter\\app\\Config\\Routes.php')
 4 SYSTEMPATH\CodeIgniter.php(841): CodeIgniter\Router\RouteCollection->loadRoutes()
 5 SYSTEMPATH\CodeIgniter.php(464): CodeIgniter\CodeIgniter->tryToRouteIt(null)
 6 SYSTEMPATH\CodeIgniter.php(363): CodeIgniter\CodeIgniter->handleRequest(null, Object(Config\Cache), false)
 7 SYSTEMPATH\Boot.php(417): CodeIgniter\CodeIgniter->run()
 8 SYSTEMPATH\Boot.php(68): CodeIgniter\Boot::runCodeIgniter(Object(CodeIgniter\CodeIgniter))
 9 FCPATH\index.php(59): CodeIgniter\Boot::bootWeb(Object(Config\Paths))
10 SYSTEMPATH\rewrite.php(44): require_once('C:\\xampp\\htdocs\\SmartPlant_Care-main_CodeIgniter\\public\\index.php')
WARNING - 2026-05-28 00:10:51 --> [DEPRECATED] Passing lowercase HTTP method "post" is deprecated. Use uppercase HTTP method like "POST". in SYSTEMPATH\Router\RouteCollection.php on line 1026.
 1 SYSTEMPATH\Router\RouteCollection.php(1026): trigger_error('Passing lowercase HTTP method "post" is deprecated. Use uppercase HTTP method like "POST".', 16384)
 2 APPPATH\Config\Routes.php(14): CodeIgniter\Router\RouteCollection->match([...], 'SmartPlant_Care/controllers/(:segment).php', 'Legacy::controller/$1')
 3 SYSTEMPATH\Router\RouteCollection.php(339): require('C:\\xampp\\htdocs\\SmartPlant_Care-main_CodeIgniter\\app\\Config\\Routes.php')
 4 SYSTEMPATH\CodeIgniter.php(841): CodeIgniter\Router\RouteCollection->loadRoutes()
 5 SYSTEMPATH\CodeIgniter.php(464): CodeIgniter\CodeIgniter->tryToRouteIt(null)
 6 SYSTEMPATH\CodeIgniter.php(363): CodeIgniter\CodeIgniter->handleRequest(null, Object(Config\Cache), false)
 7 SYSTEMPATH\Boot.php(417): CodeIgniter\CodeIgniter->run()
 8 SYSTEMPATH\Boot.php(68): CodeIgniter\Boot::runCodeIgniter(Object(CodeIgniter\CodeIgniter))
 9 FCPATH\index.php(59): CodeIgniter\Boot::bootWeb(Object(Config\Paths))
10 SYSTEMPATH\rewrite.php(44): require_once('C:\\xampp\\htdocs\\SmartPlant_Care-main_CodeIgniter\\public\\index.php')
DEBUG - 2026-05-28 00:10:51 --> Session: Class initialized using 'CodeIgniter\Session\Handlers\FileHandler' driver.
WARNING - 2026-05-28 00:10:59 --> [DEPRECATED] Passing lowercase HTTP method "get" is deprecated. Use uppercase HTTP method like "GET". in SYSTEMPATH\Router\RouteCollection.php on line 1026.
 1 SYSTEMPATH\Router\RouteCollection.php(1026): trigger_error('Passing lowercase HTTP method "get" is deprecated. Use uppercase HTTP method like "GET".', 16384)
 2 APPPATH\Config\Routes.php(11): CodeIgniter\Router\RouteCollection->match([...], 'views/(:alpha).php', 'Legacy::view/$1')
 3 SYSTEMPATH\Router\RouteCollection.php(339): require('C:\\xampp\\htdocs\\SmartPlant_Care-main_CodeIgniter\\app\\Config\\Routes.php')
 4 SYSTEMPATH\CodeIgniter.php(841): CodeIgniter\Router\RouteCollection->loadRoutes()
 5 SYSTEMPATH\CodeIgniter.php(464): CodeIgniter\CodeIgniter->tryToRouteIt(null)
 6 SYSTEMPATH\CodeIgniter.php(363): CodeIgniter\CodeIgniter->handleRequest(null, Object(Config\Cache), false)
 7 SYSTEMPATH\Boot.php(417): CodeIgniter\CodeIgniter->run()
 8 SYSTEMPATH\Boot.php(68): CodeIgniter\Boot::runCodeIgniter(Object(CodeIgniter\CodeIgniter))
 9 FCPATH\index.php(59): CodeIgniter\Boot::bootWeb(Object(Config\Paths))
10 SYSTEMPATH\rewrite.php(44): require_once('C:\\xampp\\htdocs\\SmartPlant_Care-main_CodeIgniter\\public\\index.php')
WARNING - 2026-05-28 00:10:59 --> [DEPRECATED] Passing lowercase HTTP method "post" is deprecated. Use uppercase HTTP method like "POST". in SYSTEMPATH\Router\RouteCollection.php on line 1026.
 1 SYSTEMPATH\Router\RouteCollection.php(1026): trigger_error('Passing lowercase HTTP method "post" is deprecated. Use uppercase HTTP method like "POST".', 16384)
 2 APPPATH\Config\Routes.php(11): CodeIgniter\Router\RouteCollection->match([...], 'views/(:alpha).php', 'Legacy::view/$1')
 3 SYSTEMPATH\Router\RouteCollection.php(339): require('C:\\xampp\\htdocs\\SmartPlant_Care-main_CodeIgniter\\app\\Config\\Routes.php')
 4 SYSTEMPATH\CodeIgniter.php(841): CodeIgniter\Router\RouteCollection->loadRoutes()
 5 SYSTEMPATH\CodeIgniter.php(464): CodeIgniter\CodeIgniter->tryToRouteIt(null)
 6 SYSTEMPATH\CodeIgniter.php(363): CodeIgniter\CodeIgniter->handleRequest(null, Object(Config\Cache), false)
 7 SYSTEMPATH\Boot.php(417): CodeIgniter\CodeIgniter->run()
 8 SYSTEMPATH\Boot.php(68): CodeIgniter\Boot::runCodeIgniter(Object(CodeIgniter\CodeIgniter))
 9 FCPATH\index.php(59): CodeIgniter\Boot::bootWeb(Object(Config\Paths))
10 SYSTEMPATH\rewrite.php(44): require_once('C:\\xampp\\htdocs\\SmartPlant_Care-main_CodeIgniter\\public\\index.php')
WARNING - 2026-05-28 00:10:59 --> [DEPRECATED] Passing lowercase HTTP method "get" is deprecated. Use uppercase HTTP method like "GET". in SYSTEMPATH\Router\RouteCollection.php on line 1026.
 1 SYSTEMPATH\Router\RouteCollection.php(1026): trigger_error('Passing lowercase HTTP method "get" is deprecated. Use uppercase HTTP method like "GET".', 16384)
 2 APPPATH\Config\Routes.php(12): CodeIgniter\Router\RouteCollection->match([...], 'controllers/(:segment).php', 'Legacy::controller/$1')
 3 SYSTEMPATH\Router\RouteCollection.php(339): require('C:\\xampp\\htdocs\\SmartPlant_Care-main_CodeIgniter\\app\\Config\\Routes.php')
 4 SYSTEMPATH\CodeIgniter.php(841): CodeIgniter\Router\RouteCollection->loadRoutes()
 5 SYSTEMPATH\CodeIgniter.php(464): CodeIgniter\CodeIgniter->tryToRouteIt(null)
 6 SYSTEMPATH\CodeIgniter.php(363): CodeIgniter\CodeIgniter->handleRequest(null, Object(Config\Cache), false)
 7 SYSTEMPATH\Boot.php(417): CodeIgniter\CodeIgniter->run()
 8 SYSTEMPATH\Boot.php(68): CodeIgniter\Boot::runCodeIgniter(Object(CodeIgniter\CodeIgniter))
 9 FCPATH\index.php(59): CodeIgniter\Boot::bootWeb(Object(Config\Paths))
10 SYSTEMPATH\rewrite.php(44): require_once('C:\\xampp\\htdocs\\SmartPlant_Care-main_CodeIgniter\\public\\index.php')
WARNING - 2026-05-28 00:10:59 --> [DEPRECATED] Passing lowercase HTTP method "post" is deprecated. Use uppercase HTTP method like "POST". in SYSTEMPATH\Router\RouteCollection.php on line 1026.
 1 SYSTEMPATH\Router\RouteCollection.php(1026): trigger_error('Passing lowercase HTTP method "post" is deprecated. Use uppercase HTTP method like "POST".', 16384)
 2 APPPATH\Config\Routes.php(12): CodeIgniter\Router\RouteCollection->match([...], 'controllers/(:segment).php', 'Legacy::controller/$1')
 3 SYSTEMPATH\Router\RouteCollection.php(339): require('C:\\xampp\\htdocs\\SmartPlant_Care-main_CodeIgniter\\app\\Config\\Routes.php')
 4 SYSTEMPATH\CodeIgniter.php(841): CodeIgniter\Router\RouteCollection->loadRoutes()
 5 SYSTEMPATH\CodeIgniter.php(464): CodeIgniter\CodeIgniter->tryToRouteIt(null)
 6 SYSTEMPATH\CodeIgniter.php(363): CodeIgniter\CodeIgniter->handleRequest(null, Object(Config\Cache), false)
 7 SYSTEMPATH\Boot.php(417): CodeIgniter\CodeIgniter->run()
 8 SYSTEMPATH\Boot.php(68): CodeIgniter\Boot::runCodeIgniter(Object(CodeIgniter\CodeIgniter))
 9 FCPATH\index.php(59): CodeIgniter\Boot::bootWeb(Object(Config\Paths))
10 SYSTEMPATH\rewrite.php(44): require_once('C:\\xampp\\htdocs\\SmartPlant_Care-main_CodeIgniter\\public\\index.php')
WARNING - 2026-05-28 00:10:59 --> [DEPRECATED] Passing lowercase HTTP method "get" is deprecated. Use uppercase HTTP method like "GET". in SYSTEMPATH\Router\RouteCollection.php on line 1026.
 1 SYSTEMPATH\Router\RouteCollection.php(1026): trigger_error('Passing lowercase HTTP method "get" is deprecated. Use uppercase HTTP method like "GET".', 16384)
 2 APPPATH\Config\Routes.php(13): CodeIgniter\Router\RouteCollection->match([...], 'SmartPlant_Care/views/(:alpha).php', 'Legacy::view/$1')
 3 SYSTEMPATH\Router\RouteCollection.php(339): require('C:\\xampp\\htdocs\\SmartPlant_Care-main_CodeIgniter\\app\\Config\\Routes.php')
 4 SYSTEMPATH\CodeIgniter.php(841): CodeIgniter\Router\RouteCollection->loadRoutes()
 5 SYSTEMPATH\CodeIgniter.php(464): CodeIgniter\CodeIgniter->tryToRouteIt(null)
 6 SYSTEMPATH\CodeIgniter.php(363): CodeIgniter\CodeIgniter->handleRequest(null, Object(Config\Cache), false)
 7 SYSTEMPATH\Boot.php(417): CodeIgniter\CodeIgniter->run()
 8 SYSTEMPATH\Boot.php(68): CodeIgniter\Boot::runCodeIgniter(Object(CodeIgniter\CodeIgniter))
 9 FCPATH\index.php(59): CodeIgniter\Boot::bootWeb(Object(Config\Paths))
10 SYSTEMPATH\rewrite.php(44): require_once('C:\\xampp\\htdocs\\SmartPlant_Care-main_CodeIgniter\\public\\index.php')
WARNING - 2026-05-28 00:10:59 --> [DEPRECATED] Passing lowercase HTTP method "post" is deprecated. Use uppercase HTTP method like "POST". in SYSTEMPATH\Router\RouteCollection.php on line 1026.
 1 SYSTEMPATH\Router\RouteCollection.php(1026): trigger_error('Passing lowercase HTTP method "post" is deprecated. Use uppercase HTTP method like "POST".', 16384)
 2 APPPATH\Config\Routes.php(13): CodeIgniter\Router\RouteCollection->match([...], 'SmartPlant_Care/views/(:alpha).php', 'Legacy::view/$1')
 3 SYSTEMPATH\Router\RouteCollection.php(339): require('C:\\xampp\\htdocs\\SmartPlant_Care-main_CodeIgniter\\app\\Config\\Routes.php')
 4 SYSTEMPATH\CodeIgniter.php(841): CodeIgniter\Router\RouteCollection->loadRoutes()
 5 SYSTEMPATH\CodeIgniter.php(464): CodeIgniter\CodeIgniter->tryToRouteIt(null)
 6 SYSTEMPATH\CodeIgniter.php(363): CodeIgniter\CodeIgniter->handleRequest(null, Object(Config\Cache), false)
 7 SYSTEMPATH\Boot.php(417): CodeIgniter\CodeIgniter->run()
 8 SYSTEMPATH\Boot.php(68): CodeIgniter\Boot::runCodeIgniter(Object(CodeIgniter\CodeIgniter))
 9 FCPATH\index.php(59): CodeIgniter\Boot::bootWeb(Object(Config\Paths))
10 SYSTEMPATH\rewrite.php(44): require_once('C:\\xampp\\htdocs\\SmartPlant_Care-main_CodeIgniter\\public\\index.php')
WARNING - 2026-05-28 00:10:59 --> [DEPRECATED] Passing lowercase HTTP method "get" is deprecated. Use uppercase HTTP method like "GET". in SYSTEMPATH\Router\RouteCollection.php on line 1026.
 1 SYSTEMPATH\Router\RouteCollection.php(1026): trigger_error('Passing lowercase HTTP method "get" is deprecated. Use uppercase HTTP method like "GET".', 16384)
 2 APPPATH\Config\Routes.php(14): CodeIgniter\Router\RouteCollection->match([...], 'SmartPlant_Care/controllers/(:segment).php', 'Legacy::controller/$1')
 3 SYSTEMPATH\Router\RouteCollection.php(339): require('C:\\xampp\\htdocs\\SmartPlant_Care-main_CodeIgniter\\app\\Config\\Routes.php')
 4 SYSTEMPATH\CodeIgniter.php(841): CodeIgniter\Router\RouteCollection->loadRoutes()
 5 SYSTEMPATH\CodeIgniter.php(464): CodeIgniter\CodeIgniter->tryToRouteIt(null)
 6 SYSTEMPATH\CodeIgniter.php(363): CodeIgniter\CodeIgniter->handleRequest(null, Object(Config\Cache), false)
 7 SYSTEMPATH\Boot.php(417): CodeIgniter\CodeIgniter->run()
 8 SYSTEMPATH\Boot.php(68): CodeIgniter\Boot::runCodeIgniter(Object(CodeIgniter\CodeIgniter))
 9 FCPATH\index.php(59): CodeIgniter\Boot::bootWeb(Object(Config\Paths))
10 SYSTEMPATH\rewrite.php(44): require_once('C:\\xampp\\htdocs\\SmartPlant_Care-main_CodeIgniter\\public\\index.php')
WARNING - 2026-05-28 00:10:59 --> [DEPRECATED] Passing lowercase HTTP method "post" is deprecated. Use uppercase HTTP method like "POST". in SYSTEMPATH\Router\RouteCollection.php on line 1026.
 1 SYSTEMPATH\Router\RouteCollection.php(1026): trigger_error('Passing lowercase HTTP method "post" is deprecated. Use uppercase HTTP method like "POST".', 16384)
 2 APPPATH\Config\Routes.php(14): CodeIgniter\Router\RouteCollection->match([...], 'SmartPlant_Care/controllers/(:segment).php', 'Legacy::controller/$1')
 3 SYSTEMPATH\Router\RouteCollection.php(339): require('C:\\xampp\\htdocs\\SmartPlant_Care-main_CodeIgniter\\app\\Config\\Routes.php')
 4 SYSTEMPATH\CodeIgniter.php(841): CodeIgniter\Router\RouteCollection->loadRoutes()
 5 SYSTEMPATH\CodeIgniter.php(464): CodeIgniter\CodeIgniter->tryToRouteIt(null)
 6 SYSTEMPATH\CodeIgniter.php(363): CodeIgniter\CodeIgniter->handleRequest(null, Object(Config\Cache), false)
 7 SYSTEMPATH\Boot.php(417): CodeIgniter\CodeIgniter->run()
 8 SYSTEMPATH\Boot.php(68): CodeIgniter\Boot::runCodeIgniter(Object(CodeIgniter\CodeIgniter))
 9 FCPATH\index.php(59): CodeIgniter\Boot::bootWeb(Object(Config\Paths))
10 SYSTEMPATH\rewrite.php(44): require_once('C:\\xampp\\htdocs\\SmartPlant_Care-main_CodeIgniter\\public\\index.php')
DEBUG - 2026-05-28 00:10:59 --> Session: Class initialized using 'CodeIgniter\Session\Handlers\FileHandler' driver.
WARNING - 2026-05-28 00:10:59 --> [DEPRECATED] Passing lowercase HTTP method "get" is deprecated. Use uppercase HTTP method like "GET". in SYSTEMPATH\Router\RouteCollection.php on line 1026.
 1 SYSTEMPATH\Router\RouteCollection.php(1026): trigger_error('Passing lowercase HTTP method "get" is deprecated. Use uppercase HTTP method like "GET".', 16384)
 2 APPPATH\Config\Routes.php(11): CodeIgniter\Router\RouteCollection->match([...], 'views/(:alpha).php', 'Legacy::view/$1')
 3 SYSTEMPATH\Router\RouteCollection.php(339): require('C:\\xampp\\htdocs\\SmartPlant_Care-main_CodeIgniter\\app\\Config\\Routes.php')
 4 SYSTEMPATH\CodeIgniter.php(841): CodeIgniter\Router\RouteCollection->loadRoutes()
 5 SYSTEMPATH\CodeIgniter.php(464): CodeIgniter\CodeIgniter->tryToRouteIt(null)
 6 SYSTEMPATH\CodeIgniter.php(363): CodeIgniter\CodeIgniter->handleRequest(null, Object(Config\Cache), false)
 7 SYSTEMPATH\Boot.php(417): CodeIgniter\CodeIgniter->run()
 8 SYSTEMPATH\Boot.php(68): CodeIgniter\Boot::runCodeIgniter(Object(CodeIgniter\CodeIgniter))
 9 FCPATH\index.php(59): CodeIgniter\Boot::bootWeb(Object(Config\Paths))
10 SYSTEMPATH\rewrite.php(44): require_once('C:\\xampp\\htdocs\\SmartPlant_Care-main_CodeIgniter\\public\\index.php')
WARNING - 2026-05-28 00:10:59 --> [DEPRECATED] Passing lowercase HTTP method "post" is deprecated. Use uppercase HTTP method like "POST". in SYSTEMPATH\Router\RouteCollection.php on line 1026.
 1 SYSTEMPATH\Router\RouteCollection.php(1026): trigger_error('Passing lowercase HTTP method "post" is deprecated. Use uppercase HTTP method like "POST".', 16384)
 2 APPPATH\Config\Routes.php(11): CodeIgniter\Router\RouteCollection->match([...], 'views/(:alpha).php', 'Legacy::view/$1')
 3 SYSTEMPATH\Router\RouteCollection.php(339): require('C:\\xampp\\htdocs\\SmartPlant_Care-main_CodeIgniter\\app\\Config\\Routes.php')
 4 SYSTEMPATH\CodeIgniter.php(841): CodeIgniter\Router\RouteCollection->loadRoutes()
 5 SYSTEMPATH\CodeIgniter.php(464): CodeIgniter\CodeIgniter->tryToRouteIt(null)
 6 SYSTEMPATH\CodeIgniter.php(363): CodeIgniter\CodeIgniter->handleRequest(null, Object(Config\Cache), false)
 7 SYSTEMPATH\Boot.php(417): CodeIgniter\CodeIgniter->run()
 8 SYSTEMPATH\Boot.php(68): CodeIgniter\Boot::runCodeIgniter(Object(CodeIgniter\CodeIgniter))
 9 FCPATH\index.php(59): CodeIgniter\Boot::bootWeb(Object(Config\Paths))
10 SYSTEMPATH\rewrite.php(44): require_once('C:\\xampp\\htdocs\\SmartPlant_Care-main_CodeIgniter\\public\\index.php')
WARNING - 2026-05-28 00:10:59 --> [DEPRECATED] Passing lowercase HTTP method "get" is deprecated. Use uppercase HTTP method like "GET". in SYSTEMPATH\Router\RouteCollection.php on line 1026.
 1 SYSTEMPATH\Router\RouteCollection.php(1026): trigger_error('Passing lowercase HTTP method "get" is deprecated. Use uppercase HTTP method like "GET".', 16384)
 2 APPPATH\Config\Routes.php(12): CodeIgniter\Router\RouteCollection->match([...], 'controllers/(:segment).php', 'Legacy::controller/$1')
 3 SYSTEMPATH\Router\RouteCollection.php(339): require('C:\\xampp\\htdocs\\SmartPlant_Care-main_CodeIgniter\\app\\Config\\Routes.php')
 4 SYSTEMPATH\CodeIgniter.php(841): CodeIgniter\Router\RouteCollection->loadRoutes()
 5 SYSTEMPATH\CodeIgniter.php(464): CodeIgniter\CodeIgniter->tryToRouteIt(null)
 6 SYSTEMPATH\CodeIgniter.php(363): CodeIgniter\CodeIgniter->handleRequest(null, Object(Config\Cache), false)
 7 SYSTEMPATH\Boot.php(417): CodeIgniter\CodeIgniter->run()
 8 SYSTEMPATH\Boot.php(68): CodeIgniter\Boot::runCodeIgniter(Object(CodeIgniter\CodeIgniter))
 9 FCPATH\index.php(59): CodeIgniter\Boot::bootWeb(Object(Config\Paths))
10 SYSTEMPATH\rewrite.php(44): require_once('C:\\xampp\\htdocs\\SmartPlant_Care-main_CodeIgniter\\public\\index.php')
WARNING - 2026-05-28 00:10:59 --> [DEPRECATED] Passing lowercase HTTP method "post" is deprecated. Use uppercase HTTP method like "POST". in SYSTEMPATH\Router\RouteCollection.php on line 1026.
 1 SYSTEMPATH\Router\RouteCollection.php(1026): trigger_error('Passing lowercase HTTP method "post" is deprecated. Use uppercase HTTP method like "POST".', 16384)
 2 APPPATH\Config\Routes.php(12): CodeIgniter\Router\RouteCollection->match([...], 'controllers/(:segment).php', 'Legacy::controller/$1')
 3 SYSTEMPATH\Router\RouteCollection.php(339): require('C:\\xampp\\htdocs\\SmartPlant_Care-main_CodeIgniter\\app\\Config\\Routes.php')
 4 SYSTEMPATH\CodeIgniter.php(841): CodeIgniter\Router\RouteCollection->loadRoutes()
 5 SYSTEMPATH\CodeIgniter.php(464): CodeIgniter\CodeIgniter->tryToRouteIt(null)
 6 SYSTEMPATH\CodeIgniter.php(363): CodeIgniter\CodeIgniter->handleRequest(null, Object(Config\Cache), false)
 7 SYSTEMPATH\Boot.php(417): CodeIgniter\CodeIgniter->run()
 8 SYSTEMPATH\Boot.php(68): CodeIgniter\Boot::runCodeIgniter(Object(CodeIgniter\CodeIgniter))
 9 FCPATH\index.php(59): CodeIgniter\Boot::bootWeb(Object(Config\Paths))
10 SYSTEMPATH\rewrite.php(44): require_once('C:\\xampp\\htdocs\\SmartPlant_Care-main_CodeIgniter\\public\\index.php')
WARNING - 2026-05-28 00:10:59 --> [DEPRECATED] Passing lowercase HTTP method "get" is deprecated. Use uppercase HTTP method like "GET". in SYSTEMPATH\Router\RouteCollection.php on line 1026.
 1 SYSTEMPATH\Router\RouteCollection.php(1026): trigger_error('Passing lowercase HTTP method "get" is deprecated. Use uppercase HTTP method like "GET".', 16384)
 2 APPPATH\Config\Routes.php(13): CodeIgniter\Router\RouteCollection->match([...], 'SmartPlant_Care/views/(:alpha).php', 'Legacy::view/$1')
 3 SYSTEMPATH\Router\RouteCollection.php(339): require('C:\\xampp\\htdocs\\SmartPlant_Care-main_CodeIgniter\\app\\Config\\Routes.php')
 4 SYSTEMPATH\CodeIgniter.php(841): CodeIgniter\Router\RouteCollection->loadRoutes()
 5 SYSTEMPATH\CodeIgniter.php(464): CodeIgniter\CodeIgniter->tryToRouteIt(null)
 6 SYSTEMPATH\CodeIgniter.php(363): CodeIgniter\CodeIgniter->handleRequest(null, Object(Config\Cache), false)
 7 SYSTEMPATH\Boot.php(417): CodeIgniter\CodeIgniter->run()
 8 SYSTEMPATH\Boot.php(68): CodeIgniter\Boot::runCodeIgniter(Object(CodeIgniter\CodeIgniter))
 9 FCPATH\index.php(59): CodeIgniter\Boot::bootWeb(Object(Config\Paths))
10 SYSTEMPATH\rewrite.php(44): require_once('C:\\xampp\\htdocs\\SmartPlant_Care-main_CodeIgniter\\public\\index.php')
WARNING - 2026-05-28 00:10:59 --> [DEPRECATED] Passing lowercase HTTP method "post" is deprecated. Use uppercase HTTP method like "POST". in SYSTEMPATH\Router\RouteCollection.php on line 1026.
 1 SYSTEMPATH\Router\RouteCollection.php(1026): trigger_error('Passing lowercase HTTP method "post" is deprecated. Use uppercase HTTP method like "POST".', 16384)
 2 APPPATH\Config\Routes.php(13): CodeIgniter\Router\RouteCollection->match([...], 'SmartPlant_Care/views/(:alpha).php', 'Legacy::view/$1')
 3 SYSTEMPATH\Router\RouteCollection.php(339): require('C:\\xampp\\htdocs\\SmartPlant_Care-main_CodeIgniter\\app\\Config\\Routes.php')
 4 SYSTEMPATH\CodeIgniter.php(841): CodeIgniter\Router\RouteCollection->loadRoutes()
 5 SYSTEMPATH\CodeIgniter.php(464): CodeIgniter\CodeIgniter->tryToRouteIt(null)
 6 SYSTEMPATH\CodeIgniter.php(363): CodeIgniter\CodeIgniter->handleRequest(null, Object(Config\Cache), false)
 7 SYSTEMPATH\Boot.php(417): CodeIgniter\CodeIgniter->run()
 8 SYSTEMPATH\Boot.php(68): CodeIgniter\Boot::runCodeIgniter(Object(CodeIgniter\CodeIgniter))
 9 FCPATH\index.php(59): CodeIgniter\Boot::bootWeb(Object(Config\Paths))
10 SYSTEMPATH\rewrite.php(44): require_once('C:\\xampp\\htdocs\\SmartPlant_Care-main_CodeIgniter\\public\\index.php')
WARNING - 2026-05-28 00:10:59 --> [DEPRECATED] Passing lowercase HTTP method "get" is deprecated. Use uppercase HTTP method like "GET". in SYSTEMPATH\Router\RouteCollection.php on line 1026.
 1 SYSTEMPATH\Router\RouteCollection.php(1026): trigger_error('Passing lowercase HTTP method "get" is deprecated. Use uppercase HTTP method like "GET".', 16384)
 2 APPPATH\Config\Routes.php(14): CodeIgniter\Router\RouteCollection->match([...], 'SmartPlant_Care/controllers/(:segment).php', 'Legacy::controller/$1')
 3 SYSTEMPATH\Router\RouteCollection.php(339): require('C:\\xampp\\htdocs\\SmartPlant_Care-main_CodeIgniter\\app\\Config\\Routes.php')
 4 SYSTEMPATH\CodeIgniter.php(841): CodeIgniter\Router\RouteCollection->loadRoutes()
 5 SYSTEMPATH\CodeIgniter.php(464): CodeIgniter\CodeIgniter->tryToRouteIt(null)
 6 SYSTEMPATH\CodeIgniter.php(363): CodeIgniter\CodeIgniter->handleRequest(null, Object(Config\Cache), false)
 7 SYSTEMPATH\Boot.php(417): CodeIgniter\CodeIgniter->run()
 8 SYSTEMPATH\Boot.php(68): CodeIgniter\Boot::runCodeIgniter(Object(CodeIgniter\CodeIgniter))
 9 FCPATH\index.php(59): CodeIgniter\Boot::bootWeb(Object(Config\Paths))
10 SYSTEMPATH\rewrite.php(44): require_once('C:\\xampp\\htdocs\\SmartPlant_Care-main_CodeIgniter\\public\\index.php')
WARNING - 2026-05-28 00:10:59 --> [DEPRECATED] Passing lowercase HTTP method "post" is deprecated. Use uppercase HTTP method like "POST". in SYSTEMPATH\Router\RouteCollection.php on line 1026.
 1 SYSTEMPATH\Router\RouteCollection.php(1026): trigger_error('Passing lowercase HTTP method "post" is deprecated. Use uppercase HTTP method like "POST".', 16384)
 2 APPPATH\Config\Routes.php(14): CodeIgniter\Router\RouteCollection->match([...], 'SmartPlant_Care/controllers/(:segment).php', 'Legacy::controller/$1')
 3 SYSTEMPATH\Router\RouteCollection.php(339): require('C:\\xampp\\htdocs\\SmartPlant_Care-main_CodeIgniter\\app\\Config\\Routes.php')
 4 SYSTEMPATH\CodeIgniter.php(841): CodeIgniter\Router\RouteCollection->loadRoutes()
 5 SYSTEMPATH\CodeIgniter.php(464): CodeIgniter\CodeIgniter->tryToRouteIt(null)
 6 SYSTEMPATH\CodeIgniter.php(363): CodeIgniter\CodeIgniter->handleRequest(null, Object(Config\Cache), false)
 7 SYSTEMPATH\Boot.php(417): CodeIgniter\CodeIgniter->run()
 8 SYSTEMPATH\Boot.php(68): CodeIgniter\Boot::runCodeIgniter(Object(CodeIgniter\CodeIgniter))
 9 FCPATH\index.php(59): CodeIgniter\Boot::bootWeb(Object(Config\Paths))
10 SYSTEMPATH\rewrite.php(44): require_once('C:\\xampp\\htdocs\\SmartPlant_Care-main_CodeIgniter\\public\\index.php')
DEBUG - 2026-05-28 00:10:59 --> Session: Class initialized using 'CodeIgniter\Session\Handlers\FileHandler' driver.
WARNING - 2026-05-28 11:08:58 --> [DEPRECATED] Passing lowercase HTTP method "get" is deprecated. Use uppercase HTTP method like "GET". in SYSTEMPATH\Router\RouteCollection.php on line 1026.
 1 SYSTEMPATH\Router\RouteCollection.php(1026): trigger_error('Passing lowercase HTTP method "get" is deprecated. Use uppercase HTTP method like "GET".', 16384)
 2 APPPATH\Config\Routes.php(11): CodeIgniter\Router\RouteCollection->match([...], 'views/(:alpha).php', 'Legacy::view/$1')
 3 SYSTEMPATH\Router\RouteCollection.php(339): require('C:\\xampp\\htdocs\\SmartPlant_Care-main_CodeIgniter\\app\\Config\\Routes.php')
 4 SYSTEMPATH\CLI\Console.php(41): CodeIgniter\Router\RouteCollection->loadRoutes()
 5 SYSTEMPATH\Boot.php(442): CodeIgniter\CLI\Console->run()
 6 SYSTEMPATH\Boot.php(166): CodeIgniter\Boot::runCommand(Object(CodeIgniter\CLI\Console))
 7 ROOTPATH\spark(87): CodeIgniter\Boot::bootSpark(Object(Config\Paths))
WARNING - 2026-05-28 11:08:58 --> [DEPRECATED] Passing lowercase HTTP method "post" is deprecated. Use uppercase HTTP method like "POST". in SYSTEMPATH\Router\RouteCollection.php on line 1026.
 1 SYSTEMPATH\Router\RouteCollection.php(1026): trigger_error('Passing lowercase HTTP method "post" is deprecated. Use uppercase HTTP method like "POST".', 16384)
 2 APPPATH\Config\Routes.php(11): CodeIgniter\Router\RouteCollection->match([...], 'views/(:alpha).php', 'Legacy::view/$1')
 3 SYSTEMPATH\Router\RouteCollection.php(339): require('C:\\xampp\\htdocs\\SmartPlant_Care-main_CodeIgniter\\app\\Config\\Routes.php')
 4 SYSTEMPATH\CLI\Console.php(41): CodeIgniter\Router\RouteCollection->loadRoutes()
 5 SYSTEMPATH\Boot.php(442): CodeIgniter\CLI\Console->run()
 6 SYSTEMPATH\Boot.php(166): CodeIgniter\Boot::runCommand(Object(CodeIgniter\CLI\Console))
 7 ROOTPATH\spark(87): CodeIgniter\Boot::bootSpark(Object(Config\Paths))
WARNING - 2026-05-28 11:08:58 --> [DEPRECATED] Passing lowercase HTTP method "get" is deprecated. Use uppercase HTTP method like "GET". in SYSTEMPATH\Router\RouteCollection.php on line 1026.
 1 SYSTEMPATH\Router\RouteCollection.php(1026): trigger_error('Passing lowercase HTTP method "get" is deprecated. Use uppercase HTTP method like "GET".', 16384)
 2 APPPATH\Config\Routes.php(12): CodeIgniter\Router\RouteCollection->match([...], 'controllers/(:segment).php', 'Legacy::controller/$1')
 3 SYSTEMPATH\Router\RouteCollection.php(339): require('C:\\xampp\\htdocs\\SmartPlant_Care-main_CodeIgniter\\app\\Config\\Routes.php')
 4 SYSTEMPATH\CLI\Console.php(41): CodeIgniter\Router\RouteCollection->loadRoutes()
 5 SYSTEMPATH\Boot.php(442): CodeIgniter\CLI\Console->run()
 6 SYSTEMPATH\Boot.php(166): CodeIgniter\Boot::runCommand(Object(CodeIgniter\CLI\Console))
 7 ROOTPATH\spark(87): CodeIgniter\Boot::bootSpark(Object(Config\Paths))
WARNING - 2026-05-28 11:08:58 --> [DEPRECATED] Passing lowercase HTTP method "post" is deprecated. Use uppercase HTTP method like "POST". in SYSTEMPATH\Router\RouteCollection.php on line 1026.
 1 SYSTEMPATH\Router\RouteCollection.php(1026): trigger_error('Passing lowercase HTTP method "post" is deprecated. Use uppercase HTTP method like "POST".', 16384)
 2 APPPATH\Config\Routes.php(12): CodeIgniter\Router\RouteCollection->match([...], 'controllers/(:segment).php', 'Legacy::controller/$1')
 3 SYSTEMPATH\Router\RouteCollection.php(339): require('C:\\xampp\\htdocs\\SmartPlant_Care-main_CodeIgniter\\app\\Config\\Routes.php')
 4 SYSTEMPATH\CLI\Console.php(41): CodeIgniter\Router\RouteCollection->loadRoutes()
 5 SYSTEMPATH\Boot.php(442): CodeIgniter\CLI\Console->run()
 6 SYSTEMPATH\Boot.php(166): CodeIgniter\Boot::runCommand(Object(CodeIgniter\CLI\Console))
 7 ROOTPATH\spark(87): CodeIgniter\Boot::bootSpark(Object(Config\Paths))
WARNING - 2026-05-28 11:08:58 --> [DEPRECATED] Passing lowercase HTTP method "get" is deprecated. Use uppercase HTTP method like "GET". in SYSTEMPATH\Router\RouteCollection.php on line 1026.
 1 SYSTEMPATH\Router\RouteCollection.php(1026): trigger_error('Passing lowercase HTTP method "get" is deprecated. Use uppercase HTTP method like "GET".', 16384)
 2 APPPATH\Config\Routes.php(13): CodeIgniter\Router\RouteCollection->match([...], 'SmartPlant_Care/views/(:alpha).php', 'Legacy::view/$1')
 3 SYSTEMPATH\Router\RouteCollection.php(339): require('C:\\xampp\\htdocs\\SmartPlant_Care-main_CodeIgniter\\app\\Config\\Routes.php')
 4 SYSTEMPATH\CLI\Console.php(41): CodeIgniter\Router\RouteCollection->loadRoutes()
 5 SYSTEMPATH\Boot.php(442): CodeIgniter\CLI\Console->run()
 6 SYSTEMPATH\Boot.php(166): CodeIgniter\Boot::runCommand(Object(CodeIgniter\CLI\Console))
 7 ROOTPATH\spark(87): CodeIgniter\Boot::bootSpark(Object(Config\Paths))
WARNING - 2026-05-28 11:08:58 --> [DEPRECATED] Passing lowercase HTTP method "post" is deprecated. Use uppercase HTTP method like "POST". in SYSTEMPATH\Router\RouteCollection.php on line 1026.
 1 SYSTEMPATH\Router\RouteCollection.php(1026): trigger_error('Passing lowercase HTTP method "post" is deprecated. Use uppercase HTTP method like "POST".', 16384)
 2 APPPATH\Config\Routes.php(13): CodeIgniter\Router\RouteCollection->match([...], 'SmartPlant_Care/views/(:alpha).php', 'Legacy::view/$1')
 3 SYSTEMPATH\Router\RouteCollection.php(339): require('C:\\xampp\\htdocs\\SmartPlant_Care-main_CodeIgniter\\app\\Config\\Routes.php')
 4 SYSTEMPATH\CLI\Console.php(41): CodeIgniter\Router\RouteCollection->loadRoutes()
 5 SYSTEMPATH\Boot.php(442): CodeIgniter\CLI\Console->run()
 6 SYSTEMPATH\Boot.php(166): CodeIgniter\Boot::runCommand(Object(CodeIgniter\CLI\Console))
 7 ROOTPATH\spark(87): CodeIgniter\Boot::bootSpark(Object(Config\Paths))
WARNING - 2026-05-28 11:08:58 --> [DEPRECATED] Passing lowercase HTTP method "get" is deprecated. Use uppercase HTTP method like "GET". in SYSTEMPATH\Router\RouteCollection.php on line 1026.
 1 SYSTEMPATH\Router\RouteCollection.php(1026): trigger_error('Passing lowercase HTTP method "get" is deprecated. Use uppercase HTTP method like "GET".', 16384)
 2 APPPATH\Config\Routes.php(14): CodeIgniter\Router\RouteCollection->match([...], 'SmartPlant_Care/controllers/(:segment).php', 'Legacy::controller/$1')
 3 SYSTEMPATH\Router\RouteCollection.php(339): require('C:\\xampp\\htdocs\\SmartPlant_Care-main_CodeIgniter\\app\\Config\\Routes.php')
 4 SYSTEMPATH\CLI\Console.php(41): CodeIgniter\Router\RouteCollection->loadRoutes()
 5 SYSTEMPATH\Boot.php(442): CodeIgniter\CLI\Console->run()
 6 SYSTEMPATH\Boot.php(166): CodeIgniter\Boot::runCommand(Object(CodeIgniter\CLI\Console))
 7 ROOTPATH\spark(87): CodeIgniter\Boot::bootSpark(Object(Config\Paths))
WARNING - 2026-05-28 11:08:58 --> [DEPRECATED] Passing lowercase HTTP method "post" is deprecated. Use uppercase HTTP method like "POST". in SYSTEMPATH\Router\RouteCollection.php on line 1026.
 1 SYSTEMPATH\Router\RouteCollection.php(1026): trigger_error('Passing lowercase HTTP method "post" is deprecated. Use uppercase HTTP method like "POST".', 16384)
 2 APPPATH\Config\Routes.php(14): CodeIgniter\Router\RouteCollection->match([...], 'SmartPlant_Care/controllers/(:segment).php', 'Legacy::controller/$1')
 3 SYSTEMPATH\Router\RouteCollection.php(339): require('C:\\xampp\\htdocs\\SmartPlant_Care-main_CodeIgniter\\app\\Config\\Routes.php')
 4 SYSTEMPATH\CLI\Console.php(41): CodeIgniter\Router\RouteCollection->loadRoutes()
 5 SYSTEMPATH\Boot.php(442): CodeIgniter\CLI\Console->run()
 6 SYSTEMPATH\Boot.php(166): CodeIgniter\Boot::runCommand(Object(CodeIgniter\CLI\Console))
 7 ROOTPATH\spark(87): CodeIgniter\Boot::bootSpark(Object(Config\Paths))
WARNING - 2026-05-28 11:16:09 --> [DEPRECATED] Passing lowercase HTTP method "get" is deprecated. Use uppercase HTTP method like "GET". in SYSTEMPATH\Router\RouteCollection.php on line 1026.
 1 SYSTEMPATH\Router\RouteCollection.php(1026): trigger_error('Passing lowercase HTTP method "get" is deprecated. Use uppercase HTTP method like "GET".', 16384)
 2 APPPATH\Config\Routes.php(11): CodeIgniter\Router\RouteCollection->match([...], 'views/(:alpha).php', 'Legacy::view/$1')
 3 SYSTEMPATH\Router\RouteCollection.php(339): require('C:\\xampp\\htdocs\\SmartPlant_Care-main_CodeIgniter\\app\\Config\\Routes.php')
 4 SYSTEMPATH\CodeIgniter.php(841): CodeIgniter\Router\RouteCollection->loadRoutes()
 5 SYSTEMPATH\CodeIgniter.php(464): CodeIgniter\CodeIgniter->tryToRouteIt(null)
 6 SYSTEMPATH\CodeIgniter.php(363): CodeIgniter\CodeIgniter->handleRequest(null, Object(Config\Cache), false)
 7 SYSTEMPATH\Boot.php(417): CodeIgniter\CodeIgniter->run()
 8 SYSTEMPATH\Boot.php(68): CodeIgniter\Boot::runCodeIgniter(Object(CodeIgniter\CodeIgniter))
 9 FCPATH\index.php(59): CodeIgniter\Boot::bootWeb(Object(Config\Paths))
10 SYSTEMPATH\rewrite.php(44): require_once('C:\\xampp\\htdocs\\SmartPlant_Care-main_CodeIgniter\\public\\index.php')
WARNING - 2026-05-28 11:16:09 --> [DEPRECATED] Passing lowercase HTTP method "post" is deprecated. Use uppercase HTTP method like "POST". in SYSTEMPATH\Router\RouteCollection.php on line 1026.
 1 SYSTEMPATH\Router\RouteCollection.php(1026): trigger_error('Passing lowercase HTTP method "post" is deprecated. Use uppercase HTTP method like "POST".', 16384)
 2 APPPATH\Config\Routes.php(11): CodeIgniter\Router\RouteCollection->match([...], 'views/(:alpha).php', 'Legacy::view/$1')
 3 SYSTEMPATH\Router\RouteCollection.php(339): require('C:\\xampp\\htdocs\\SmartPlant_Care-main_CodeIgniter\\app\\Config\\Routes.php')
 4 SYSTEMPATH\CodeIgniter.php(841): CodeIgniter\Router\RouteCollection->loadRoutes()
 5 SYSTEMPATH\CodeIgniter.php(464): CodeIgniter\CodeIgniter->tryToRouteIt(null)
 6 SYSTEMPATH\CodeIgniter.php(363): CodeIgniter\CodeIgniter->handleRequest(null, Object(Config\Cache), false)
 7 SYSTEMPATH\Boot.php(417): CodeIgniter\CodeIgniter->run()
 8 SYSTEMPATH\Boot.php(68): CodeIgniter\Boot::runCodeIgniter(Object(CodeIgniter\CodeIgniter))
 9 FCPATH\index.php(59): CodeIgniter\Boot::bootWeb(Object(Config\Paths))
10 SYSTEMPATH\rewrite.php(44): require_once('C:\\xampp\\htdocs\\SmartPlant_Care-main_CodeIgniter\\public\\index.php')
WARNING - 2026-05-28 11:16:09 --> [DEPRECATED] Passing lowercase HTTP method "get" is deprecated. Use uppercase HTTP method like "GET". in SYSTEMPATH\Router\RouteCollection.php on line 1026.
 1 SYSTEMPATH\Router\RouteCollection.php(1026): trigger_error('Passing lowercase HTTP method "get" is deprecated. Use uppercase HTTP method like "GET".', 16384)
 2 APPPATH\Config\Routes.php(12): CodeIgniter\Router\RouteCollection->match([...], 'controllers/(:segment).php', 'Legacy::controller/$1')
 3 SYSTEMPATH\Router\RouteCollection.php(339): require('C:\\xampp\\htdocs\\SmartPlant_Care-main_CodeIgniter\\app\\Config\\Routes.php')
 4 SYSTEMPATH\CodeIgniter.php(841): CodeIgniter\Router\RouteCollection->loadRoutes()
 5 SYSTEMPATH\CodeIgniter.php(464): CodeIgniter\CodeIgniter->tryToRouteIt(null)
 6 SYSTEMPATH\CodeIgniter.php(363): CodeIgniter\CodeIgniter->handleRequest(null, Object(Config\Cache), false)
 7 SYSTEMPATH\Boot.php(417): CodeIgniter\CodeIgniter->run()
 8 SYSTEMPATH\Boot.php(68): CodeIgniter\Boot::runCodeIgniter(Object(CodeIgniter\CodeIgniter))
 9 FCPATH\index.php(59): CodeIgniter\Boot::bootWeb(Object(Config\Paths))
10 SYSTEMPATH\rewrite.php(44): require_once('C:\\xampp\\htdocs\\SmartPlant_Care-main_CodeIgniter\\public\\index.php')
WARNING - 2026-05-28 11:16:09 --> [DEPRECATED] Passing lowercase HTTP method "post" is deprecated. Use uppercase HTTP method like "POST". in SYSTEMPATH\Router\RouteCollection.php on line 1026.
 1 SYSTEMPATH\Router\RouteCollection.php(1026): trigger_error('Passing lowercase HTTP method "post" is deprecated. Use uppercase HTTP method like "POST".', 16384)
 2 APPPATH\Config\Routes.php(12): CodeIgniter\Router\RouteCollection->match([...], 'controllers/(:segment).php', 'Legacy::controller/$1')
 3 SYSTEMPATH\Router\RouteCollection.php(339): require('C:\\xampp\\htdocs\\SmartPlant_Care-main_CodeIgniter\\app\\Config\\Routes.php')
 4 SYSTEMPATH\CodeIgniter.php(841): CodeIgniter\Router\RouteCollection->loadRoutes()
 5 SYSTEMPATH\CodeIgniter.php(464): CodeIgniter\CodeIgniter->tryToRouteIt(null)
 6 SYSTEMPATH\CodeIgniter.php(363): CodeIgniter\CodeIgniter->handleRequest(null, Object(Config\Cache), false)
 7 SYSTEMPATH\Boot.php(417): CodeIgniter\CodeIgniter->run()
 8 SYSTEMPATH\Boot.php(68): CodeIgniter\Boot::runCodeIgniter(Object(CodeIgniter\CodeIgniter))
 9 FCPATH\index.php(59): CodeIgniter\Boot::bootWeb(Object(Config\Paths))
10 SYSTEMPATH\rewrite.php(44): require_once('C:\\xampp\\htdocs\\SmartPlant_Care-main_CodeIgniter\\public\\index.php')
WARNING - 2026-05-28 11:16:09 --> [DEPRECATED] Passing lowercase HTTP method "get" is deprecated. Use uppercase HTTP method like "GET". in SYSTEMPATH\Router\RouteCollection.php on line 1026.
 1 SYSTEMPATH\Router\RouteCollection.php(1026): trigger_error('Passing lowercase HTTP method "get" is deprecated. Use uppercase HTTP method like "GET".', 16384)
 2 APPPATH\Config\Routes.php(13): CodeIgniter\Router\RouteCollection->match([...], 'SmartPlant_Care/views/(:alpha).php', 'Legacy::view/$1')
 3 SYSTEMPATH\Router\RouteCollection.php(339): require('C:\\xampp\\htdocs\\SmartPlant_Care-main_CodeIgniter\\app\\Config\\Routes.php')
 4 SYSTEMPATH\CodeIgniter.php(841): CodeIgniter\Router\RouteCollection->loadRoutes()
 5 SYSTEMPATH\CodeIgniter.php(464): CodeIgniter\CodeIgniter->tryToRouteIt(null)
 6 SYSTEMPATH\CodeIgniter.php(363): CodeIgniter\CodeIgniter->handleRequest(null, Object(Config\Cache), false)
 7 SYSTEMPATH\Boot.php(417): CodeIgniter\CodeIgniter->run()
 8 SYSTEMPATH\Boot.php(68): CodeIgniter\Boot::runCodeIgniter(Object(CodeIgniter\CodeIgniter))
 9 FCPATH\index.php(59): CodeIgniter\Boot::bootWeb(Object(Config\Paths))
10 SYSTEMPATH\rewrite.php(44): require_once('C:\\xampp\\htdocs\\SmartPlant_Care-main_CodeIgniter\\public\\index.php')
WARNING - 2026-05-28 11:16:09 --> [DEPRECATED] Passing lowercase HTTP method "post" is deprecated. Use uppercase HTTP method like "POST". in SYSTEMPATH\Router\RouteCollection.php on line 1026.
 1 SYSTEMPATH\Router\RouteCollection.php(1026): trigger_error('Passing lowercase HTTP method "post" is deprecated. Use uppercase HTTP method like "POST".', 16384)
 2 APPPATH\Config\Routes.php(13): CodeIgniter\Router\RouteCollection->match([...], 'SmartPlant_Care/views/(:alpha).php', 'Legacy::view/$1')
 3 SYSTEMPATH\Router\RouteCollection.php(339): require('C:\\xampp\\htdocs\\SmartPlant_Care-main_CodeIgniter\\app\\Config\\Routes.php')
 4 SYSTEMPATH\CodeIgniter.php(841): CodeIgniter\Router\RouteCollection->loadRoutes()
 5 SYSTEMPATH\CodeIgniter.php(464): CodeIgniter\CodeIgniter->tryToRouteIt(null)
 6 SYSTEMPATH\CodeIgniter.php(363): CodeIgniter\CodeIgniter->handleRequest(null, Object(Config\Cache), false)
 7 SYSTEMPATH\Boot.php(417): CodeIgniter\CodeIgniter->run()
 8 SYSTEMPATH\Boot.php(68): CodeIgniter\Boot::runCodeIgniter(Object(CodeIgniter\CodeIgniter))
 9 FCPATH\index.php(59): CodeIgniter\Boot::bootWeb(Object(Config\Paths))
10 SYSTEMPATH\rewrite.php(44): require_once('C:\\xampp\\htdocs\\SmartPlant_Care-main_CodeIgniter\\public\\index.php')
WARNING - 2026-05-28 11:16:09 --> [DEPRECATED] Passing lowercase HTTP method "get" is deprecated. Use uppercase HTTP method like "GET". in SYSTEMPATH\Router\RouteCollection.php on line 1026.
 1 SYSTEMPATH\Router\RouteCollection.php(1026): trigger_error('Passing lowercase HTTP method "get" is deprecated. Use uppercase HTTP method like "GET".', 16384)
 2 APPPATH\Config\Routes.php(14): CodeIgniter\Router\RouteCollection->match([...], 'SmartPlant_Care/controllers/(:segment).php', 'Legacy::controller/$1')
 3 SYSTEMPATH\Router\RouteCollection.php(339): require('C:\\xampp\\htdocs\\SmartPlant_Care-main_CodeIgniter\\app\\Config\\Routes.php')
 4 SYSTEMPATH\CodeIgniter.php(841): CodeIgniter\Router\RouteCollection->loadRoutes()
 5 SYSTEMPATH\CodeIgniter.php(464): CodeIgniter\CodeIgniter->tryToRouteIt(null)
 6 SYSTEMPATH\CodeIgniter.php(363): CodeIgniter\CodeIgniter->handleRequest(null, Object(Config\Cache), false)
 7 SYSTEMPATH\Boot.php(417): CodeIgniter\CodeIgniter->run()
 8 SYSTEMPATH\Boot.php(68): CodeIgniter\Boot::runCodeIgniter(Object(CodeIgniter\CodeIgniter))
 9 FCPATH\index.php(59): CodeIgniter\Boot::bootWeb(Object(Config\Paths))
10 SYSTEMPATH\rewrite.php(44): require_once('C:\\xampp\\htdocs\\SmartPlant_Care-main_CodeIgniter\\public\\index.php')
WARNING - 2026-05-28 11:16:09 --> [DEPRECATED] Passing lowercase HTTP method "post" is deprecated. Use uppercase HTTP method like "POST". in SYSTEMPATH\Router\RouteCollection.php on line 1026.
 1 SYSTEMPATH\Router\RouteCollection.php(1026): trigger_error('Passing lowercase HTTP method "post" is deprecated. Use uppercase HTTP method like "POST".', 16384)
 2 APPPATH\Config\Routes.php(14): CodeIgniter\Router\RouteCollection->match([...], 'SmartPlant_Care/controllers/(:segment).php', 'Legacy::controller/$1')
 3 SYSTEMPATH\Router\RouteCollection.php(339): require('C:\\xampp\\htdocs\\SmartPlant_Care-main_CodeIgniter\\app\\Config\\Routes.php')
 4 SYSTEMPATH\CodeIgniter.php(841): CodeIgniter\Router\RouteCollection->loadRoutes()
 5 SYSTEMPATH\CodeIgniter.php(464): CodeIgniter\CodeIgniter->tryToRouteIt(null)
 6 SYSTEMPATH\CodeIgniter.php(363): CodeIgniter\CodeIgniter->handleRequest(null, Object(Config\Cache), false)
 7 SYSTEMPATH\Boot.php(417): CodeIgniter\CodeIgniter->run()
 8 SYSTEMPATH\Boot.php(68): CodeIgniter\Boot::runCodeIgniter(Object(CodeIgniter\CodeIgniter))
 9 FCPATH\index.php(59): CodeIgniter\Boot::bootWeb(Object(Config\Paths))
10 SYSTEMPATH\rewrite.php(44): require_once('C:\\xampp\\htdocs\\SmartPlant_Care-main_CodeIgniter\\public\\index.php')
DEBUG - 2026-05-28 11:16:10 --> Session: Class initialized using 'CodeIgniter\Session\Handlers\FileHandler' driver.
WARNING - 2026-05-28 11:16:15 --> [DEPRECATED] Passing lowercase HTTP method "get" is deprecated. Use uppercase HTTP method like "GET". in SYSTEMPATH\Router\RouteCollection.php on line 1026.
 1 SYSTEMPATH\Router\RouteCollection.php(1026): trigger_error('Passing lowercase HTTP method "get" is deprecated. Use uppercase HTTP method like "GET".', 16384)
 2 APPPATH\Config\Routes.php(11): CodeIgniter\Router\RouteCollection->match([...], 'views/(:alpha).php', 'Legacy::view/$1')
 3 SYSTEMPATH\Router\RouteCollection.php(339): require('C:\\xampp\\htdocs\\SmartPlant_Care-main_CodeIgniter\\app\\Config\\Routes.php')
 4 SYSTEMPATH\CodeIgniter.php(841): CodeIgniter\Router\RouteCollection->loadRoutes()
 5 SYSTEMPATH\CodeIgniter.php(464): CodeIgniter\CodeIgniter->tryToRouteIt(null)
 6 SYSTEMPATH\CodeIgniter.php(363): CodeIgniter\CodeIgniter->handleRequest(null, Object(Config\Cache), false)
 7 SYSTEMPATH\Boot.php(417): CodeIgniter\CodeIgniter->run()
 8 SYSTEMPATH\Boot.php(68): CodeIgniter\Boot::runCodeIgniter(Object(CodeIgniter\CodeIgniter))
 9 FCPATH\index.php(59): CodeIgniter\Boot::bootWeb(Object(Config\Paths))
10 SYSTEMPATH\rewrite.php(44): require_once('C:\\xampp\\htdocs\\SmartPlant_Care-main_CodeIgniter\\public\\index.php')
WARNING - 2026-05-28 11:16:15 --> [DEPRECATED] Passing lowercase HTTP method "post" is deprecated. Use uppercase HTTP method like "POST". in SYSTEMPATH\Router\RouteCollection.php on line 1026.
 1 SYSTEMPATH\Router\RouteCollection.php(1026): trigger_error('Passing lowercase HTTP method "post" is deprecated. Use uppercase HTTP method like "POST".', 16384)
 2 APPPATH\Config\Routes.php(11): CodeIgniter\Router\RouteCollection->match([...], 'views/(:alpha).php', 'Legacy::view/$1')
 3 SYSTEMPATH\Router\RouteCollection.php(339): require('C:\\xampp\\htdocs\\SmartPlant_Care-main_CodeIgniter\\app\\Config\\Routes.php')
 4 SYSTEMPATH\CodeIgniter.php(841): CodeIgniter\Router\RouteCollection->loadRoutes()
 5 SYSTEMPATH\CodeIgniter.php(464): CodeIgniter\CodeIgniter->tryToRouteIt(null)
 6 SYSTEMPATH\CodeIgniter.php(363): CodeIgniter\CodeIgniter->handleRequest(null, Object(Config\Cache), false)
 7 SYSTEMPATH\Boot.php(417): CodeIgniter\CodeIgniter->run()
 8 SYSTEMPATH\Boot.php(68): CodeIgniter\Boot::runCodeIgniter(Object(CodeIgniter\CodeIgniter))
 9 FCPATH\index.php(59): CodeIgniter\Boot::bootWeb(Object(Config\Paths))
10 SYSTEMPATH\rewrite.php(44): require_once('C:\\xampp\\htdocs\\SmartPlant_Care-main_CodeIgniter\\public\\index.php')
WARNING - 2026-05-28 11:16:15 --> [DEPRECATED] Passing lowercase HTTP method "get" is deprecated. Use uppercase HTTP method like "GET". in SYSTEMPATH\Router\RouteCollection.php on line 1026.
 1 SYSTEMPATH\Router\RouteCollection.php(1026): trigger_error('Passing lowercase HTTP method "get" is deprecated. Use uppercase HTTP method like "GET".', 16384)
 2 APPPATH\Config\Routes.php(12): CodeIgniter\Router\RouteCollection->match([...], 'controllers/(:segment).php', 'Legacy::controller/$1')
 3 SYSTEMPATH\Router\RouteCollection.php(339): require('C:\\xampp\\htdocs\\SmartPlant_Care-main_CodeIgniter\\app\\Config\\Routes.php')
 4 SYSTEMPATH\CodeIgniter.php(841): CodeIgniter\Router\RouteCollection->loadRoutes()
 5 SYSTEMPATH\CodeIgniter.php(464): CodeIgniter\CodeIgniter->tryToRouteIt(null)
 6 SYSTEMPATH\CodeIgniter.php(363): CodeIgniter\CodeIgniter->handleRequest(null, Object(Config\Cache), false)
 7 SYSTEMPATH\Boot.php(417): CodeIgniter\CodeIgniter->run()
 8 SYSTEMPATH\Boot.php(68): CodeIgniter\Boot::runCodeIgniter(Object(CodeIgniter\CodeIgniter))
 9 FCPATH\index.php(59): CodeIgniter\Boot::bootWeb(Object(Config\Paths))
10 SYSTEMPATH\rewrite.php(44): require_once('C:\\xampp\\htdocs\\SmartPlant_Care-main_CodeIgniter\\public\\index.php')
WARNING - 2026-05-28 11:16:15 --> [DEPRECATED] Passing lowercase HTTP method "post" is deprecated. Use uppercase HTTP method like "POST". in SYSTEMPATH\Router\RouteCollection.php on line 1026.
 1 SYSTEMPATH\Router\RouteCollection.php(1026): trigger_error('Passing lowercase HTTP method "post" is deprecated. Use uppercase HTTP method like "POST".', 16384)
 2 APPPATH\Config\Routes.php(12): CodeIgniter\Router\RouteCollection->match([...], 'controllers/(:segment).php', 'Legacy::controller/$1')
 3 SYSTEMPATH\Router\RouteCollection.php(339): require('C:\\xampp\\htdocs\\SmartPlant_Care-main_CodeIgniter\\app\\Config\\Routes.php')
 4 SYSTEMPATH\CodeIgniter.php(841): CodeIgniter\Router\RouteCollection->loadRoutes()
 5 SYSTEMPATH\CodeIgniter.php(464): CodeIgniter\CodeIgniter->tryToRouteIt(null)
 6 SYSTEMPATH\CodeIgniter.php(363): CodeIgniter\CodeIgniter->handleRequest(null, Object(Config\Cache), false)
 7 SYSTEMPATH\Boot.php(417): CodeIgniter\CodeIgniter->run()
 8 SYSTEMPATH\Boot.php(68): CodeIgniter\Boot::runCodeIgniter(Object(CodeIgniter\CodeIgniter))
 9 FCPATH\index.php(59): CodeIgniter\Boot::bootWeb(Object(Config\Paths))
10 SYSTEMPATH\rewrite.php(44): require_once('C:\\xampp\\htdocs\\SmartPlant_Care-main_CodeIgniter\\public\\index.php')
WARNING - 2026-05-28 11:16:15 --> [DEPRECATED] Passing lowercase HTTP method "get" is deprecated. Use uppercase HTTP method like "GET". in SYSTEMPATH\Router\RouteCollection.php on line 1026.
 1 SYSTEMPATH\Router\RouteCollection.php(1026): trigger_error('Passing lowercase HTTP method "get" is deprecated. Use uppercase HTTP method like "GET".', 16384)
 2 APPPATH\Config\Routes.php(13): CodeIgniter\Router\RouteCollection->match([...], 'SmartPlant_Care/views/(:alpha).php', 'Legacy::view/$1')
 3 SYSTEMPATH\Router\RouteCollection.php(339): require('C:\\xampp\\htdocs\\SmartPlant_Care-main_CodeIgniter\\app\\Config\\Routes.php')
 4 SYSTEMPATH\CodeIgniter.php(841): CodeIgniter\Router\RouteCollection->loadRoutes()
 5 SYSTEMPATH\CodeIgniter.php(464): CodeIgniter\CodeIgniter->tryToRouteIt(null)
 6 SYSTEMPATH\CodeIgniter.php(363): CodeIgniter\CodeIgniter->handleRequest(null, Object(Config\Cache), false)
 7 SYSTEMPATH\Boot.php(417): CodeIgniter\CodeIgniter->run()
 8 SYSTEMPATH\Boot.php(68): CodeIgniter\Boot::runCodeIgniter(Object(CodeIgniter\CodeIgniter))
 9 FCPATH\index.php(59): CodeIgniter\Boot::bootWeb(Object(Config\Paths))
10 SYSTEMPATH\rewrite.php(44): require_once('C:\\xampp\\htdocs\\SmartPlant_Care-main_CodeIgniter\\public\\index.php')
WARNING - 2026-05-28 11:16:15 --> [DEPRECATED] Passing lowercase HTTP method "post" is deprecated. Use uppercase HTTP method like "POST". in SYSTEMPATH\Router\RouteCollection.php on line 1026.
 1 SYSTEMPATH\Router\RouteCollection.php(1026): trigger_error('Passing lowercase HTTP method "post" is deprecated. Use uppercase HTTP method like "POST".', 16384)
 2 APPPATH\Config\Routes.php(13): CodeIgniter\Router\RouteCollection->match([...], 'SmartPlant_Care/views/(:alpha).php', 'Legacy::view/$1')
 3 SYSTEMPATH\Router\RouteCollection.php(339): require('C:\\xampp\\htdocs\\SmartPlant_Care-main_CodeIgniter\\app\\Config\\Routes.php')
 4 SYSTEMPATH\CodeIgniter.php(841): CodeIgniter\Router\RouteCollection->loadRoutes()
 5 SYSTEMPATH\CodeIgniter.php(464): CodeIgniter\CodeIgniter->tryToRouteIt(null)
 6 SYSTEMPATH\CodeIgniter.php(363): CodeIgniter\CodeIgniter->handleRequest(null, Object(Config\Cache), false)
 7 SYSTEMPATH\Boot.php(417): CodeIgniter\CodeIgniter->run()
 8 SYSTEMPATH\Boot.php(68): CodeIgniter\Boot::runCodeIgniter(Object(CodeIgniter\CodeIgniter))
 9 FCPATH\index.php(59): CodeIgniter\Boot::bootWeb(Object(Config\Paths))
10 SYSTEMPATH\rewrite.php(44): require_once('C:\\xampp\\htdocs\\SmartPlant_Care-main_CodeIgniter\\public\\index.php')
WARNING - 2026-05-28 11:16:15 --> [DEPRECATED] Passing lowercase HTTP method "get" is deprecated. Use uppercase HTTP method like "GET". in SYSTEMPATH\Router\RouteCollection.php on line 1026.
 1 SYSTEMPATH\Router\RouteCollection.php(1026): trigger_error('Passing lowercase HTTP method "get" is deprecated. Use uppercase HTTP method like "GET".', 16384)
 2 APPPATH\Config\Routes.php(14): CodeIgniter\Router\RouteCollection->match([...], 'SmartPlant_Care/controllers/(:segment).php', 'Legacy::controller/$1')
 3 SYSTEMPATH\Router\RouteCollection.php(339): require('C:\\xampp\\htdocs\\SmartPlant_Care-main_CodeIgniter\\app\\Config\\Routes.php')
 4 SYSTEMPATH\CodeIgniter.php(841): CodeIgniter\Router\RouteCollection->loadRoutes()
 5 SYSTEMPATH\CodeIgniter.php(464): CodeIgniter\CodeIgniter->tryToRouteIt(null)
 6 SYSTEMPATH\CodeIgniter.php(363): CodeIgniter\CodeIgniter->handleRequest(null, Object(Config\Cache), false)
 7 SYSTEMPATH\Boot.php(417): CodeIgniter\CodeIgniter->run()
 8 SYSTEMPATH\Boot.php(68): CodeIgniter\Boot::runCodeIgniter(Object(CodeIgniter\CodeIgniter))
 9 FCPATH\index.php(59): CodeIgniter\Boot::bootWeb(Object(Config\Paths))
10 SYSTEMPATH\rewrite.php(44): require_once('C:\\xampp\\htdocs\\SmartPlant_Care-main_CodeIgniter\\public\\index.php')
WARNING - 2026-05-28 11:16:15 --> [DEPRECATED] Passing lowercase HTTP method "post" is deprecated. Use uppercase HTTP method like "POST". in SYSTEMPATH\Router\RouteCollection.php on line 1026.
 1 SYSTEMPATH\Router\RouteCollection.php(1026): trigger_error('Passing lowercase HTTP method "post" is deprecated. Use uppercase HTTP method like "POST".', 16384)
 2 APPPATH\Config\Routes.php(14): CodeIgniter\Router\RouteCollection->match([...], 'SmartPlant_Care/controllers/(:segment).php', 'Legacy::controller/$1')
 3 SYSTEMPATH\Router\RouteCollection.php(339): require('C:\\xampp\\htdocs\\SmartPlant_Care-main_CodeIgniter\\app\\Config\\Routes.php')
 4 SYSTEMPATH\CodeIgniter.php(841): CodeIgniter\Router\RouteCollection->loadRoutes()
 5 SYSTEMPATH\CodeIgniter.php(464): CodeIgniter\CodeIgniter->tryToRouteIt(null)
 6 SYSTEMPATH\CodeIgniter.php(363): CodeIgniter\CodeIgniter->handleRequest(null, Object(Config\Cache), false)
 7 SYSTEMPATH\Boot.php(417): CodeIgniter\CodeIgniter->run()
 8 SYSTEMPATH\Boot.php(68): CodeIgniter\Boot::runCodeIgniter(Object(CodeIgniter\CodeIgniter))
 9 FCPATH\index.php(59): CodeIgniter\Boot::bootWeb(Object(Config\Paths))
10 SYSTEMPATH\rewrite.php(44): require_once('C:\\xampp\\htdocs\\SmartPlant_Care-main_CodeIgniter\\public\\index.php')
WARNING - 2026-05-28 11:16:57 --> [DEPRECATED] Passing lowercase HTTP method "get" is deprecated. Use uppercase HTTP method like "GET". in SYSTEMPATH\Router\RouteCollection.php on line 1026.
 1 SYSTEMPATH\Router\RouteCollection.php(1026): trigger_error('Passing lowercase HTTP method "get" is deprecated. Use uppercase HTTP method like "GET".', 16384)
 2 APPPATH\Config\Routes.php(11): CodeIgniter\Router\RouteCollection->match([...], 'views/(:alpha).php', 'Legacy::view/$1')
 3 SYSTEMPATH\Router\RouteCollection.php(339): require('C:\\xampp\\htdocs\\SmartPlant_Care-main_CodeIgniter\\app\\Config\\Routes.php')
 4 SYSTEMPATH\CodeIgniter.php(841): CodeIgniter\Router\RouteCollection->loadRoutes()
 5 SYSTEMPATH\CodeIgniter.php(464): CodeIgniter\CodeIgniter->tryToRouteIt(null)
 6 SYSTEMPATH\CodeIgniter.php(363): CodeIgniter\CodeIgniter->handleRequest(null, Object(Config\Cache), false)
 7 SYSTEMPATH\Boot.php(417): CodeIgniter\CodeIgniter->run()
 8 SYSTEMPATH\Boot.php(68): CodeIgniter\Boot::runCodeIgniter(Object(CodeIgniter\CodeIgniter))
 9 FCPATH\index.php(59): CodeIgniter\Boot::bootWeb(Object(Config\Paths))
10 SYSTEMPATH\rewrite.php(44): require_once('C:\\xampp\\htdocs\\SmartPlant_Care-main_CodeIgniter\\public\\index.php')
WARNING - 2026-05-28 11:16:57 --> [DEPRECATED] Passing lowercase HTTP method "post" is deprecated. Use uppercase HTTP method like "POST". in SYSTEMPATH\Router\RouteCollection.php on line 1026.
 1 SYSTEMPATH\Router\RouteCollection.php(1026): trigger_error('Passing lowercase HTTP method "post" is deprecated. Use uppercase HTTP method like "POST".', 16384)
 2 APPPATH\Config\Routes.php(11): CodeIgniter\Router\RouteCollection->match([...], 'views/(:alpha).php', 'Legacy::view/$1')
 3 SYSTEMPATH\Router\RouteCollection.php(339): require('C:\\xampp\\htdocs\\SmartPlant_Care-main_CodeIgniter\\app\\Config\\Routes.php')
 4 SYSTEMPATH\CodeIgniter.php(841): CodeIgniter\Router\RouteCollection->loadRoutes()
 5 SYSTEMPATH\CodeIgniter.php(464): CodeIgniter\CodeIgniter->tryToRouteIt(null)
 6 SYSTEMPATH\CodeIgniter.php(363): CodeIgniter\CodeIgniter->handleRequest(null, Object(Config\Cache), false)
 7 SYSTEMPATH\Boot.php(417): CodeIgniter\CodeIgniter->run()
 8 SYSTEMPATH\Boot.php(68): CodeIgniter\Boot::runCodeIgniter(Object(CodeIgniter\CodeIgniter))
 9 FCPATH\index.php(59): CodeIgniter\Boot::bootWeb(Object(Config\Paths))
10 SYSTEMPATH\rewrite.php(44): require_once('C:\\xampp\\htdocs\\SmartPlant_Care-main_CodeIgniter\\public\\index.php')
WARNING - 2026-05-28 11:16:57 --> [DEPRECATED] Passing lowercase HTTP method "get" is deprecated. Use uppercase HTTP method like "GET". in SYSTEMPATH\Router\RouteCollection.php on line 1026.
 1 SYSTEMPATH\Router\RouteCollection.php(1026): trigger_error('Passing lowercase HTTP method "get" is deprecated. Use uppercase HTTP method like "GET".', 16384)
 2 APPPATH\Config\Routes.php(12): CodeIgniter\Router\RouteCollection->match([...], 'controllers/(:segment).php', 'Legacy::controller/$1')
 3 SYSTEMPATH\Router\RouteCollection.php(339): require('C:\\xampp\\htdocs\\SmartPlant_Care-main_CodeIgniter\\app\\Config\\Routes.php')
 4 SYSTEMPATH\CodeIgniter.php(841): CodeIgniter\Router\RouteCollection->loadRoutes()
 5 SYSTEMPATH\CodeIgniter.php(464): CodeIgniter\CodeIgniter->tryToRouteIt(null)
 6 SYSTEMPATH\CodeIgniter.php(363): CodeIgniter\CodeIgniter->handleRequest(null, Object(Config\Cache), false)
 7 SYSTEMPATH\Boot.php(417): CodeIgniter\CodeIgniter->run()
 8 SYSTEMPATH\Boot.php(68): CodeIgniter\Boot::runCodeIgniter(Object(CodeIgniter\CodeIgniter))
 9 FCPATH\index.php(59): CodeIgniter\Boot::bootWeb(Object(Config\Paths))
10 SYSTEMPATH\rewrite.php(44): require_once('C:\\xampp\\htdocs\\SmartPlant_Care-main_CodeIgniter\\public\\index.php')
WARNING - 2026-05-28 11:16:57 --> [DEPRECATED] Passing lowercase HTTP method "post" is deprecated. Use uppercase HTTP method like "POST". in SYSTEMPATH\Router\RouteCollection.php on line 1026.
 1 SYSTEMPATH\Router\RouteCollection.php(1026): trigger_error('Passing lowercase HTTP method "post" is deprecated. Use uppercase HTTP method like "POST".', 16384)
 2 APPPATH\Config\Routes.php(12): CodeIgniter\Router\RouteCollection->match([...], 'controllers/(:segment).php', 'Legacy::controller/$1')
 3 SYSTEMPATH\Router\RouteCollection.php(339): require('C:\\xampp\\htdocs\\SmartPlant_Care-main_CodeIgniter\\app\\Config\\Routes.php')
 4 SYSTEMPATH\CodeIgniter.php(841): CodeIgniter\Router\RouteCollection->loadRoutes()
 5 SYSTEMPATH\CodeIgniter.php(464): CodeIgniter\CodeIgniter->tryToRouteIt(null)
 6 SYSTEMPATH\CodeIgniter.php(363): CodeIgniter\CodeIgniter->handleRequest(null, Object(Config\Cache), false)
 7 SYSTEMPATH\Boot.php(417): CodeIgniter\CodeIgniter->run()
 8 SYSTEMPATH\Boot.php(68): CodeIgniter\Boot::runCodeIgniter(Object(CodeIgniter\CodeIgniter))
 9 FCPATH\index.php(59): CodeIgniter\Boot::bootWeb(Object(Config\Paths))
10 SYSTEMPATH\rewrite.php(44): require_once('C:\\xampp\\htdocs\\SmartPlant_Care-main_CodeIgniter\\public\\index.php')
WARNING - 2026-05-28 11:16:57 --> [DEPRECATED] Passing lowercase HTTP method "get" is deprecated. Use uppercase HTTP method like "GET". in SYSTEMPATH\Router\RouteCollection.php on line 1026.
 1 SYSTEMPATH\Router\RouteCollection.php(1026): trigger_error('Passing lowercase HTTP method "get" is deprecated. Use uppercase HTTP method like "GET".', 16384)
 2 APPPATH\Config\Routes.php(13): CodeIgniter\Router\RouteCollection->match([...], 'SmartPlant_Care/views/(:alpha).php', 'Legacy::view/$1')
 3 SYSTEMPATH\Router\RouteCollection.php(339): require('C:\\xampp\\htdocs\\SmartPlant_Care-main_CodeIgniter\\app\\Config\\Routes.php')
 4 SYSTEMPATH\CodeIgniter.php(841): CodeIgniter\Router\RouteCollection->loadRoutes()
 5 SYSTEMPATH\CodeIgniter.php(464): CodeIgniter\CodeIgniter->tryToRouteIt(null)
 6 SYSTEMPATH\CodeIgniter.php(363): CodeIgniter\CodeIgniter->handleRequest(null, Object(Config\Cache), false)
 7 SYSTEMPATH\Boot.php(417): CodeIgniter\CodeIgniter->run()
 8 SYSTEMPATH\Boot.php(68): CodeIgniter\Boot::runCodeIgniter(Object(CodeIgniter\CodeIgniter))
 9 FCPATH\index.php(59): CodeIgniter\Boot::bootWeb(Object(Config\Paths))
10 SYSTEMPATH\rewrite.php(44): require_once('C:\\xampp\\htdocs\\SmartPlant_Care-main_CodeIgniter\\public\\index.php')
WARNING - 2026-05-28 11:16:57 --> [DEPRECATED] Passing lowercase HTTP method "post" is deprecated. Use uppercase HTTP method like "POST". in SYSTEMPATH\Router\RouteCollection.php on line 1026.
 1 SYSTEMPATH\Router\RouteCollection.php(1026): trigger_error('Passing lowercase HTTP method "post" is deprecated. Use uppercase HTTP method like "POST".', 16384)
 2 APPPATH\Config\Routes.php(13): CodeIgniter\Router\RouteCollection->match([...], 'SmartPlant_Care/views/(:alpha).php', 'Legacy::view/$1')
 3 SYSTEMPATH\Router\RouteCollection.php(339): require('C:\\xampp\\htdocs\\SmartPlant_Care-main_CodeIgniter\\app\\Config\\Routes.php')
 4 SYSTEMPATH\CodeIgniter.php(841): CodeIgniter\Router\RouteCollection->loadRoutes()
 5 SYSTEMPATH\CodeIgniter.php(464): CodeIgniter\CodeIgniter->tryToRouteIt(null)
 6 SYSTEMPATH\CodeIgniter.php(363): CodeIgniter\CodeIgniter->handleRequest(null, Object(Config\Cache), false)
 7 SYSTEMPATH\Boot.php(417): CodeIgniter\CodeIgniter->run()
 8 SYSTEMPATH\Boot.php(68): CodeIgniter\Boot::runCodeIgniter(Object(CodeIgniter\CodeIgniter))
 9 FCPATH\index.php(59): CodeIgniter\Boot::bootWeb(Object(Config\Paths))
10 SYSTEMPATH\rewrite.php(44): require_once('C:\\xampp\\htdocs\\SmartPlant_Care-main_CodeIgniter\\public\\index.php')
WARNING - 2026-05-28 11:16:57 --> [DEPRECATED] Passing lowercase HTTP method "get" is deprecated. Use uppercase HTTP method like "GET". in SYSTEMPATH\Router\RouteCollection.php on line 1026.
 1 SYSTEMPATH\Router\RouteCollection.php(1026): trigger_error('Passing lowercase HTTP method "get" is deprecated. Use uppercase HTTP method like "GET".', 16384)
 2 APPPATH\Config\Routes.php(14): CodeIgniter\Router\RouteCollection->match([...], 'SmartPlant_Care/controllers/(:segment).php', 'Legacy::controller/$1')
 3 SYSTEMPATH\Router\RouteCollection.php(339): require('C:\\xampp\\htdocs\\SmartPlant_Care-main_CodeIgniter\\app\\Config\\Routes.php')
 4 SYSTEMPATH\CodeIgniter.php(841): CodeIgniter\Router\RouteCollection->loadRoutes()
 5 SYSTEMPATH\CodeIgniter.php(464): CodeIgniter\CodeIgniter->tryToRouteIt(null)
 6 SYSTEMPATH\CodeIgniter.php(363): CodeIgniter\CodeIgniter->handleRequest(null, Object(Config\Cache), false)
 7 SYSTEMPATH\Boot.php(417): CodeIgniter\CodeIgniter->run()
 8 SYSTEMPATH\Boot.php(68): CodeIgniter\Boot::runCodeIgniter(Object(CodeIgniter\CodeIgniter))
 9 FCPATH\index.php(59): CodeIgniter\Boot::bootWeb(Object(Config\Paths))
10 SYSTEMPATH\rewrite.php(44): require_once('C:\\xampp\\htdocs\\SmartPlant_Care-main_CodeIgniter\\public\\index.php')
WARNING - 2026-05-28 11:16:57 --> [DEPRECATED] Passing lowercase HTTP method "post" is deprecated. Use uppercase HTTP method like "POST". in SYSTEMPATH\Router\RouteCollection.php on line 1026.
 1 SYSTEMPATH\Router\RouteCollection.php(1026): trigger_error('Passing lowercase HTTP method "post" is deprecated. Use uppercase HTTP method like "POST".', 16384)
 2 APPPATH\Config\Routes.php(14): CodeIgniter\Router\RouteCollection->match([...], 'SmartPlant_Care/controllers/(:segment).php', 'Legacy::controller/$1')
 3 SYSTEMPATH\Router\RouteCollection.php(339): require('C:\\xampp\\htdocs\\SmartPlant_Care-main_CodeIgniter\\app\\Config\\Routes.php')
 4 SYSTEMPATH\CodeIgniter.php(841): CodeIgniter\Router\RouteCollection->loadRoutes()
 5 SYSTEMPATH\CodeIgniter.php(464): CodeIgniter\CodeIgniter->tryToRouteIt(null)
 6 SYSTEMPATH\CodeIgniter.php(363): CodeIgniter\CodeIgniter->handleRequest(null, Object(Config\Cache), false)
 7 SYSTEMPATH\Boot.php(417): CodeIgniter\CodeIgniter->run()
 8 SYSTEMPATH\Boot.php(68): CodeIgniter\Boot::runCodeIgniter(Object(CodeIgniter\CodeIgniter))
 9 FCPATH\index.php(59): CodeIgniter\Boot::bootWeb(Object(Config\Paths))
10 SYSTEMPATH\rewrite.php(44): require_once('C:\\xampp\\htdocs\\SmartPlant_Care-main_CodeIgniter\\public\\index.php')
WARNING - 2026-05-28 11:19:33 --> [DEPRECATED] Passing lowercase HTTP method "get" is deprecated. Use uppercase HTTP method like "GET". in SYSTEMPATH\Router\RouteCollection.php on line 1026.
 1 SYSTEMPATH\Router\RouteCollection.php(1026): trigger_error('Passing lowercase HTTP method "get" is deprecated. Use uppercase HTTP method like "GET".', 16384)
 2 APPPATH\Config\Routes.php(11): CodeIgniter\Router\RouteCollection->match([...], 'views/(:alpha).php', 'Legacy::view/$1')
 3 SYSTEMPATH\Router\RouteCollection.php(339): require('C:\\xampp\\htdocs\\SmartPlant_Care-main_CodeIgniter\\app\\Config\\Routes.php')
 4 SYSTEMPATH\CodeIgniter.php(841): CodeIgniter\Router\RouteCollection->loadRoutes()
 5 SYSTEMPATH\CodeIgniter.php(464): CodeIgniter\CodeIgniter->tryToRouteIt(null)
 6 SYSTEMPATH\CodeIgniter.php(363): CodeIgniter\CodeIgniter->handleRequest(null, Object(Config\Cache), false)
 7 SYSTEMPATH\Boot.php(417): CodeIgniter\CodeIgniter->run()
 8 SYSTEMPATH\Boot.php(68): CodeIgniter\Boot::runCodeIgniter(Object(CodeIgniter\CodeIgniter))
 9 FCPATH\index.php(59): CodeIgniter\Boot::bootWeb(Object(Config\Paths))
10 SYSTEMPATH\rewrite.php(44): require_once('C:\\xampp\\htdocs\\SmartPlant_Care-main_CodeIgniter\\public\\index.php')
WARNING - 2026-05-28 11:19:33 --> [DEPRECATED] Passing lowercase HTTP method "post" is deprecated. Use uppercase HTTP method like "POST". in SYSTEMPATH\Router\RouteCollection.php on line 1026.
 1 SYSTEMPATH\Router\RouteCollection.php(1026): trigger_error('Passing lowercase HTTP method "post" is deprecated. Use uppercase HTTP method like "POST".', 16384)
 2 APPPATH\Config\Routes.php(11): CodeIgniter\Router\RouteCollection->match([...], 'views/(:alpha).php', 'Legacy::view/$1')
 3 SYSTEMPATH\Router\RouteCollection.php(339): require('C:\\xampp\\htdocs\\SmartPlant_Care-main_CodeIgniter\\app\\Config\\Routes.php')
 4 SYSTEMPATH\CodeIgniter.php(841): CodeIgniter\Router\RouteCollection->loadRoutes()
 5 SYSTEMPATH\CodeIgniter.php(464): CodeIgniter\CodeIgniter->tryToRouteIt(null)
 6 SYSTEMPATH\CodeIgniter.php(363): CodeIgniter\CodeIgniter->handleRequest(null, Object(Config\Cache), false)
 7 SYSTEMPATH\Boot.php(417): CodeIgniter\CodeIgniter->run()
 8 SYSTEMPATH\Boot.php(68): CodeIgniter\Boot::runCodeIgniter(Object(CodeIgniter\CodeIgniter))
 9 FCPATH\index.php(59): CodeIgniter\Boot::bootWeb(Object(Config\Paths))
10 SYSTEMPATH\rewrite.php(44): require_once('C:\\xampp\\htdocs\\SmartPlant_Care-main_CodeIgniter\\public\\index.php')
WARNING - 2026-05-28 11:19:33 --> [DEPRECATED] Passing lowercase HTTP method "get" is deprecated. Use uppercase HTTP method like "GET". in SYSTEMPATH\Router\RouteCollection.php on line 1026.
 1 SYSTEMPATH\Router\RouteCollection.php(1026): trigger_error('Passing lowercase HTTP method "get" is deprecated. Use uppercase HTTP method like "GET".', 16384)
 2 APPPATH\Config\Routes.php(12): CodeIgniter\Router\RouteCollection->match([...], 'controllers/(:segment).php', 'Legacy::controller/$1')
 3 SYSTEMPATH\Router\RouteCollection.php(339): require('C:\\xampp\\htdocs\\SmartPlant_Care-main_CodeIgniter\\app\\Config\\Routes.php')
 4 SYSTEMPATH\CodeIgniter.php(841): CodeIgniter\Router\RouteCollection->loadRoutes()
 5 SYSTEMPATH\CodeIgniter.php(464): CodeIgniter\CodeIgniter->tryToRouteIt(null)
 6 SYSTEMPATH\CodeIgniter.php(363): CodeIgniter\CodeIgniter->handleRequest(null, Object(Config\Cache), false)
 7 SYSTEMPATH\Boot.php(417): CodeIgniter\CodeIgniter->run()
 8 SYSTEMPATH\Boot.php(68): CodeIgniter\Boot::runCodeIgniter(Object(CodeIgniter\CodeIgniter))
 9 FCPATH\index.php(59): CodeIgniter\Boot::bootWeb(Object(Config\Paths))
10 SYSTEMPATH\rewrite.php(44): require_once('C:\\xampp\\htdocs\\SmartPlant_Care-main_CodeIgniter\\public\\index.php')
WARNING - 2026-05-28 11:19:33 --> [DEPRECATED] Passing lowercase HTTP method "post" is deprecated. Use uppercase HTTP method like "POST". in SYSTEMPATH\Router\RouteCollection.php on line 1026.
 1 SYSTEMPATH\Router\RouteCollection.php(1026): trigger_error('Passing lowercase HTTP method "post" is deprecated. Use uppercase HTTP method like "POST".', 16384)
 2 APPPATH\Config\Routes.php(12): CodeIgniter\Router\RouteCollection->match([...], 'controllers/(:segment).php', 'Legacy::controller/$1')
 3 SYSTEMPATH\Router\RouteCollection.php(339): require('C:\\xampp\\htdocs\\SmartPlant_Care-main_CodeIgniter\\app\\Config\\Routes.php')
 4 SYSTEMPATH\CodeIgniter.php(841): CodeIgniter\Router\RouteCollection->loadRoutes()
 5 SYSTEMPATH\CodeIgniter.php(464): CodeIgniter\CodeIgniter->tryToRouteIt(null)
 6 SYSTEMPATH\CodeIgniter.php(363): CodeIgniter\CodeIgniter->handleRequest(null, Object(Config\Cache), false)
 7 SYSTEMPATH\Boot.php(417): CodeIgniter\CodeIgniter->run()
 8 SYSTEMPATH\Boot.php(68): CodeIgniter\Boot::runCodeIgniter(Object(CodeIgniter\CodeIgniter))
 9 FCPATH\index.php(59): CodeIgniter\Boot::bootWeb(Object(Config\Paths))
10 SYSTEMPATH\rewrite.php(44): require_once('C:\\xampp\\htdocs\\SmartPlant_Care-main_CodeIgniter\\public\\index.php')
WARNING - 2026-05-28 11:19:33 --> [DEPRECATED] Passing lowercase HTTP method "get" is deprecated. Use uppercase HTTP method like "GET". in SYSTEMPATH\Router\RouteCollection.php on line 1026.
 1 SYSTEMPATH\Router\RouteCollection.php(1026): trigger_error('Passing lowercase HTTP method "get" is deprecated. Use uppercase HTTP method like "GET".', 16384)
 2 APPPATH\Config\Routes.php(13): CodeIgniter\Router\RouteCollection->match([...], 'SmartPlant_Care/views/(:alpha).php', 'Legacy::view/$1')
 3 SYSTEMPATH\Router\RouteCollection.php(339): require('C:\\xampp\\htdocs\\SmartPlant_Care-main_CodeIgniter\\app\\Config\\Routes.php')
 4 SYSTEMPATH\CodeIgniter.php(841): CodeIgniter\Router\RouteCollection->loadRoutes()
 5 SYSTEMPATH\CodeIgniter.php(464): CodeIgniter\CodeIgniter->tryToRouteIt(null)
 6 SYSTEMPATH\CodeIgniter.php(363): CodeIgniter\CodeIgniter->handleRequest(null, Object(Config\Cache), false)
 7 SYSTEMPATH\Boot.php(417): CodeIgniter\CodeIgniter->run()
 8 SYSTEMPATH\Boot.php(68): CodeIgniter\Boot::runCodeIgniter(Object(CodeIgniter\CodeIgniter))
 9 FCPATH\index.php(59): CodeIgniter\Boot::bootWeb(Object(Config\Paths))
10 SYSTEMPATH\rewrite.php(44): require_once('C:\\xampp\\htdocs\\SmartPlant_Care-main_CodeIgniter\\public\\index.php')
WARNING - 2026-05-28 11:19:33 --> [DEPRECATED] Passing lowercase HTTP method "post" is deprecated. Use uppercase HTTP method like "POST". in SYSTEMPATH\Router\RouteCollection.php on line 1026.
 1 SYSTEMPATH\Router\RouteCollection.php(1026): trigger_error('Passing lowercase HTTP method "post" is deprecated. Use uppercase HTTP method like "POST".', 16384)
 2 APPPATH\Config\Routes.php(13): CodeIgniter\Router\RouteCollection->match([...], 'SmartPlant_Care/views/(:alpha).php', 'Legacy::view/$1')
 3 SYSTEMPATH\Router\RouteCollection.php(339): require('C:\\xampp\\htdocs\\SmartPlant_Care-main_CodeIgniter\\app\\Config\\Routes.php')
 4 SYSTEMPATH\CodeIgniter.php(841): CodeIgniter\Router\RouteCollection->loadRoutes()
 5 SYSTEMPATH\CodeIgniter.php(464): CodeIgniter\CodeIgniter->tryToRouteIt(null)
 6 SYSTEMPATH\CodeIgniter.php(363): CodeIgniter\CodeIgniter->handleRequest(null, Object(Config\Cache), false)
 7 SYSTEMPATH\Boot.php(417): CodeIgniter\CodeIgniter->run()
 8 SYSTEMPATH\Boot.php(68): CodeIgniter\Boot::runCodeIgniter(Object(CodeIgniter\CodeIgniter))
 9 FCPATH\index.php(59): CodeIgniter\Boot::bootWeb(Object(Config\Paths))
10 SYSTEMPATH\rewrite.php(44): require_once('C:\\xampp\\htdocs\\SmartPlant_Care-main_CodeIgniter\\public\\index.php')
WARNING - 2026-05-28 11:19:33 --> [DEPRECATED] Passing lowercase HTTP method "get" is deprecated. Use uppercase HTTP method like "GET". in SYSTEMPATH\Router\RouteCollection.php on line 1026.
 1 SYSTEMPATH\Router\RouteCollection.php(1026): trigger_error('Passing lowercase HTTP method "get" is deprecated. Use uppercase HTTP method like "GET".', 16384)
 2 APPPATH\Config\Routes.php(14): CodeIgniter\Router\RouteCollection->match([...], 'SmartPlant_Care/controllers/(:segment).php', 'Legacy::controller/$1')
 3 SYSTEMPATH\Router\RouteCollection.php(339): require('C:\\xampp\\htdocs\\SmartPlant_Care-main_CodeIgniter\\app\\Config\\Routes.php')
 4 SYSTEMPATH\CodeIgniter.php(841): CodeIgniter\Router\RouteCollection->loadRoutes()
 5 SYSTEMPATH\CodeIgniter.php(464): CodeIgniter\CodeIgniter->tryToRouteIt(null)
 6 SYSTEMPATH\CodeIgniter.php(363): CodeIgniter\CodeIgniter->handleRequest(null, Object(Config\Cache), false)
 7 SYSTEMPATH\Boot.php(417): CodeIgniter\CodeIgniter->run()
 8 SYSTEMPATH\Boot.php(68): CodeIgniter\Boot::runCodeIgniter(Object(CodeIgniter\CodeIgniter))
 9 FCPATH\index.php(59): CodeIgniter\Boot::bootWeb(Object(Config\Paths))
10 SYSTEMPATH\rewrite.php(44): require_once('C:\\xampp\\htdocs\\SmartPlant_Care-main_CodeIgniter\\public\\index.php')
WARNING - 2026-05-28 11:19:33 --> [DEPRECATED] Passing lowercase HTTP method "post" is deprecated. Use uppercase HTTP method like "POST". in SYSTEMPATH\Router\RouteCollection.php on line 1026.
 1 SYSTEMPATH\Router\RouteCollection.php(1026): trigger_error('Passing lowercase HTTP method "post" is deprecated. Use uppercase HTTP method like "POST".', 16384)
 2 APPPATH\Config\Routes.php(14): CodeIgniter\Router\RouteCollection->match([...], 'SmartPlant_Care/controllers/(:segment).php', 'Legacy::controller/$1')
 3 SYSTEMPATH\Router\RouteCollection.php(339): require('C:\\xampp\\htdocs\\SmartPlant_Care-main_CodeIgniter\\app\\Config\\Routes.php')
 4 SYSTEMPATH\CodeIgniter.php(841): CodeIgniter\Router\RouteCollection->loadRoutes()
 5 SYSTEMPATH\CodeIgniter.php(464): CodeIgniter\CodeIgniter->tryToRouteIt(null)
 6 SYSTEMPATH\CodeIgniter.php(363): CodeIgniter\CodeIgniter->handleRequest(null, Object(Config\Cache), false)
 7 SYSTEMPATH\Boot.php(417): CodeIgniter\CodeIgniter->run()
 8 SYSTEMPATH\Boot.php(68): CodeIgniter\Boot::runCodeIgniter(Object(CodeIgniter\CodeIgniter))
 9 FCPATH\index.php(59): CodeIgniter\Boot::bootWeb(Object(Config\Paths))
10 SYSTEMPATH\rewrite.php(44): require_once('C:\\xampp\\htdocs\\SmartPlant_Care-main_CodeIgniter\\public\\index.php')
WARNING - 2026-05-28 11:19:34 --> [DEPRECATED] Passing lowercase HTTP method "get" is deprecated. Use uppercase HTTP method like "GET". in SYSTEMPATH\Router\RouteCollection.php on line 1026.
 1 SYSTEMPATH\Router\RouteCollection.php(1026): trigger_error('Passing lowercase HTTP method "get" is deprecated. Use uppercase HTTP method like "GET".', 16384)
 2 APPPATH\Config\Routes.php(11): CodeIgniter\Router\RouteCollection->match([...], 'views/(:alpha).php', 'Legacy::view/$1')
 3 SYSTEMPATH\Router\RouteCollection.php(339): require('C:\\xampp\\htdocs\\SmartPlant_Care-main_CodeIgniter\\app\\Config\\Routes.php')
 4 SYSTEMPATH\CodeIgniter.php(841): CodeIgniter\Router\RouteCollection->loadRoutes()
 5 SYSTEMPATH\CodeIgniter.php(464): CodeIgniter\CodeIgniter->tryToRouteIt(null)
 6 SYSTEMPATH\CodeIgniter.php(363): CodeIgniter\CodeIgniter->handleRequest(null, Object(Config\Cache), false)
 7 SYSTEMPATH\Boot.php(417): CodeIgniter\CodeIgniter->run()
 8 SYSTEMPATH\Boot.php(68): CodeIgniter\Boot::runCodeIgniter(Object(CodeIgniter\CodeIgniter))
 9 FCPATH\index.php(59): CodeIgniter\Boot::bootWeb(Object(Config\Paths))
10 SYSTEMPATH\rewrite.php(44): require_once('C:\\xampp\\htdocs\\SmartPlant_Care-main_CodeIgniter\\public\\index.php')
WARNING - 2026-05-28 11:19:34 --> [DEPRECATED] Passing lowercase HTTP method "post" is deprecated. Use uppercase HTTP method like "POST". in SYSTEMPATH\Router\RouteCollection.php on line 1026.
 1 SYSTEMPATH\Router\RouteCollection.php(1026): trigger_error('Passing lowercase HTTP method "post" is deprecated. Use uppercase HTTP method like "POST".', 16384)
 2 APPPATH\Config\Routes.php(11): CodeIgniter\Router\RouteCollection->match([...], 'views/(:alpha).php', 'Legacy::view/$1')
 3 SYSTEMPATH\Router\RouteCollection.php(339): require('C:\\xampp\\htdocs\\SmartPlant_Care-main_CodeIgniter\\app\\Config\\Routes.php')
 4 SYSTEMPATH\CodeIgniter.php(841): CodeIgniter\Router\RouteCollection->loadRoutes()
 5 SYSTEMPATH\CodeIgniter.php(464): CodeIgniter\CodeIgniter->tryToRouteIt(null)
 6 SYSTEMPATH\CodeIgniter.php(363): CodeIgniter\CodeIgniter->handleRequest(null, Object(Config\Cache), false)
 7 SYSTEMPATH\Boot.php(417): CodeIgniter\CodeIgniter->run()
 8 SYSTEMPATH\Boot.php(68): CodeIgniter\Boot::runCodeIgniter(Object(CodeIgniter\CodeIgniter))
 9 FCPATH\index.php(59): CodeIgniter\Boot::bootWeb(Object(Config\Paths))
10 SYSTEMPATH\rewrite.php(44): require_once('C:\\xampp\\htdocs\\SmartPlant_Care-main_CodeIgniter\\public\\index.php')
WARNING - 2026-05-28 11:19:34 --> [DEPRECATED] Passing lowercase HTTP method "get" is deprecated. Use uppercase HTTP method like "GET". in SYSTEMPATH\Router\RouteCollection.php on line 1026.
 1 SYSTEMPATH\Router\RouteCollection.php(1026): trigger_error('Passing lowercase HTTP method "get" is deprecated. Use uppercase HTTP method like "GET".', 16384)
 2 APPPATH\Config\Routes.php(12): CodeIgniter\Router\RouteCollection->match([...], 'controllers/(:segment).php', 'Legacy::controller/$1')
 3 SYSTEMPATH\Router\RouteCollection.php(339): require('C:\\xampp\\htdocs\\SmartPlant_Care-main_CodeIgniter\\app\\Config\\Routes.php')
 4 SYSTEMPATH\CodeIgniter.php(841): CodeIgniter\Router\RouteCollection->loadRoutes()
 5 SYSTEMPATH\CodeIgniter.php(464): CodeIgniter\CodeIgniter->tryToRouteIt(null)
 6 SYSTEMPATH\CodeIgniter.php(363): CodeIgniter\CodeIgniter->handleRequest(null, Object(Config\Cache), false)
 7 SYSTEMPATH\Boot.php(417): CodeIgniter\CodeIgniter->run()
 8 SYSTEMPATH\Boot.php(68): CodeIgniter\Boot::runCodeIgniter(Object(CodeIgniter\CodeIgniter))
 9 FCPATH\index.php(59): CodeIgniter\Boot::bootWeb(Object(Config\Paths))
10 SYSTEMPATH\rewrite.php(44): require_once('C:\\xampp\\htdocs\\SmartPlant_Care-main_CodeIgniter\\public\\index.php')
WARNING - 2026-05-28 11:19:34 --> [DEPRECATED] Passing lowercase HTTP method "post" is deprecated. Use uppercase HTTP method like "POST". in SYSTEMPATH\Router\RouteCollection.php on line 1026.
 1 SYSTEMPATH\Router\RouteCollection.php(1026): trigger_error('Passing lowercase HTTP method "post" is deprecated. Use uppercase HTTP method like "POST".', 16384)
 2 APPPATH\Config\Routes.php(12): CodeIgniter\Router\RouteCollection->match([...], 'controllers/(:segment).php', 'Legacy::controller/$1')
 3 SYSTEMPATH\Router\RouteCollection.php(339): require('C:\\xampp\\htdocs\\SmartPlant_Care-main_CodeIgniter\\app\\Config\\Routes.php')
 4 SYSTEMPATH\CodeIgniter.php(841): CodeIgniter\Router\RouteCollection->loadRoutes()
 5 SYSTEMPATH\CodeIgniter.php(464): CodeIgniter\CodeIgniter->tryToRouteIt(null)
 6 SYSTEMPATH\CodeIgniter.php(363): CodeIgniter\CodeIgniter->handleRequest(null, Object(Config\Cache), false)
 7 SYSTEMPATH\Boot.php(417): CodeIgniter\CodeIgniter->run()
 8 SYSTEMPATH\Boot.php(68): CodeIgniter\Boot::runCodeIgniter(Object(CodeIgniter\CodeIgniter))
 9 FCPATH\index.php(59): CodeIgniter\Boot::bootWeb(Object(Config\Paths))
10 SYSTEMPATH\rewrite.php(44): require_once('C:\\xampp\\htdocs\\SmartPlant_Care-main_CodeIgniter\\public\\index.php')
WARNING - 2026-05-28 11:19:34 --> [DEPRECATED] Passing lowercase HTTP method "get" is deprecated. Use uppercase HTTP method like "GET". in SYSTEMPATH\Router\RouteCollection.php on line 1026.
 1 SYSTEMPATH\Router\RouteCollection.php(1026): trigger_error('Passing lowercase HTTP method "get" is deprecated. Use uppercase HTTP method like "GET".', 16384)
 2 APPPATH\Config\Routes.php(13): CodeIgniter\Router\RouteCollection->match([...], 'SmartPlant_Care/views/(:alpha).php', 'Legacy::view/$1')
 3 SYSTEMPATH\Router\RouteCollection.php(339): require('C:\\xampp\\htdocs\\SmartPlant_Care-main_CodeIgniter\\app\\Config\\Routes.php')
 4 SYSTEMPATH\CodeIgniter.php(841): CodeIgniter\Router\RouteCollection->loadRoutes()
 5 SYSTEMPATH\CodeIgniter.php(464): CodeIgniter\CodeIgniter->tryToRouteIt(null)
 6 SYSTEMPATH\CodeIgniter.php(363): CodeIgniter\CodeIgniter->handleRequest(null, Object(Config\Cache), false)
 7 SYSTEMPATH\Boot.php(417): CodeIgniter\CodeIgniter->run()
 8 SYSTEMPATH\Boot.php(68): CodeIgniter\Boot::runCodeIgniter(Object(CodeIgniter\CodeIgniter))
 9 FCPATH\index.php(59): CodeIgniter\Boot::bootWeb(Object(Config\Paths))
10 SYSTEMPATH\rewrite.php(44): require_once('C:\\xampp\\htdocs\\SmartPlant_Care-main_CodeIgniter\\public\\index.php')
WARNING - 2026-05-28 11:19:34 --> [DEPRECATED] Passing lowercase HTTP method "post" is deprecated. Use uppercase HTTP method like "POST". in SYSTEMPATH\Router\RouteCollection.php on line 1026.
 1 SYSTEMPATH\Router\RouteCollection.php(1026): trigger_error('Passing lowercase HTTP method "post" is deprecated. Use uppercase HTTP method like "POST".', 16384)
 2 APPPATH\Config\Routes.php(13): CodeIgniter\Router\RouteCollection->match([...], 'SmartPlant_Care/views/(:alpha).php', 'Legacy::view/$1')
 3 SYSTEMPATH\Router\RouteCollection.php(339): require('C:\\xampp\\htdocs\\SmartPlant_Care-main_CodeIgniter\\app\\Config\\Routes.php')
 4 SYSTEMPATH\CodeIgniter.php(841): CodeIgniter\Router\RouteCollection->loadRoutes()
 5 SYSTEMPATH\CodeIgniter.php(464): CodeIgniter\CodeIgniter->tryToRouteIt(null)
 6 SYSTEMPATH\CodeIgniter.php(363): CodeIgniter\CodeIgniter->handleRequest(null, Object(Config\Cache), false)
 7 SYSTEMPATH\Boot.php(417): CodeIgniter\CodeIgniter->run()
 8 SYSTEMPATH\Boot.php(68): CodeIgniter\Boot::runCodeIgniter(Object(CodeIgniter\CodeIgniter))
 9 FCPATH\index.php(59): CodeIgniter\Boot::bootWeb(Object(Config\Paths))
10 SYSTEMPATH\rewrite.php(44): require_once('C:\\xampp\\htdocs\\SmartPlant_Care-main_CodeIgniter\\public\\index.php')
WARNING - 2026-05-28 11:19:34 --> [DEPRECATED] Passing lowercase HTTP method "get" is deprecated. Use uppercase HTTP method like "GET". in SYSTEMPATH\Router\RouteCollection.php on line 1026.
 1 SYSTEMPATH\Router\RouteCollection.php(1026): trigger_error('Passing lowercase HTTP method "get" is deprecated. Use uppercase HTTP method like "GET".', 16384)
 2 APPPATH\Config\Routes.php(14): CodeIgniter\Router\RouteCollection->match([...], 'SmartPlant_Care/controllers/(:segment).php', 'Legacy::controller/$1')
 3 SYSTEMPATH\Router\RouteCollection.php(339): require('C:\\xampp\\htdocs\\SmartPlant_Care-main_CodeIgniter\\app\\Config\\Routes.php')
 4 SYSTEMPATH\CodeIgniter.php(841): CodeIgniter\Router\RouteCollection->loadRoutes()
 5 SYSTEMPATH\CodeIgniter.php(464): CodeIgniter\CodeIgniter->tryToRouteIt(null)
 6 SYSTEMPATH\CodeIgniter.php(363): CodeIgniter\CodeIgniter->handleRequest(null, Object(Config\Cache), false)
 7 SYSTEMPATH\Boot.php(417): CodeIgniter\CodeIgniter->run()
 8 SYSTEMPATH\Boot.php(68): CodeIgniter\Boot::runCodeIgniter(Object(CodeIgniter\CodeIgniter))
 9 FCPATH\index.php(59): CodeIgniter\Boot::bootWeb(Object(Config\Paths))
10 SYSTEMPATH\rewrite.php(44): require_once('C:\\xampp\\htdocs\\SmartPlant_Care-main_CodeIgniter\\public\\index.php')
WARNING - 2026-05-28 11:19:34 --> [DEPRECATED] Passing lowercase HTTP method "post" is deprecated. Use uppercase HTTP method like "POST". in SYSTEMPATH\Router\RouteCollection.php on line 1026.
 1 SYSTEMPATH\Router\RouteCollection.php(1026): trigger_error('Passing lowercase HTTP method "post" is deprecated. Use uppercase HTTP method like "POST".', 16384)
 2 APPPATH\Config\Routes.php(14): CodeIgniter\Router\RouteCollection->match([...], 'SmartPlant_Care/controllers/(:segment).php', 'Legacy::controller/$1')
 3 SYSTEMPATH\Router\RouteCollection.php(339): require('C:\\xampp\\htdocs\\SmartPlant_Care-main_CodeIgniter\\app\\Config\\Routes.php')
 4 SYSTEMPATH\CodeIgniter.php(841): CodeIgniter\Router\RouteCollection->loadRoutes()
 5 SYSTEMPATH\CodeIgniter.php(464): CodeIgniter\CodeIgniter->tryToRouteIt(null)
 6 SYSTEMPATH\CodeIgniter.php(363): CodeIgniter\CodeIgniter->handleRequest(null, Object(Config\Cache), false)
 7 SYSTEMPATH\Boot.php(417): CodeIgniter\CodeIgniter->run()
 8 SYSTEMPATH\Boot.php(68): CodeIgniter\Boot::runCodeIgniter(Object(CodeIgniter\CodeIgniter))
 9 FCPATH\index.php(59): CodeIgniter\Boot::bootWeb(Object(Config\Paths))
10 SYSTEMPATH\rewrite.php(44): require_once('C:\\xampp\\htdocs\\SmartPlant_Care-main_CodeIgniter\\public\\index.php')
DEBUG - 2026-05-28 11:19:34 --> Session: Class initialized using 'CodeIgniter\Session\Handlers\FileHandler' driver.
WARNING - 2026-05-28 11:19:34 --> [DEPRECATED] Passing lowercase HTTP method "get" is deprecated. Use uppercase HTTP method like "GET". in SYSTEMPATH\Router\RouteCollection.php on line 1026.
 1 SYSTEMPATH\Router\RouteCollection.php(1026): trigger_error('Passing lowercase HTTP method "get" is deprecated. Use uppercase HTTP method like "GET".', 16384)
 2 APPPATH\Config\Routes.php(11): CodeIgniter\Router\RouteCollection->match([...], 'views/(:alpha).php', 'Legacy::view/$1')
 3 SYSTEMPATH\Router\RouteCollection.php(339): require('C:\\xampp\\htdocs\\SmartPlant_Care-main_CodeIgniter\\app\\Config\\Routes.php')
 4 SYSTEMPATH\CodeIgniter.php(841): CodeIgniter\Router\RouteCollection->loadRoutes()
 5 SYSTEMPATH\CodeIgniter.php(464): CodeIgniter\CodeIgniter->tryToRouteIt(null)
 6 SYSTEMPATH\CodeIgniter.php(363): CodeIgniter\CodeIgniter->handleRequest(null, Object(Config\Cache), false)
 7 SYSTEMPATH\Boot.php(417): CodeIgniter\CodeIgniter->run()
 8 SYSTEMPATH\Boot.php(68): CodeIgniter\Boot::runCodeIgniter(Object(CodeIgniter\CodeIgniter))
 9 FCPATH\index.php(59): CodeIgniter\Boot::bootWeb(Object(Config\Paths))
10 SYSTEMPATH\rewrite.php(44): require_once('C:\\xampp\\htdocs\\SmartPlant_Care-main_CodeIgniter\\public\\index.php')
WARNING - 2026-05-28 11:19:34 --> [DEPRECATED] Passing lowercase HTTP method "post" is deprecated. Use uppercase HTTP method like "POST". in SYSTEMPATH\Router\RouteCollection.php on line 1026.
 1 SYSTEMPATH\Router\RouteCollection.php(1026): trigger_error('Passing lowercase HTTP method "post" is deprecated. Use uppercase HTTP method like "POST".', 16384)
 2 APPPATH\Config\Routes.php(11): CodeIgniter\Router\RouteCollection->match([...], 'views/(:alpha).php', 'Legacy::view/$1')
 3 SYSTEMPATH\Router\RouteCollection.php(339): require('C:\\xampp\\htdocs\\SmartPlant_Care-main_CodeIgniter\\app\\Config\\Routes.php')
 4 SYSTEMPATH\CodeIgniter.php(841): CodeIgniter\Router\RouteCollection->loadRoutes()
 5 SYSTEMPATH\CodeIgniter.php(464): CodeIgniter\CodeIgniter->tryToRouteIt(null)
 6 SYSTEMPATH\CodeIgniter.php(363): CodeIgniter\CodeIgniter->handleRequest(null, Object(Config\Cache), false)
 7 SYSTEMPATH\Boot.php(417): CodeIgniter\CodeIgniter->run()
 8 SYSTEMPATH\Boot.php(68): CodeIgniter\Boot::runCodeIgniter(Object(CodeIgniter\CodeIgniter))
 9 FCPATH\index.php(59): CodeIgniter\Boot::bootWeb(Object(Config\Paths))
10 SYSTEMPATH\rewrite.php(44): require_once('C:\\xampp\\htdocs\\SmartPlant_Care-main_CodeIgniter\\public\\index.php')
WARNING - 2026-05-28 11:19:34 --> [DEPRECATED] Passing lowercase HTTP method "get" is deprecated. Use uppercase HTTP method like "GET". in SYSTEMPATH\Router\RouteCollection.php on line 1026.
 1 SYSTEMPATH\Router\RouteCollection.php(1026): trigger_error('Passing lowercase HTTP method "get" is deprecated. Use uppercase HTTP method like "GET".', 16384)
 2 APPPATH\Config\Routes.php(12): CodeIgniter\Router\RouteCollection->match([...], 'controllers/(:segment).php', 'Legacy::controller/$1')
 3 SYSTEMPATH\Router\RouteCollection.php(339): require('C:\\xampp\\htdocs\\SmartPlant_Care-main_CodeIgniter\\app\\Config\\Routes.php')
 4 SYSTEMPATH\CodeIgniter.php(841): CodeIgniter\Router\RouteCollection->loadRoutes()
 5 SYSTEMPATH\CodeIgniter.php(464): CodeIgniter\CodeIgniter->tryToRouteIt(null)
 6 SYSTEMPATH\CodeIgniter.php(363): CodeIgniter\CodeIgniter->handleRequest(null, Object(Config\Cache), false)
 7 SYSTEMPATH\Boot.php(417): CodeIgniter\CodeIgniter->run()
 8 SYSTEMPATH\Boot.php(68): CodeIgniter\Boot::runCodeIgniter(Object(CodeIgniter\CodeIgniter))
 9 FCPATH\index.php(59): CodeIgniter\Boot::bootWeb(Object(Config\Paths))
10 SYSTEMPATH\rewrite.php(44): require_once('C:\\xampp\\htdocs\\SmartPlant_Care-main_CodeIgniter\\public\\index.php')
WARNING - 2026-05-28 11:19:34 --> [DEPRECATED] Passing lowercase HTTP method "post" is deprecated. Use uppercase HTTP method like "POST". in SYSTEMPATH\Router\RouteCollection.php on line 1026.
 1 SYSTEMPATH\Router\RouteCollection.php(1026): trigger_error('Passing lowercase HTTP method "post" is deprecated. Use uppercase HTTP method like "POST".', 16384)
 2 APPPATH\Config\Routes.php(12): CodeIgniter\Router\RouteCollection->match([...], 'controllers/(:segment).php', 'Legacy::controller/$1')
 3 SYSTEMPATH\Router\RouteCollection.php(339): require('C:\\xampp\\htdocs\\SmartPlant_Care-main_CodeIgniter\\app\\Config\\Routes.php')
 4 SYSTEMPATH\CodeIgniter.php(841): CodeIgniter\Router\RouteCollection->loadRoutes()
 5 SYSTEMPATH\CodeIgniter.php(464): CodeIgniter\CodeIgniter->tryToRouteIt(null)
 6 SYSTEMPATH\CodeIgniter.php(363): CodeIgniter\CodeIgniter->handleRequest(null, Object(Config\Cache), false)
 7 SYSTEMPATH\Boot.php(417): CodeIgniter\CodeIgniter->run()
 8 SYSTEMPATH\Boot.php(68): CodeIgniter\Boot::runCodeIgniter(Object(CodeIgniter\CodeIgniter))
 9 FCPATH\index.php(59): CodeIgniter\Boot::bootWeb(Object(Config\Paths))
10 SYSTEMPATH\rewrite.php(44): require_once('C:\\xampp\\htdocs\\SmartPlant_Care-main_CodeIgniter\\public\\index.php')
WARNING - 2026-05-28 11:19:34 --> [DEPRECATED] Passing lowercase HTTP method "get" is deprecated. Use uppercase HTTP method like "GET". in SYSTEMPATH\Router\RouteCollection.php on line 1026.
 1 SYSTEMPATH\Router\RouteCollection.php(1026): trigger_error('Passing lowercase HTTP method "get" is deprecated. Use uppercase HTTP method like "GET".', 16384)
 2 APPPATH\Config\Routes.php(13): CodeIgniter\Router\RouteCollection->match([...], 'SmartPlant_Care/views/(:alpha).php', 'Legacy::view/$1')
 3 SYSTEMPATH\Router\RouteCollection.php(339): require('C:\\xampp\\htdocs\\SmartPlant_Care-main_CodeIgniter\\app\\Config\\Routes.php')
 4 SYSTEMPATH\CodeIgniter.php(841): CodeIgniter\Router\RouteCollection->loadRoutes()
 5 SYSTEMPATH\CodeIgniter.php(464): CodeIgniter\CodeIgniter->tryToRouteIt(null)
 6 SYSTEMPATH\CodeIgniter.php(363): CodeIgniter\CodeIgniter->handleRequest(null, Object(Config\Cache), false)
 7 SYSTEMPATH\Boot.php(417): CodeIgniter\CodeIgniter->run()
 8 SYSTEMPATH\Boot.php(68): CodeIgniter\Boot::runCodeIgniter(Object(CodeIgniter\CodeIgniter))
 9 FCPATH\index.php(59): CodeIgniter\Boot::bootWeb(Object(Config\Paths))
10 SYSTEMPATH\rewrite.php(44): require_once('C:\\xampp\\htdocs\\SmartPlant_Care-main_CodeIgniter\\public\\index.php')
WARNING - 2026-05-28 11:19:34 --> [DEPRECATED] Passing lowercase HTTP method "post" is deprecated. Use uppercase HTTP method like "POST". in SYSTEMPATH\Router\RouteCollection.php on line 1026.
 1 SYSTEMPATH\Router\RouteCollection.php(1026): trigger_error('Passing lowercase HTTP method "post" is deprecated. Use uppercase HTTP method like "POST".', 16384)
 2 APPPATH\Config\Routes.php(13): CodeIgniter\Router\RouteCollection->match([...], 'SmartPlant_Care/views/(:alpha).php', 'Legacy::view/$1')
 3 SYSTEMPATH\Router\RouteCollection.php(339): require('C:\\xampp\\htdocs\\SmartPlant_Care-main_CodeIgniter\\app\\Config\\Routes.php')
 4 SYSTEMPATH\CodeIgniter.php(841): CodeIgniter\Router\RouteCollection->loadRoutes()
 5 SYSTEMPATH\CodeIgniter.php(464): CodeIgniter\CodeIgniter->tryToRouteIt(null)
 6 SYSTEMPATH\CodeIgniter.php(363): CodeIgniter\CodeIgniter->handleRequest(null, Object(Config\Cache), false)
 7 SYSTEMPATH\Boot.php(417): CodeIgniter\CodeIgniter->run()
 8 SYSTEMPATH\Boot.php(68): CodeIgniter\Boot::runCodeIgniter(Object(CodeIgniter\CodeIgniter))
 9 FCPATH\index.php(59): CodeIgniter\Boot::bootWeb(Object(Config\Paths))
10 SYSTEMPATH\rewrite.php(44): require_once('C:\\xampp\\htdocs\\SmartPlant_Care-main_CodeIgniter\\public\\index.php')
WARNING - 2026-05-28 11:19:34 --> [DEPRECATED] Passing lowercase HTTP method "get" is deprecated. Use uppercase HTTP method like "GET". in SYSTEMPATH\Router\RouteCollection.php on line 1026.
 1 SYSTEMPATH\Router\RouteCollection.php(1026): trigger_error('Passing lowercase HTTP method "get" is deprecated. Use uppercase HTTP method like "GET".', 16384)
 2 APPPATH\Config\Routes.php(14): CodeIgniter\Router\RouteCollection->match([...], 'SmartPlant_Care/controllers/(:segment).php', 'Legacy::controller/$1')
 3 SYSTEMPATH\Router\RouteCollection.php(339): require('C:\\xampp\\htdocs\\SmartPlant_Care-main_CodeIgniter\\app\\Config\\Routes.php')
 4 SYSTEMPATH\CodeIgniter.php(841): CodeIgniter\Router\RouteCollection->loadRoutes()
 5 SYSTEMPATH\CodeIgniter.php(464): CodeIgniter\CodeIgniter->tryToRouteIt(null)
 6 SYSTEMPATH\CodeIgniter.php(363): CodeIgniter\CodeIgniter->handleRequest(null, Object(Config\Cache), false)
 7 SYSTEMPATH\Boot.php(417): CodeIgniter\CodeIgniter->run()
 8 SYSTEMPATH\Boot.php(68): CodeIgniter\Boot::runCodeIgniter(Object(CodeIgniter\CodeIgniter))
 9 FCPATH\index.php(59): CodeIgniter\Boot::bootWeb(Object(Config\Paths))
10 SYSTEMPATH\rewrite.php(44): require_once('C:\\xampp\\htdocs\\SmartPlant_Care-main_CodeIgniter\\public\\index.php')
WARNING - 2026-05-28 11:19:35 --> [DEPRECATED] Passing lowercase HTTP method "post" is deprecated. Use uppercase HTTP method like "POST". in SYSTEMPATH\Router\RouteCollection.php on line 1026.
 1 SYSTEMPATH\Router\RouteCollection.php(1026): trigger_error('Passing lowercase HTTP method "post" is deprecated. Use uppercase HTTP method like "POST".', 16384)
 2 APPPATH\Config\Routes.php(14): CodeIgniter\Router\RouteCollection->match([...], 'SmartPlant_Care/controllers/(:segment).php', 'Legacy::controller/$1')
 3 SYSTEMPATH\Router\RouteCollection.php(339): require('C:\\xampp\\htdocs\\SmartPlant_Care-main_CodeIgniter\\app\\Config\\Routes.php')
 4 SYSTEMPATH\CodeIgniter.php(841): CodeIgniter\Router\RouteCollection->loadRoutes()
 5 SYSTEMPATH\CodeIgniter.php(464): CodeIgniter\CodeIgniter->tryToRouteIt(null)
 6 SYSTEMPATH\CodeIgniter.php(363): CodeIgniter\CodeIgniter->handleRequest(null, Object(Config\Cache), false)
 7 SYSTEMPATH\Boot.php(417): CodeIgniter\CodeIgniter->run()
 8 SYSTEMPATH\Boot.php(68): CodeIgniter\Boot::runCodeIgniter(Object(CodeIgniter\CodeIgniter))
 9 FCPATH\index.php(59): CodeIgniter\Boot::bootWeb(Object(Config\Paths))
10 SYSTEMPATH\rewrite.php(44): require_once('C:\\xampp\\htdocs\\SmartPlant_Care-main_CodeIgniter\\public\\index.php')
WARNING - 2026-05-28 11:19:37 --> [DEPRECATED] Passing lowercase HTTP method "get" is deprecated. Use uppercase HTTP method like "GET". in SYSTEMPATH\Router\RouteCollection.php on line 1026.
 1 SYSTEMPATH\Router\RouteCollection.php(1026): trigger_error('Passing lowercase HTTP method "get" is deprecated. Use uppercase HTTP method like "GET".', 16384)
 2 APPPATH\Config\Routes.php(11): CodeIgniter\Router\RouteCollection->match([...], 'views/(:alpha).php', 'Legacy::view/$1')
 3 SYSTEMPATH\Router\RouteCollection.php(339): require('C:\\xampp\\htdocs\\SmartPlant_Care-main_CodeIgniter\\app\\Config\\Routes.php')
 4 SYSTEMPATH\CodeIgniter.php(841): CodeIgniter\Router\RouteCollection->loadRoutes()
 5 SYSTEMPATH\CodeIgniter.php(464): CodeIgniter\CodeIgniter->tryToRouteIt(null)
 6 SYSTEMPATH\CodeIgniter.php(363): CodeIgniter\CodeIgniter->handleRequest(null, Object(Config\Cache), false)
 7 SYSTEMPATH\Boot.php(417): CodeIgniter\CodeIgniter->run()
 8 SYSTEMPATH\Boot.php(68): CodeIgniter\Boot::runCodeIgniter(Object(CodeIgniter\CodeIgniter))
 9 FCPATH\index.php(59): CodeIgniter\Boot::bootWeb(Object(Config\Paths))
10 SYSTEMPATH\rewrite.php(44): require_once('C:\\xampp\\htdocs\\SmartPlant_Care-main_CodeIgniter\\public\\index.php')
WARNING - 2026-05-28 11:19:37 --> [DEPRECATED] Passing lowercase HTTP method "post" is deprecated. Use uppercase HTTP method like "POST". in SYSTEMPATH\Router\RouteCollection.php on line 1026.
 1 SYSTEMPATH\Router\RouteCollection.php(1026): trigger_error('Passing lowercase HTTP method "post" is deprecated. Use uppercase HTTP method like "POST".', 16384)
 2 APPPATH\Config\Routes.php(11): CodeIgniter\Router\RouteCollection->match([...], 'views/(:alpha).php', 'Legacy::view/$1')
 3 SYSTEMPATH\Router\RouteCollection.php(339): require('C:\\xampp\\htdocs\\SmartPlant_Care-main_CodeIgniter\\app\\Config\\Routes.php')
 4 SYSTEMPATH\CodeIgniter.php(841): CodeIgniter\Router\RouteCollection->loadRoutes()
 5 SYSTEMPATH\CodeIgniter.php(464): CodeIgniter\CodeIgniter->tryToRouteIt(null)
 6 SYSTEMPATH\CodeIgniter.php(363): CodeIgniter\CodeIgniter->handleRequest(null, Object(Config\Cache), false)
 7 SYSTEMPATH\Boot.php(417): CodeIgniter\CodeIgniter->run()
 8 SYSTEMPATH\Boot.php(68): CodeIgniter\Boot::runCodeIgniter(Object(CodeIgniter\CodeIgniter))
 9 FCPATH\index.php(59): CodeIgniter\Boot::bootWeb(Object(Config\Paths))
10 SYSTEMPATH\rewrite.php(44): require_once('C:\\xampp\\htdocs\\SmartPlant_Care-main_CodeIgniter\\public\\index.php')
WARNING - 2026-05-28 11:19:37 --> [DEPRECATED] Passing lowercase HTTP method "get" is deprecated. Use uppercase HTTP method like "GET". in SYSTEMPATH\Router\RouteCollection.php on line 1026.
 1 SYSTEMPATH\Router\RouteCollection.php(1026): trigger_error('Passing lowercase HTTP method "get" is deprecated. Use uppercase HTTP method like "GET".', 16384)
 2 APPPATH\Config\Routes.php(12): CodeIgniter\Router\RouteCollection->match([...], 'controllers/(:segment).php', 'Legacy::controller/$1')
 3 SYSTEMPATH\Router\RouteCollection.php(339): require('C:\\xampp\\htdocs\\SmartPlant_Care-main_CodeIgniter\\app\\Config\\Routes.php')
 4 SYSTEMPATH\CodeIgniter.php(841): CodeIgniter\Router\RouteCollection->loadRoutes()
 5 SYSTEMPATH\CodeIgniter.php(464): CodeIgniter\CodeIgniter->tryToRouteIt(null)
 6 SYSTEMPATH\CodeIgniter.php(363): CodeIgniter\CodeIgniter->handleRequest(null, Object(Config\Cache), false)
 7 SYSTEMPATH\Boot.php(417): CodeIgniter\CodeIgniter->run()
 8 SYSTEMPATH\Boot.php(68): CodeIgniter\Boot::runCodeIgniter(Object(CodeIgniter\CodeIgniter))
 9 FCPATH\index.php(59): CodeIgniter\Boot::bootWeb(Object(Config\Paths))
10 SYSTEMPATH\rewrite.php(44): require_once('C:\\xampp\\htdocs\\SmartPlant_Care-main_CodeIgniter\\public\\index.php')
WARNING - 2026-05-28 11:19:37 --> [DEPRECATED] Passing lowercase HTTP method "post" is deprecated. Use uppercase HTTP method like "POST". in SYSTEMPATH\Router\RouteCollection.php on line 1026.
 1 SYSTEMPATH\Router\RouteCollection.php(1026): trigger_error('Passing lowercase HTTP method "post" is deprecated. Use uppercase HTTP method like "POST".', 16384)
 2 APPPATH\Config\Routes.php(12): CodeIgniter\Router\RouteCollection->match([...], 'controllers/(:segment).php', 'Legacy::controller/$1')
 3 SYSTEMPATH\Router\RouteCollection.php(339): require('C:\\xampp\\htdocs\\SmartPlant_Care-main_CodeIgniter\\app\\Config\\Routes.php')
 4 SYSTEMPATH\CodeIgniter.php(841): CodeIgniter\Router\RouteCollection->loadRoutes()
 5 SYSTEMPATH\CodeIgniter.php(464): CodeIgniter\CodeIgniter->tryToRouteIt(null)
 6 SYSTEMPATH\CodeIgniter.php(363): CodeIgniter\CodeIgniter->handleRequest(null, Object(Config\Cache), false)
 7 SYSTEMPATH\Boot.php(417): CodeIgniter\CodeIgniter->run()
 8 SYSTEMPATH\Boot.php(68): CodeIgniter\Boot::runCodeIgniter(Object(CodeIgniter\CodeIgniter))
 9 FCPATH\index.php(59): CodeIgniter\Boot::bootWeb(Object(Config\Paths))
10 SYSTEMPATH\rewrite.php(44): require_once('C:\\xampp\\htdocs\\SmartPlant_Care-main_CodeIgniter\\public\\index.php')
WARNING - 2026-05-28 11:19:37 --> [DEPRECATED] Passing lowercase HTTP method "get" is deprecated. Use uppercase HTTP method like "GET". in SYSTEMPATH\Router\RouteCollection.php on line 1026.
 1 SYSTEMPATH\Router\RouteCollection.php(1026): trigger_error('Passing lowercase HTTP method "get" is deprecated. Use uppercase HTTP method like "GET".', 16384)
 2 APPPATH\Config\Routes.php(13): CodeIgniter\Router\RouteCollection->match([...], 'SmartPlant_Care/views/(:alpha).php', 'Legacy::view/$1')
 3 SYSTEMPATH\Router\RouteCollection.php(339): require('C:\\xampp\\htdocs\\SmartPlant_Care-main_CodeIgniter\\app\\Config\\Routes.php')
 4 SYSTEMPATH\CodeIgniter.php(841): CodeIgniter\Router\RouteCollection->loadRoutes()
 5 SYSTEMPATH\CodeIgniter.php(464): CodeIgniter\CodeIgniter->tryToRouteIt(null)
 6 SYSTEMPATH\CodeIgniter.php(363): CodeIgniter\CodeIgniter->handleRequest(null, Object(Config\Cache), false)
 7 SYSTEMPATH\Boot.php(417): CodeIgniter\CodeIgniter->run()
 8 SYSTEMPATH\Boot.php(68): CodeIgniter\Boot::runCodeIgniter(Object(CodeIgniter\CodeIgniter))
 9 FCPATH\index.php(59): CodeIgniter\Boot::bootWeb(Object(Config\Paths))
10 SYSTEMPATH\rewrite.php(44): require_once('C:\\xampp\\htdocs\\SmartPlant_Care-main_CodeIgniter\\public\\index.php')
WARNING - 2026-05-28 11:19:37 --> [DEPRECATED] Passing lowercase HTTP method "post" is deprecated. Use uppercase HTTP method like "POST". in SYSTEMPATH\Router\RouteCollection.php on line 1026.
 1 SYSTEMPATH\Router\RouteCollection.php(1026): trigger_error('Passing lowercase HTTP method "post" is deprecated. Use uppercase HTTP method like "POST".', 16384)
 2 APPPATH\Config\Routes.php(13): CodeIgniter\Router\RouteCollection->match([...], 'SmartPlant_Care/views/(:alpha).php', 'Legacy::view/$1')
 3 SYSTEMPATH\Router\RouteCollection.php(339): require('C:\\xampp\\htdocs\\SmartPlant_Care-main_CodeIgniter\\app\\Config\\Routes.php')
 4 SYSTEMPATH\CodeIgniter.php(841): CodeIgniter\Router\RouteCollection->loadRoutes()
 5 SYSTEMPATH\CodeIgniter.php(464): CodeIgniter\CodeIgniter->tryToRouteIt(null)
 6 SYSTEMPATH\CodeIgniter.php(363): CodeIgniter\CodeIgniter->handleRequest(null, Object(Config\Cache), false)
 7 SYSTEMPATH\Boot.php(417): CodeIgniter\CodeIgniter->run()
 8 SYSTEMPATH\Boot.php(68): CodeIgniter\Boot::runCodeIgniter(Object(CodeIgniter\CodeIgniter))
 9 FCPATH\index.php(59): CodeIgniter\Boot::bootWeb(Object(Config\Paths))
10 SYSTEMPATH\rewrite.php(44): require_once('C:\\xampp\\htdocs\\SmartPlant_Care-main_CodeIgniter\\public\\index.php')
WARNING - 2026-05-28 11:19:37 --> [DEPRECATED] Passing lowercase HTTP method "get" is deprecated. Use uppercase HTTP method like "GET". in SYSTEMPATH\Router\RouteCollection.php on line 1026.
 1 SYSTEMPATH\Router\RouteCollection.php(1026): trigger_error('Passing lowercase HTTP method "get" is deprecated. Use uppercase HTTP method like "GET".', 16384)
 2 APPPATH\Config\Routes.php(14): CodeIgniter\Router\RouteCollection->match([...], 'SmartPlant_Care/controllers/(:segment).php', 'Legacy::controller/$1')
 3 SYSTEMPATH\Router\RouteCollection.php(339): require('C:\\xampp\\htdocs\\SmartPlant_Care-main_CodeIgniter\\app\\Config\\Routes.php')
 4 SYSTEMPATH\CodeIgniter.php(841): CodeIgniter\Router\RouteCollection->loadRoutes()
 5 SYSTEMPATH\CodeIgniter.php(464): CodeIgniter\CodeIgniter->tryToRouteIt(null)
 6 SYSTEMPATH\CodeIgniter.php(363): CodeIgniter\CodeIgniter->handleRequest(null, Object(Config\Cache), false)
 7 SYSTEMPATH\Boot.php(417): CodeIgniter\CodeIgniter->run()
 8 SYSTEMPATH\Boot.php(68): CodeIgniter\Boot::runCodeIgniter(Object(CodeIgniter\CodeIgniter))
 9 FCPATH\index.php(59): CodeIgniter\Boot::bootWeb(Object(Config\Paths))
10 SYSTEMPATH\rewrite.php(44): require_once('C:\\xampp\\htdocs\\SmartPlant_Care-main_CodeIgniter\\public\\index.php')
WARNING - 2026-05-28 11:19:37 --> [DEPRECATED] Passing lowercase HTTP method "post" is deprecated. Use uppercase HTTP method like "POST". in SYSTEMPATH\Router\RouteCollection.php on line 1026.
 1 SYSTEMPATH\Router\RouteCollection.php(1026): trigger_error('Passing lowercase HTTP method "post" is deprecated. Use uppercase HTTP method like "POST".', 16384)
 2 APPPATH\Config\Routes.php(14): CodeIgniter\Router\RouteCollection->match([...], 'SmartPlant_Care/controllers/(:segment).php', 'Legacy::controller/$1')
 3 SYSTEMPATH\Router\RouteCollection.php(339): require('C:\\xampp\\htdocs\\SmartPlant_Care-main_CodeIgniter\\app\\Config\\Routes.php')
 4 SYSTEMPATH\CodeIgniter.php(841): CodeIgniter\Router\RouteCollection->loadRoutes()
 5 SYSTEMPATH\CodeIgniter.php(464): CodeIgniter\CodeIgniter->tryToRouteIt(null)
 6 SYSTEMPATH\CodeIgniter.php(363): CodeIgniter\CodeIgniter->handleRequest(null, Object(Config\Cache), false)
 7 SYSTEMPATH\Boot.php(417): CodeIgniter\CodeIgniter->run()
 8 SYSTEMPATH\Boot.php(68): CodeIgniter\Boot::runCodeIgniter(Object(CodeIgniter\CodeIgniter))
 9 FCPATH\index.php(59): CodeIgniter\Boot::bootWeb(Object(Config\Paths))
10 SYSTEMPATH\rewrite.php(44): require_once('C:\\xampp\\htdocs\\SmartPlant_Care-main_CodeIgniter\\public\\index.php')
WARNING - 2026-05-28 11:19:59 --> [DEPRECATED] Passing lowercase HTTP method "get" is deprecated. Use uppercase HTTP method like "GET". in SYSTEMPATH\Router\RouteCollection.php on line 1026.
 1 SYSTEMPATH\Router\RouteCollection.php(1026): trigger_error('Passing lowercase HTTP method "get" is deprecated. Use uppercase HTTP method like "GET".', 16384)
 2 APPPATH\Config\Routes.php(11): CodeIgniter\Router\RouteCollection->match([...], 'views/(:alpha).php', 'Legacy::view/$1')
 3 SYSTEMPATH\Router\RouteCollection.php(339): require('C:\\xampp\\htdocs\\SmartPlant_Care-main_CodeIgniter\\app\\Config\\Routes.php')
 4 SYSTEMPATH\CodeIgniter.php(841): CodeIgniter\Router\RouteCollection->loadRoutes()
 5 SYSTEMPATH\CodeIgniter.php(464): CodeIgniter\CodeIgniter->tryToRouteIt(null)
 6 SYSTEMPATH\CodeIgniter.php(363): CodeIgniter\CodeIgniter->handleRequest(null, Object(Config\Cache), false)
 7 SYSTEMPATH\Boot.php(417): CodeIgniter\CodeIgniter->run()
 8 SYSTEMPATH\Boot.php(68): CodeIgniter\Boot::runCodeIgniter(Object(CodeIgniter\CodeIgniter))
 9 FCPATH\index.php(59): CodeIgniter\Boot::bootWeb(Object(Config\Paths))
10 SYSTEMPATH\rewrite.php(44): require_once('C:\\xampp\\htdocs\\SmartPlant_Care-main_CodeIgniter\\public\\index.php')
WARNING - 2026-05-28 11:19:59 --> [DEPRECATED] Passing lowercase HTTP method "post" is deprecated. Use uppercase HTTP method like "POST". in SYSTEMPATH\Router\RouteCollection.php on line 1026.
 1 SYSTEMPATH\Router\RouteCollection.php(1026): trigger_error('Passing lowercase HTTP method "post" is deprecated. Use uppercase HTTP method like "POST".', 16384)
 2 APPPATH\Config\Routes.php(11): CodeIgniter\Router\RouteCollection->match([...], 'views/(:alpha).php', 'Legacy::view/$1')
 3 SYSTEMPATH\Router\RouteCollection.php(339): require('C:\\xampp\\htdocs\\SmartPlant_Care-main_CodeIgniter\\app\\Config\\Routes.php')
 4 SYSTEMPATH\CodeIgniter.php(841): CodeIgniter\Router\RouteCollection->loadRoutes()
 5 SYSTEMPATH\CodeIgniter.php(464): CodeIgniter\CodeIgniter->tryToRouteIt(null)
 6 SYSTEMPATH\CodeIgniter.php(363): CodeIgniter\CodeIgniter->handleRequest(null, Object(Config\Cache), false)
 7 SYSTEMPATH\Boot.php(417): CodeIgniter\CodeIgniter->run()
 8 SYSTEMPATH\Boot.php(68): CodeIgniter\Boot::runCodeIgniter(Object(CodeIgniter\CodeIgniter))
 9 FCPATH\index.php(59): CodeIgniter\Boot::bootWeb(Object(Config\Paths))
10 SYSTEMPATH\rewrite.php(44): require_once('C:\\xampp\\htdocs\\SmartPlant_Care-main_CodeIgniter\\public\\index.php')
WARNING - 2026-05-28 11:19:59 --> [DEPRECATED] Passing lowercase HTTP method "get" is deprecated. Use uppercase HTTP method like "GET". in SYSTEMPATH\Router\RouteCollection.php on line 1026.
 1 SYSTEMPATH\Router\RouteCollection.php(1026): trigger_error('Passing lowercase HTTP method "get" is deprecated. Use uppercase HTTP method like "GET".', 16384)
 2 APPPATH\Config\Routes.php(12): CodeIgniter\Router\RouteCollection->match([...], 'controllers/(:segment).php', 'Legacy::controller/$1')
 3 SYSTEMPATH\Router\RouteCollection.php(339): require('C:\\xampp\\htdocs\\SmartPlant_Care-main_CodeIgniter\\app\\Config\\Routes.php')
 4 SYSTEMPATH\CodeIgniter.php(841): CodeIgniter\Router\RouteCollection->loadRoutes()
 5 SYSTEMPATH\CodeIgniter.php(464): CodeIgniter\CodeIgniter->tryToRouteIt(null)
 6 SYSTEMPATH\CodeIgniter.php(363): CodeIgniter\CodeIgniter->handleRequest(null, Object(Config\Cache), false)
 7 SYSTEMPATH\Boot.php(417): CodeIgniter\CodeIgniter->run()
 8 SYSTEMPATH\Boot.php(68): CodeIgniter\Boot::runCodeIgniter(Object(CodeIgniter\CodeIgniter))
 9 FCPATH\index.php(59): CodeIgniter\Boot::bootWeb(Object(Config\Paths))
10 SYSTEMPATH\rewrite.php(44): require_once('C:\\xampp\\htdocs\\SmartPlant_Care-main_CodeIgniter\\public\\index.php')
WARNING - 2026-05-28 11:19:59 --> [DEPRECATED] Passing lowercase HTTP method "post" is deprecated. Use uppercase HTTP method like "POST". in SYSTEMPATH\Router\RouteCollection.php on line 1026.
 1 SYSTEMPATH\Router\RouteCollection.php(1026): trigger_error('Passing lowercase HTTP method "post" is deprecated. Use uppercase HTTP method like "POST".', 16384)
 2 APPPATH\Config\Routes.php(12): CodeIgniter\Router\RouteCollection->match([...], 'controllers/(:segment).php', 'Legacy::controller/$1')
 3 SYSTEMPATH\Router\RouteCollection.php(339): require('C:\\xampp\\htdocs\\SmartPlant_Care-main_CodeIgniter\\app\\Config\\Routes.php')
 4 SYSTEMPATH\CodeIgniter.php(841): CodeIgniter\Router\RouteCollection->loadRoutes()
 5 SYSTEMPATH\CodeIgniter.php(464): CodeIgniter\CodeIgniter->tryToRouteIt(null)
 6 SYSTEMPATH\CodeIgniter.php(363): CodeIgniter\CodeIgniter->handleRequest(null, Object(Config\Cache), false)
 7 SYSTEMPATH\Boot.php(417): CodeIgniter\CodeIgniter->run()
 8 SYSTEMPATH\Boot.php(68): CodeIgniter\Boot::runCodeIgniter(Object(CodeIgniter\CodeIgniter))
 9 FCPATH\index.php(59): CodeIgniter\Boot::bootWeb(Object(Config\Paths))
10 SYSTEMPATH\rewrite.php(44): require_once('C:\\xampp\\htdocs\\SmartPlant_Care-main_CodeIgniter\\public\\index.php')
WARNING - 2026-05-28 11:19:59 --> [DEPRECATED] Passing lowercase HTTP method "get" is deprecated. Use uppercase HTTP method like "GET". in SYSTEMPATH\Router\RouteCollection.php on line 1026.
 1 SYSTEMPATH\Router\RouteCollection.php(1026): trigger_error('Passing lowercase HTTP method "get" is deprecated. Use uppercase HTTP method like "GET".', 16384)
 2 APPPATH\Config\Routes.php(13): CodeIgniter\Router\RouteCollection->match([...], 'SmartPlant_Care/views/(:alpha).php', 'Legacy::view/$1')
 3 SYSTEMPATH\Router\RouteCollection.php(339): require('C:\\xampp\\htdocs\\SmartPlant_Care-main_CodeIgniter\\app\\Config\\Routes.php')
 4 SYSTEMPATH\CodeIgniter.php(841): CodeIgniter\Router\RouteCollection->loadRoutes()
 5 SYSTEMPATH\CodeIgniter.php(464): CodeIgniter\CodeIgniter->tryToRouteIt(null)
 6 SYSTEMPATH\CodeIgniter.php(363): CodeIgniter\CodeIgniter->handleRequest(null, Object(Config\Cache), false)
 7 SYSTEMPATH\Boot.php(417): CodeIgniter\CodeIgniter->run()
 8 SYSTEMPATH\Boot.php(68): CodeIgniter\Boot::runCodeIgniter(Object(CodeIgniter\CodeIgniter))
 9 FCPATH\index.php(59): CodeIgniter\Boot::bootWeb(Object(Config\Paths))
10 SYSTEMPATH\rewrite.php(44): require_once('C:\\xampp\\htdocs\\SmartPlant_Care-main_CodeIgniter\\public\\index.php')
WARNING - 2026-05-28 11:19:59 --> [DEPRECATED] Passing lowercase HTTP method "post" is deprecated. Use uppercase HTTP method like "POST". in SYSTEMPATH\Router\RouteCollection.php on line 1026.
 1 SYSTEMPATH\Router\RouteCollection.php(1026): trigger_error('Passing lowercase HTTP method "post" is deprecated. Use uppercase HTTP method like "POST".', 16384)
 2 APPPATH\Config\Routes.php(13): CodeIgniter\Router\RouteCollection->match([...], 'SmartPlant_Care/views/(:alpha).php', 'Legacy::view/$1')
 3 SYSTEMPATH\Router\RouteCollection.php(339): require('C:\\xampp\\htdocs\\SmartPlant_Care-main_CodeIgniter\\app\\Config\\Routes.php')
 4 SYSTEMPATH\CodeIgniter.php(841): CodeIgniter\Router\RouteCollection->loadRoutes()
 5 SYSTEMPATH\CodeIgniter.php(464): CodeIgniter\CodeIgniter->tryToRouteIt(null)
 6 SYSTEMPATH\CodeIgniter.php(363): CodeIgniter\CodeIgniter->handleRequest(null, Object(Config\Cache), false)
 7 SYSTEMPATH\Boot.php(417): CodeIgniter\CodeIgniter->run()
 8 SYSTEMPATH\Boot.php(68): CodeIgniter\Boot::runCodeIgniter(Object(CodeIgniter\CodeIgniter))
 9 FCPATH\index.php(59): CodeIgniter\Boot::bootWeb(Object(Config\Paths))
10 SYSTEMPATH\rewrite.php(44): require_once('C:\\xampp\\htdocs\\SmartPlant_Care-main_CodeIgniter\\public\\index.php')
WARNING - 2026-05-28 11:19:59 --> [DEPRECATED] Passing lowercase HTTP method "get" is deprecated. Use uppercase HTTP method like "GET". in SYSTEMPATH\Router\RouteCollection.php on line 1026.
 1 SYSTEMPATH\Router\RouteCollection.php(1026): trigger_error('Passing lowercase HTTP method "get" is deprecated. Use uppercase HTTP method like "GET".', 16384)
 2 APPPATH\Config\Routes.php(14): CodeIgniter\Router\RouteCollection->match([...], 'SmartPlant_Care/controllers/(:segment).php', 'Legacy::controller/$1')
 3 SYSTEMPATH\Router\RouteCollection.php(339): require('C:\\xampp\\htdocs\\SmartPlant_Care-main_CodeIgniter\\app\\Config\\Routes.php')
 4 SYSTEMPATH\CodeIgniter.php(841): CodeIgniter\Router\RouteCollection->loadRoutes()
 5 SYSTEMPATH\CodeIgniter.php(464): CodeIgniter\CodeIgniter->tryToRouteIt(null)
 6 SYSTEMPATH\CodeIgniter.php(363): CodeIgniter\CodeIgniter->handleRequest(null, Object(Config\Cache), false)
 7 SYSTEMPATH\Boot.php(417): CodeIgniter\CodeIgniter->run()
 8 SYSTEMPATH\Boot.php(68): CodeIgniter\Boot::runCodeIgniter(Object(CodeIgniter\CodeIgniter))
 9 FCPATH\index.php(59): CodeIgniter\Boot::bootWeb(Object(Config\Paths))
10 SYSTEMPATH\rewrite.php(44): require_once('C:\\xampp\\htdocs\\SmartPlant_Care-main_CodeIgniter\\public\\index.php')
WARNING - 2026-05-28 11:19:59 --> [DEPRECATED] Passing lowercase HTTP method "post" is deprecated. Use uppercase HTTP method like "POST". in SYSTEMPATH\Router\RouteCollection.php on line 1026.
 1 SYSTEMPATH\Router\RouteCollection.php(1026): trigger_error('Passing lowercase HTTP method "post" is deprecated. Use uppercase HTTP method like "POST".', 16384)
 2 APPPATH\Config\Routes.php(14): CodeIgniter\Router\RouteCollection->match([...], 'SmartPlant_Care/controllers/(:segment).php', 'Legacy::controller/$1')
 3 SYSTEMPATH\Router\RouteCollection.php(339): require('C:\\xampp\\htdocs\\SmartPlant_Care-main_CodeIgniter\\app\\Config\\Routes.php')
 4 SYSTEMPATH\CodeIgniter.php(841): CodeIgniter\Router\RouteCollection->loadRoutes()
 5 SYSTEMPATH\CodeIgniter.php(464): CodeIgniter\CodeIgniter->tryToRouteIt(null)
 6 SYSTEMPATH\CodeIgniter.php(363): CodeIgniter\CodeIgniter->handleRequest(null, Object(Config\Cache), false)
 7 SYSTEMPATH\Boot.php(417): CodeIgniter\CodeIgniter->run()
 8 SYSTEMPATH\Boot.php(68): CodeIgniter\Boot::runCodeIgniter(Object(CodeIgniter\CodeIgniter))
 9 FCPATH\index.php(59): CodeIgniter\Boot::bootWeb(Object(Config\Paths))
10 SYSTEMPATH\rewrite.php(44): require_once('C:\\xampp\\htdocs\\SmartPlant_Care-main_CodeIgniter\\public\\index.php')
DEBUG - 2026-05-28 11:19:59 --> Session: Class initialized using 'CodeIgniter\Session\Handlers\FileHandler' driver.
WARNING - 2026-05-28 11:20:04 --> [DEPRECATED] Passing lowercase HTTP method "get" is deprecated. Use uppercase HTTP method like "GET". in SYSTEMPATH\Router\RouteCollection.php on line 1026.
 1 SYSTEMPATH\Router\RouteCollection.php(1026): trigger_error('Passing lowercase HTTP method "get" is deprecated. Use uppercase HTTP method like "GET".', 16384)
 2 APPPATH\Config\Routes.php(11): CodeIgniter\Router\RouteCollection->match([...], 'views/(:alpha).php', 'Legacy::view/$1')
 3 SYSTEMPATH\Router\RouteCollection.php(339): require('C:\\xampp\\htdocs\\SmartPlant_Care-main_CodeIgniter\\app\\Config\\Routes.php')
 4 SYSTEMPATH\CodeIgniter.php(841): CodeIgniter\Router\RouteCollection->loadRoutes()
 5 SYSTEMPATH\CodeIgniter.php(464): CodeIgniter\CodeIgniter->tryToRouteIt(null)
 6 SYSTEMPATH\CodeIgniter.php(363): CodeIgniter\CodeIgniter->handleRequest(null, Object(Config\Cache), false)
 7 SYSTEMPATH\Boot.php(417): CodeIgniter\CodeIgniter->run()
 8 SYSTEMPATH\Boot.php(68): CodeIgniter\Boot::runCodeIgniter(Object(CodeIgniter\CodeIgniter))
 9 FCPATH\index.php(59): CodeIgniter\Boot::bootWeb(Object(Config\Paths))
10 SYSTEMPATH\rewrite.php(44): require_once('C:\\xampp\\htdocs\\SmartPlant_Care-main_CodeIgniter\\public\\index.php')
WARNING - 2026-05-28 11:20:04 --> [DEPRECATED] Passing lowercase HTTP method "post" is deprecated. Use uppercase HTTP method like "POST". in SYSTEMPATH\Router\RouteCollection.php on line 1026.
 1 SYSTEMPATH\Router\RouteCollection.php(1026): trigger_error('Passing lowercase HTTP method "post" is deprecated. Use uppercase HTTP method like "POST".', 16384)
 2 APPPATH\Config\Routes.php(11): CodeIgniter\Router\RouteCollection->match([...], 'views/(:alpha).php', 'Legacy::view/$1')
 3 SYSTEMPATH\Router\RouteCollection.php(339): require('C:\\xampp\\htdocs\\SmartPlant_Care-main_CodeIgniter\\app\\Config\\Routes.php')
 4 SYSTEMPATH\CodeIgniter.php(841): CodeIgniter\Router\RouteCollection->loadRoutes()
 5 SYSTEMPATH\CodeIgniter.php(464): CodeIgniter\CodeIgniter->tryToRouteIt(null)
 6 SYSTEMPATH\CodeIgniter.php(363): CodeIgniter\CodeIgniter->handleRequest(null, Object(Config\Cache), false)
 7 SYSTEMPATH\Boot.php(417): CodeIgniter\CodeIgniter->run()
 8 SYSTEMPATH\Boot.php(68): CodeIgniter\Boot::runCodeIgniter(Object(CodeIgniter\CodeIgniter))
 9 FCPATH\index.php(59): CodeIgniter\Boot::bootWeb(Object(Config\Paths))
10 SYSTEMPATH\rewrite.php(44): require_once('C:\\xampp\\htdocs\\SmartPlant_Care-main_CodeIgniter\\public\\index.php')
WARNING - 2026-05-28 11:20:04 --> [DEPRECATED] Passing lowercase HTTP method "get" is deprecated. Use uppercase HTTP method like "GET". in SYSTEMPATH\Router\RouteCollection.php on line 1026.
 1 SYSTEMPATH\Router\RouteCollection.php(1026): trigger_error('Passing lowercase HTTP method "get" is deprecated. Use uppercase HTTP method like "GET".', 16384)
 2 APPPATH\Config\Routes.php(12): CodeIgniter\Router\RouteCollection->match([...], 'controllers/(:segment).php', 'Legacy::controller/$1')
 3 SYSTEMPATH\Router\RouteCollection.php(339): require('C:\\xampp\\htdocs\\SmartPlant_Care-main_CodeIgniter\\app\\Config\\Routes.php')
 4 SYSTEMPATH\CodeIgniter.php(841): CodeIgniter\Router\RouteCollection->loadRoutes()
 5 SYSTEMPATH\CodeIgniter.php(464): CodeIgniter\CodeIgniter->tryToRouteIt(null)
 6 SYSTEMPATH\CodeIgniter.php(363): CodeIgniter\CodeIgniter->handleRequest(null, Object(Config\Cache), false)
 7 SYSTEMPATH\Boot.php(417): CodeIgniter\CodeIgniter->run()
 8 SYSTEMPATH\Boot.php(68): CodeIgniter\Boot::runCodeIgniter(Object(CodeIgniter\CodeIgniter))
 9 FCPATH\index.php(59): CodeIgniter\Boot::bootWeb(Object(Config\Paths))
10 SYSTEMPATH\rewrite.php(44): require_once('C:\\xampp\\htdocs\\SmartPlant_Care-main_CodeIgniter\\public\\index.php')
WARNING - 2026-05-28 11:20:04 --> [DEPRECATED] Passing lowercase HTTP method "post" is deprecated. Use uppercase HTTP method like "POST". in SYSTEMPATH\Router\RouteCollection.php on line 1026.
 1 SYSTEMPATH\Router\RouteCollection.php(1026): trigger_error('Passing lowercase HTTP method "post" is deprecated. Use uppercase HTTP method like "POST".', 16384)
 2 APPPATH\Config\Routes.php(12): CodeIgniter\Router\RouteCollection->match([...], 'controllers/(:segment).php', 'Legacy::controller/$1')
 3 SYSTEMPATH\Router\RouteCollection.php(339): require('C:\\xampp\\htdocs\\SmartPlant_Care-main_CodeIgniter\\app\\Config\\Routes.php')
 4 SYSTEMPATH\CodeIgniter.php(841): CodeIgniter\Router\RouteCollection->loadRoutes()
 5 SYSTEMPATH\CodeIgniter.php(464): CodeIgniter\CodeIgniter->tryToRouteIt(null)
 6 SYSTEMPATH\CodeIgniter.php(363): CodeIgniter\CodeIgniter->handleRequest(null, Object(Config\Cache), false)
 7 SYSTEMPATH\Boot.php(417): CodeIgniter\CodeIgniter->run()
 8 SYSTEMPATH\Boot.php(68): CodeIgniter\Boot::runCodeIgniter(Object(CodeIgniter\CodeIgniter))
 9 FCPATH\index.php(59): CodeIgniter\Boot::bootWeb(Object(Config\Paths))
10 SYSTEMPATH\rewrite.php(44): require_once('C:\\xampp\\htdocs\\SmartPlant_Care-main_CodeIgniter\\public\\index.php')
WARNING - 2026-05-28 11:20:04 --> [DEPRECATED] Passing lowercase HTTP method "get" is deprecated. Use uppercase HTTP method like "GET". in SYSTEMPATH\Router\RouteCollection.php on line 1026.
 1 SYSTEMPATH\Router\RouteCollection.php(1026): trigger_error('Passing lowercase HTTP method "get" is deprecated. Use uppercase HTTP method like "GET".', 16384)
 2 APPPATH\Config\Routes.php(13): CodeIgniter\Router\RouteCollection->match([...], 'SmartPlant_Care/views/(:alpha).php', 'Legacy::view/$1')
 3 SYSTEMPATH\Router\RouteCollection.php(339): require('C:\\xampp\\htdocs\\SmartPlant_Care-main_CodeIgniter\\app\\Config\\Routes.php')
 4 SYSTEMPATH\CodeIgniter.php(841): CodeIgniter\Router\RouteCollection->loadRoutes()
 5 SYSTEMPATH\CodeIgniter.php(464): CodeIgniter\CodeIgniter->tryToRouteIt(null)
 6 SYSTEMPATH\CodeIgniter.php(363): CodeIgniter\CodeIgniter->handleRequest(null, Object(Config\Cache), false)
 7 SYSTEMPATH\Boot.php(417): CodeIgniter\CodeIgniter->run()
 8 SYSTEMPATH\Boot.php(68): CodeIgniter\Boot::runCodeIgniter(Object(CodeIgniter\CodeIgniter))
 9 FCPATH\index.php(59): CodeIgniter\Boot::bootWeb(Object(Config\Paths))
10 SYSTEMPATH\rewrite.php(44): require_once('C:\\xampp\\htdocs\\SmartPlant_Care-main_CodeIgniter\\public\\index.php')
WARNING - 2026-05-28 11:20:04 --> [DEPRECATED] Passing lowercase HTTP method "post" is deprecated. Use uppercase HTTP method like "POST". in SYSTEMPATH\Router\RouteCollection.php on line 1026.
 1 SYSTEMPATH\Router\RouteCollection.php(1026): trigger_error('Passing lowercase HTTP method "post" is deprecated. Use uppercase HTTP method like "POST".', 16384)
 2 APPPATH\Config\Routes.php(13): CodeIgniter\Router\RouteCollection->match([...], 'SmartPlant_Care/views/(:alpha).php', 'Legacy::view/$1')
 3 SYSTEMPATH\Router\RouteCollection.php(339): require('C:\\xampp\\htdocs\\SmartPlant_Care-main_CodeIgniter\\app\\Config\\Routes.php')
 4 SYSTEMPATH\CodeIgniter.php(841): CodeIgniter\Router\RouteCollection->loadRoutes()
 5 SYSTEMPATH\CodeIgniter.php(464): CodeIgniter\CodeIgniter->tryToRouteIt(null)
 6 SYSTEMPATH\CodeIgniter.php(363): CodeIgniter\CodeIgniter->handleRequest(null, Object(Config\Cache), false)
 7 SYSTEMPATH\Boot.php(417): CodeIgniter\CodeIgniter->run()
 8 SYSTEMPATH\Boot.php(68): CodeIgniter\Boot::runCodeIgniter(Object(CodeIgniter\CodeIgniter))
 9 FCPATH\index.php(59): CodeIgniter\Boot::bootWeb(Object(Config\Paths))
10 SYSTEMPATH\rewrite.php(44): require_once('C:\\xampp\\htdocs\\SmartPlant_Care-main_CodeIgniter\\public\\index.php')
WARNING - 2026-05-28 11:20:04 --> [DEPRECATED] Passing lowercase HTTP method "get" is deprecated. Use uppercase HTTP method like "GET". in SYSTEMPATH\Router\RouteCollection.php on line 1026.
 1 SYSTEMPATH\Router\RouteCollection.php(1026): trigger_error('Passing lowercase HTTP method "get" is deprecated. Use uppercase HTTP method like "GET".', 16384)
 2 APPPATH\Config\Routes.php(14): CodeIgniter\Router\RouteCollection->match([...], 'SmartPlant_Care/controllers/(:segment).php', 'Legacy::controller/$1')
 3 SYSTEMPATH\Router\RouteCollection.php(339): require('C:\\xampp\\htdocs\\SmartPlant_Care-main_CodeIgniter\\app\\Config\\Routes.php')
 4 SYSTEMPATH\CodeIgniter.php(841): CodeIgniter\Router\RouteCollection->loadRoutes()
 5 SYSTEMPATH\CodeIgniter.php(464): CodeIgniter\CodeIgniter->tryToRouteIt(null)
 6 SYSTEMPATH\CodeIgniter.php(363): CodeIgniter\CodeIgniter->handleRequest(null, Object(Config\Cache), false)
 7 SYSTEMPATH\Boot.php(417): CodeIgniter\CodeIgniter->run()
 8 SYSTEMPATH\Boot.php(68): CodeIgniter\Boot::runCodeIgniter(Object(CodeIgniter\CodeIgniter))
 9 FCPATH\index.php(59): CodeIgniter\Boot::bootWeb(Object(Config\Paths))
10 SYSTEMPATH\rewrite.php(44): require_once('C:\\xampp\\htdocs\\SmartPlant_Care-main_CodeIgniter\\public\\index.php')
WARNING - 2026-05-28 11:20:04 --> [DEPRECATED] Passing lowercase HTTP method "post" is deprecated. Use uppercase HTTP method like "POST". in SYSTEMPATH\Router\RouteCollection.php on line 1026.
 1 SYSTEMPATH\Router\RouteCollection.php(1026): trigger_error('Passing lowercase HTTP method "post" is deprecated. Use uppercase HTTP method like "POST".', 16384)
 2 APPPATH\Config\Routes.php(14): CodeIgniter\Router\RouteCollection->match([...], 'SmartPlant_Care/controllers/(:segment).php', 'Legacy::controller/$1')
 3 SYSTEMPATH\Router\RouteCollection.php(339): require('C:\\xampp\\htdocs\\SmartPlant_Care-main_CodeIgniter\\app\\Config\\Routes.php')
 4 SYSTEMPATH\CodeIgniter.php(841): CodeIgniter\Router\RouteCollection->loadRoutes()
 5 SYSTEMPATH\CodeIgniter.php(464): CodeIgniter\CodeIgniter->tryToRouteIt(null)
 6 SYSTEMPATH\CodeIgniter.php(363): CodeIgniter\CodeIgniter->handleRequest(null, Object(Config\Cache), false)
 7 SYSTEMPATH\Boot.php(417): CodeIgniter\CodeIgniter->run()
 8 SYSTEMPATH\Boot.php(68): CodeIgniter\Boot::runCodeIgniter(Object(CodeIgniter\CodeIgniter))
 9 FCPATH\index.php(59): CodeIgniter\Boot::bootWeb(Object(Config\Paths))
10 SYSTEMPATH\rewrite.php(44): require_once('C:\\xampp\\htdocs\\SmartPlant_Care-main_CodeIgniter\\public\\index.php')
WARNING - 2026-05-28 11:20:50 --> [DEPRECATED] Passing lowercase HTTP method "get" is deprecated. Use uppercase HTTP method like "GET". in SYSTEMPATH\Router\RouteCollection.php on line 1026.
 1 SYSTEMPATH\Router\RouteCollection.php(1026): trigger_error('Passing lowercase HTTP method "get" is deprecated. Use uppercase HTTP method like "GET".', 16384)
 2 APPPATH\Config\Routes.php(11): CodeIgniter\Router\RouteCollection->match([...], 'views/(:alpha).php', 'Legacy::view/$1')
 3 SYSTEMPATH\Router\RouteCollection.php(339): require('C:\\xampp\\htdocs\\SmartPlant_Care-main_CodeIgniter\\app\\Config\\Routes.php')
 4 SYSTEMPATH\CodeIgniter.php(841): CodeIgniter\Router\RouteCollection->loadRoutes()
 5 SYSTEMPATH\CodeIgniter.php(464): CodeIgniter\CodeIgniter->tryToRouteIt(null)
 6 SYSTEMPATH\CodeIgniter.php(363): CodeIgniter\CodeIgniter->handleRequest(null, Object(Config\Cache), false)
 7 SYSTEMPATH\Boot.php(417): CodeIgniter\CodeIgniter->run()
 8 SYSTEMPATH\Boot.php(68): CodeIgniter\Boot::runCodeIgniter(Object(CodeIgniter\CodeIgniter))
 9 FCPATH\index.php(59): CodeIgniter\Boot::bootWeb(Object(Config\Paths))
10 SYSTEMPATH\rewrite.php(44): require_once('C:\\xampp\\htdocs\\SmartPlant_Care-main_CodeIgniter\\public\\index.php')
WARNING - 2026-05-28 11:20:50 --> [DEPRECATED] Passing lowercase HTTP method "post" is deprecated. Use uppercase HTTP method like "POST". in SYSTEMPATH\Router\RouteCollection.php on line 1026.
 1 SYSTEMPATH\Router\RouteCollection.php(1026): trigger_error('Passing lowercase HTTP method "post" is deprecated. Use uppercase HTTP method like "POST".', 16384)
 2 APPPATH\Config\Routes.php(11): CodeIgniter\Router\RouteCollection->match([...], 'views/(:alpha).php', 'Legacy::view/$1')
 3 SYSTEMPATH\Router\RouteCollection.php(339): require('C:\\xampp\\htdocs\\SmartPlant_Care-main_CodeIgniter\\app\\Config\\Routes.php')
 4 SYSTEMPATH\CodeIgniter.php(841): CodeIgniter\Router\RouteCollection->loadRoutes()
 5 SYSTEMPATH\CodeIgniter.php(464): CodeIgniter\CodeIgniter->tryToRouteIt(null)
 6 SYSTEMPATH\CodeIgniter.php(363): CodeIgniter\CodeIgniter->handleRequest(null, Object(Config\Cache), false)
 7 SYSTEMPATH\Boot.php(417): CodeIgniter\CodeIgniter->run()
 8 SYSTEMPATH\Boot.php(68): CodeIgniter\Boot::runCodeIgniter(Object(CodeIgniter\CodeIgniter))
 9 FCPATH\index.php(59): CodeIgniter\Boot::bootWeb(Object(Config\Paths))
10 SYSTEMPATH\rewrite.php(44): require_once('C:\\xampp\\htdocs\\SmartPlant_Care-main_CodeIgniter\\public\\index.php')
WARNING - 2026-05-28 11:20:50 --> [DEPRECATED] Passing lowercase HTTP method "get" is deprecated. Use uppercase HTTP method like "GET". in SYSTEMPATH\Router\RouteCollection.php on line 1026.
 1 SYSTEMPATH\Router\RouteCollection.php(1026): trigger_error('Passing lowercase HTTP method "get" is deprecated. Use uppercase HTTP method like "GET".', 16384)
 2 APPPATH\Config\Routes.php(12): CodeIgniter\Router\RouteCollection->match([...], 'controllers/(:segment).php', 'Legacy::controller/$1')
 3 SYSTEMPATH\Router\RouteCollection.php(339): require('C:\\xampp\\htdocs\\SmartPlant_Care-main_CodeIgniter\\app\\Config\\Routes.php')
 4 SYSTEMPATH\CodeIgniter.php(841): CodeIgniter\Router\RouteCollection->loadRoutes()
 5 SYSTEMPATH\CodeIgniter.php(464): CodeIgniter\CodeIgniter->tryToRouteIt(null)
 6 SYSTEMPATH\CodeIgniter.php(363): CodeIgniter\CodeIgniter->handleRequest(null, Object(Config\Cache), false)
 7 SYSTEMPATH\Boot.php(417): CodeIgniter\CodeIgniter->run()
 8 SYSTEMPATH\Boot.php(68): CodeIgniter\Boot::runCodeIgniter(Object(CodeIgniter\CodeIgniter))
 9 FCPATH\index.php(59): CodeIgniter\Boot::bootWeb(Object(Config\Paths))
10 SYSTEMPATH\rewrite.php(44): require_once('C:\\xampp\\htdocs\\SmartPlant_Care-main_CodeIgniter\\public\\index.php')
WARNING - 2026-05-28 11:20:50 --> [DEPRECATED] Passing lowercase HTTP method "post" is deprecated. Use uppercase HTTP method like "POST". in SYSTEMPATH\Router\RouteCollection.php on line 1026.
 1 SYSTEMPATH\Router\RouteCollection.php(1026): trigger_error('Passing lowercase HTTP method "post" is deprecated. Use uppercase HTTP method like "POST".', 16384)
 2 APPPATH\Config\Routes.php(12): CodeIgniter\Router\RouteCollection->match([...], 'controllers/(:segment).php', 'Legacy::controller/$1')
 3 SYSTEMPATH\Router\RouteCollection.php(339): require('C:\\xampp\\htdocs\\SmartPlant_Care-main_CodeIgniter\\app\\Config\\Routes.php')
 4 SYSTEMPATH\CodeIgniter.php(841): CodeIgniter\Router\RouteCollection->loadRoutes()
 5 SYSTEMPATH\CodeIgniter.php(464): CodeIgniter\CodeIgniter->tryToRouteIt(null)
 6 SYSTEMPATH\CodeIgniter.php(363): CodeIgniter\CodeIgniter->handleRequest(null, Object(Config\Cache), false)
 7 SYSTEMPATH\Boot.php(417): CodeIgniter\CodeIgniter->run()
 8 SYSTEMPATH\Boot.php(68): CodeIgniter\Boot::runCodeIgniter(Object(CodeIgniter\CodeIgniter))
 9 FCPATH\index.php(59): CodeIgniter\Boot::bootWeb(Object(Config\Paths))
10 SYSTEMPATH\rewrite.php(44): require_once('C:\\xampp\\htdocs\\SmartPlant_Care-main_CodeIgniter\\public\\index.php')
WARNING - 2026-05-28 11:20:50 --> [DEPRECATED] Passing lowercase HTTP method "get" is deprecated. Use uppercase HTTP method like "GET". in SYSTEMPATH\Router\RouteCollection.php on line 1026.
 1 SYSTEMPATH\Router\RouteCollection.php(1026): trigger_error('Passing lowercase HTTP method "get" is deprecated. Use uppercase HTTP method like "GET".', 16384)
 2 APPPATH\Config\Routes.php(13): CodeIgniter\Router\RouteCollection->match([...], 'SmartPlant_Care/views/(:alpha).php', 'Legacy::view/$1')
 3 SYSTEMPATH\Router\RouteCollection.php(339): require('C:\\xampp\\htdocs\\SmartPlant_Care-main_CodeIgniter\\app\\Config\\Routes.php')
 4 SYSTEMPATH\CodeIgniter.php(841): CodeIgniter\Router\RouteCollection->loadRoutes()
 5 SYSTEMPATH\CodeIgniter.php(464): CodeIgniter\CodeIgniter->tryToRouteIt(null)
 6 SYSTEMPATH\CodeIgniter.php(363): CodeIgniter\CodeIgniter->handleRequest(null, Object(Config\Cache), false)
 7 SYSTEMPATH\Boot.php(417): CodeIgniter\CodeIgniter->run()
 8 SYSTEMPATH\Boot.php(68): CodeIgniter\Boot::runCodeIgniter(Object(CodeIgniter\CodeIgniter))
 9 FCPATH\index.php(59): CodeIgniter\Boot::bootWeb(Object(Config\Paths))
10 SYSTEMPATH\rewrite.php(44): require_once('C:\\xampp\\htdocs\\SmartPlant_Care-main_CodeIgniter\\public\\index.php')
WARNING - 2026-05-28 11:20:50 --> [DEPRECATED] Passing lowercase HTTP method "post" is deprecated. Use uppercase HTTP method like "POST". in SYSTEMPATH\Router\RouteCollection.php on line 1026.
 1 SYSTEMPATH\Router\RouteCollection.php(1026): trigger_error('Passing lowercase HTTP method "post" is deprecated. Use uppercase HTTP method like "POST".', 16384)
 2 APPPATH\Config\Routes.php(13): CodeIgniter\Router\RouteCollection->match([...], 'SmartPlant_Care/views/(:alpha).php', 'Legacy::view/$1')
 3 SYSTEMPATH\Router\RouteCollection.php(339): require('C:\\xampp\\htdocs\\SmartPlant_Care-main_CodeIgniter\\app\\Config\\Routes.php')
 4 SYSTEMPATH\CodeIgniter.php(841): CodeIgniter\Router\RouteCollection->loadRoutes()
 5 SYSTEMPATH\CodeIgniter.php(464): CodeIgniter\CodeIgniter->tryToRouteIt(null)
 6 SYSTEMPATH\CodeIgniter.php(363): CodeIgniter\CodeIgniter->handleRequest(null, Object(Config\Cache), false)
 7 SYSTEMPATH\Boot.php(417): CodeIgniter\CodeIgniter->run()
 8 SYSTEMPATH\Boot.php(68): CodeIgniter\Boot::runCodeIgniter(Object(CodeIgniter\CodeIgniter))
 9 FCPATH\index.php(59): CodeIgniter\Boot::bootWeb(Object(Config\Paths))
10 SYSTEMPATH\rewrite.php(44): require_once('C:\\xampp\\htdocs\\SmartPlant_Care-main_CodeIgniter\\public\\index.php')
WARNING - 2026-05-28 11:20:50 --> [DEPRECATED] Passing lowercase HTTP method "get" is deprecated. Use uppercase HTTP method like "GET". in SYSTEMPATH\Router\RouteCollection.php on line 1026.
 1 SYSTEMPATH\Router\RouteCollection.php(1026): trigger_error('Passing lowercase HTTP method "get" is deprecated. Use uppercase HTTP method like "GET".', 16384)
 2 APPPATH\Config\Routes.php(14): CodeIgniter\Router\RouteCollection->match([...], 'SmartPlant_Care/controllers/(:segment).php', 'Legacy::controller/$1')
 3 SYSTEMPATH\Router\RouteCollection.php(339): require('C:\\xampp\\htdocs\\SmartPlant_Care-main_CodeIgniter\\app\\Config\\Routes.php')
 4 SYSTEMPATH\CodeIgniter.php(841): CodeIgniter\Router\RouteCollection->loadRoutes()
 5 SYSTEMPATH\CodeIgniter.php(464): CodeIgniter\CodeIgniter->tryToRouteIt(null)
 6 SYSTEMPATH\CodeIgniter.php(363): CodeIgniter\CodeIgniter->handleRequest(null, Object(Config\Cache), false)
 7 SYSTEMPATH\Boot.php(417): CodeIgniter\CodeIgniter->run()
 8 SYSTEMPATH\Boot.php(68): CodeIgniter\Boot::runCodeIgniter(Object(CodeIgniter\CodeIgniter))
 9 FCPATH\index.php(59): CodeIgniter\Boot::bootWeb(Object(Config\Paths))
10 SYSTEMPATH\rewrite.php(44): require_once('C:\\xampp\\htdocs\\SmartPlant_Care-main_CodeIgniter\\public\\index.php')
WARNING - 2026-05-28 11:20:50 --> [DEPRECATED] Passing lowercase HTTP method "post" is deprecated. Use uppercase HTTP method like "POST". in SYSTEMPATH\Router\RouteCollection.php on line 1026.
 1 SYSTEMPATH\Router\RouteCollection.php(1026): trigger_error('Passing lowercase HTTP method "post" is deprecated. Use uppercase HTTP method like "POST".', 16384)
 2 APPPATH\Config\Routes.php(14): CodeIgniter\Router\RouteCollection->match([...], 'SmartPlant_Care/controllers/(:segment).php', 'Legacy::controller/$1')
 3 SYSTEMPATH\Router\RouteCollection.php(339): require('C:\\xampp\\htdocs\\SmartPlant_Care-main_CodeIgniter\\app\\Config\\Routes.php')
 4 SYSTEMPATH\CodeIgniter.php(841): CodeIgniter\Router\RouteCollection->loadRoutes()
 5 SYSTEMPATH\CodeIgniter.php(464): CodeIgniter\CodeIgniter->tryToRouteIt(null)
 6 SYSTEMPATH\CodeIgniter.php(363): CodeIgniter\CodeIgniter->handleRequest(null, Object(Config\Cache), false)
 7 SYSTEMPATH\Boot.php(417): CodeIgniter\CodeIgniter->run()
 8 SYSTEMPATH\Boot.php(68): CodeIgniter\Boot::runCodeIgniter(Object(CodeIgniter\CodeIgniter))
 9 FCPATH\index.php(59): CodeIgniter\Boot::bootWeb(Object(Config\Paths))
10 SYSTEMPATH\rewrite.php(44): require_once('C:\\xampp\\htdocs\\SmartPlant_Care-main_CodeIgniter\\public\\index.php')
WARNING - 2026-05-28 11:20:51 --> [DEPRECATED] Passing lowercase HTTP method "get" is deprecated. Use uppercase HTTP method like "GET". in SYSTEMPATH\Router\RouteCollection.php on line 1026.
 1 SYSTEMPATH\Router\RouteCollection.php(1026): trigger_error('Passing lowercase HTTP method "get" is deprecated. Use uppercase HTTP method like "GET".', 16384)
 2 APPPATH\Config\Routes.php(11): CodeIgniter\Router\RouteCollection->match([...], 'views/(:alpha).php', 'Legacy::view/$1')
 3 SYSTEMPATH\Router\RouteCollection.php(339): require('C:\\xampp\\htdocs\\SmartPlant_Care-main_CodeIgniter\\app\\Config\\Routes.php')
 4 SYSTEMPATH\CodeIgniter.php(841): CodeIgniter\Router\RouteCollection->loadRoutes()
 5 SYSTEMPATH\CodeIgniter.php(464): CodeIgniter\CodeIgniter->tryToRouteIt(null)
 6 SYSTEMPATH\CodeIgniter.php(363): CodeIgniter\CodeIgniter->handleRequest(null, Object(Config\Cache), false)
 7 SYSTEMPATH\Boot.php(417): CodeIgniter\CodeIgniter->run()
 8 SYSTEMPATH\Boot.php(68): CodeIgniter\Boot::runCodeIgniter(Object(CodeIgniter\CodeIgniter))
 9 FCPATH\index.php(59): CodeIgniter\Boot::bootWeb(Object(Config\Paths))
10 SYSTEMPATH\rewrite.php(44): require_once('C:\\xampp\\htdocs\\SmartPlant_Care-main_CodeIgniter\\public\\index.php')
WARNING - 2026-05-28 11:20:51 --> [DEPRECATED] Passing lowercase HTTP method "post" is deprecated. Use uppercase HTTP method like "POST". in SYSTEMPATH\Router\RouteCollection.php on line 1026.
 1 SYSTEMPATH\Router\RouteCollection.php(1026): trigger_error('Passing lowercase HTTP method "post" is deprecated. Use uppercase HTTP method like "POST".', 16384)
 2 APPPATH\Config\Routes.php(11): CodeIgniter\Router\RouteCollection->match([...], 'views/(:alpha).php', 'Legacy::view/$1')
 3 SYSTEMPATH\Router\RouteCollection.php(339): require('C:\\xampp\\htdocs\\SmartPlant_Care-main_CodeIgniter\\app\\Config\\Routes.php')
 4 SYSTEMPATH\CodeIgniter.php(841): CodeIgniter\Router\RouteCollection->loadRoutes()
 5 SYSTEMPATH\CodeIgniter.php(464): CodeIgniter\CodeIgniter->tryToRouteIt(null)
 6 SYSTEMPATH\CodeIgniter.php(363): CodeIgniter\CodeIgniter->handleRequest(null, Object(Config\Cache), false)
 7 SYSTEMPATH\Boot.php(417): CodeIgniter\CodeIgniter->run()
 8 SYSTEMPATH\Boot.php(68): CodeIgniter\Boot::runCodeIgniter(Object(CodeIgniter\CodeIgniter))
 9 FCPATH\index.php(59): CodeIgniter\Boot::bootWeb(Object(Config\Paths))
10 SYSTEMPATH\rewrite.php(44): require_once('C:\\xampp\\htdocs\\SmartPlant_Care-main_CodeIgniter\\public\\index.php')
WARNING - 2026-05-28 11:20:51 --> [DEPRECATED] Passing lowercase HTTP method "get" is deprecated. Use uppercase HTTP method like "GET". in SYSTEMPATH\Router\RouteCollection.php on line 1026.
 1 SYSTEMPATH\Router\RouteCollection.php(1026): trigger_error('Passing lowercase HTTP method "get" is deprecated. Use uppercase HTTP method like "GET".', 16384)
 2 APPPATH\Config\Routes.php(12): CodeIgniter\Router\RouteCollection->match([...], 'controllers/(:segment).php', 'Legacy::controller/$1')
 3 SYSTEMPATH\Router\RouteCollection.php(339): require('C:\\xampp\\htdocs\\SmartPlant_Care-main_CodeIgniter\\app\\Config\\Routes.php')
 4 SYSTEMPATH\CodeIgniter.php(841): CodeIgniter\Router\RouteCollection->loadRoutes()
 5 SYSTEMPATH\CodeIgniter.php(464): CodeIgniter\CodeIgniter->tryToRouteIt(null)
 6 SYSTEMPATH\CodeIgniter.php(363): CodeIgniter\CodeIgniter->handleRequest(null, Object(Config\Cache), false)
 7 SYSTEMPATH\Boot.php(417): CodeIgniter\CodeIgniter->run()
 8 SYSTEMPATH\Boot.php(68): CodeIgniter\Boot::runCodeIgniter(Object(CodeIgniter\CodeIgniter))
 9 FCPATH\index.php(59): CodeIgniter\Boot::bootWeb(Object(Config\Paths))
10 SYSTEMPATH\rewrite.php(44): require_once('C:\\xampp\\htdocs\\SmartPlant_Care-main_CodeIgniter\\public\\index.php')
WARNING - 2026-05-28 11:20:51 --> [DEPRECATED] Passing lowercase HTTP method "post" is deprecated. Use uppercase HTTP method like "POST". in SYSTEMPATH\Router\RouteCollection.php on line 1026.
 1 SYSTEMPATH\Router\RouteCollection.php(1026): trigger_error('Passing lowercase HTTP method "post" is deprecated. Use uppercase HTTP method like "POST".', 16384)
 2 APPPATH\Config\Routes.php(12): CodeIgniter\Router\RouteCollection->match([...], 'controllers/(:segment).php', 'Legacy::controller/$1')
 3 SYSTEMPATH\Router\RouteCollection.php(339): require('C:\\xampp\\htdocs\\SmartPlant_Care-main_CodeIgniter\\app\\Config\\Routes.php')
 4 SYSTEMPATH\CodeIgniter.php(841): CodeIgniter\Router\RouteCollection->loadRoutes()
 5 SYSTEMPATH\CodeIgniter.php(464): CodeIgniter\CodeIgniter->tryToRouteIt(null)
 6 SYSTEMPATH\CodeIgniter.php(363): CodeIgniter\CodeIgniter->handleRequest(null, Object(Config\Cache), false)
 7 SYSTEMPATH\Boot.php(417): CodeIgniter\CodeIgniter->run()
 8 SYSTEMPATH\Boot.php(68): CodeIgniter\Boot::runCodeIgniter(Object(CodeIgniter\CodeIgniter))
 9 FCPATH\index.php(59): CodeIgniter\Boot::bootWeb(Object(Config\Paths))
10 SYSTEMPATH\rewrite.php(44): require_once('C:\\xampp\\htdocs\\SmartPlant_Care-main_CodeIgniter\\public\\index.php')
WARNING - 2026-05-28 11:20:51 --> [DEPRECATED] Passing lowercase HTTP method "get" is deprecated. Use uppercase HTTP method like "GET". in SYSTEMPATH\Router\RouteCollection.php on line 1026.
 1 SYSTEMPATH\Router\RouteCollection.php(1026): trigger_error('Passing lowercase HTTP method "get" is deprecated. Use uppercase HTTP method like "GET".', 16384)
 2 APPPATH\Config\Routes.php(13): CodeIgniter\Router\RouteCollection->match([...], 'SmartPlant_Care/views/(:alpha).php', 'Legacy::view/$1')
 3 SYSTEMPATH\Router\RouteCollection.php(339): require('C:\\xampp\\htdocs\\SmartPlant_Care-main_CodeIgniter\\app\\Config\\Routes.php')
 4 SYSTEMPATH\CodeIgniter.php(841): CodeIgniter\Router\RouteCollection->loadRoutes()
 5 SYSTEMPATH\CodeIgniter.php(464): CodeIgniter\CodeIgniter->tryToRouteIt(null)
 6 SYSTEMPATH\CodeIgniter.php(363): CodeIgniter\CodeIgniter->handleRequest(null, Object(Config\Cache), false)
 7 SYSTEMPATH\Boot.php(417): CodeIgniter\CodeIgniter->run()
 8 SYSTEMPATH\Boot.php(68): CodeIgniter\Boot::runCodeIgniter(Object(CodeIgniter\CodeIgniter))
 9 FCPATH\index.php(59): CodeIgniter\Boot::bootWeb(Object(Config\Paths))
10 SYSTEMPATH\rewrite.php(44): require_once('C:\\xampp\\htdocs\\SmartPlant_Care-main_CodeIgniter\\public\\index.php')
WARNING - 2026-05-28 11:20:51 --> [DEPRECATED] Passing lowercase HTTP method "post" is deprecated. Use uppercase HTTP method like "POST". in SYSTEMPATH\Router\RouteCollection.php on line 1026.
 1 SYSTEMPATH\Router\RouteCollection.php(1026): trigger_error('Passing lowercase HTTP method "post" is deprecated. Use uppercase HTTP method like "POST".', 16384)
 2 APPPATH\Config\Routes.php(13): CodeIgniter\Router\RouteCollection->match([...], 'SmartPlant_Care/views/(:alpha).php', 'Legacy::view/$1')
 3 SYSTEMPATH\Router\RouteCollection.php(339): require('C:\\xampp\\htdocs\\SmartPlant_Care-main_CodeIgniter\\app\\Config\\Routes.php')
 4 SYSTEMPATH\CodeIgniter.php(841): CodeIgniter\Router\RouteCollection->loadRoutes()
 5 SYSTEMPATH\CodeIgniter.php(464): CodeIgniter\CodeIgniter->tryToRouteIt(null)
 6 SYSTEMPATH\CodeIgniter.php(363): CodeIgniter\CodeIgniter->handleRequest(null, Object(Config\Cache), false)
 7 SYSTEMPATH\Boot.php(417): CodeIgniter\CodeIgniter->run()
 8 SYSTEMPATH\Boot.php(68): CodeIgniter\Boot::runCodeIgniter(Object(CodeIgniter\CodeIgniter))
 9 FCPATH\index.php(59): CodeIgniter\Boot::bootWeb(Object(Config\Paths))
10 SYSTEMPATH\rewrite.php(44): require_once('C:\\xampp\\htdocs\\SmartPlant_Care-main_CodeIgniter\\public\\index.php')
WARNING - 2026-05-28 11:20:51 --> [DEPRECATED] Passing lowercase HTTP method "get" is deprecated. Use uppercase HTTP method like "GET". in SYSTEMPATH\Router\RouteCollection.php on line 1026.
 1 SYSTEMPATH\Router\RouteCollection.php(1026): trigger_error('Passing lowercase HTTP method "get" is deprecated. Use uppercase HTTP method like "GET".', 16384)
 2 APPPATH\Config\Routes.php(14): CodeIgniter\Router\RouteCollection->match([...], 'SmartPlant_Care/controllers/(:segment).php', 'Legacy::controller/$1')
 3 SYSTEMPATH\Router\RouteCollection.php(339): require('C:\\xampp\\htdocs\\SmartPlant_Care-main_CodeIgniter\\app\\Config\\Routes.php')
 4 SYSTEMPATH\CodeIgniter.php(841): CodeIgniter\Router\RouteCollection->loadRoutes()
 5 SYSTEMPATH\CodeIgniter.php(464): CodeIgniter\CodeIgniter->tryToRouteIt(null)
 6 SYSTEMPATH\CodeIgniter.php(363): CodeIgniter\CodeIgniter->handleRequest(null, Object(Config\Cache), false)
 7 SYSTEMPATH\Boot.php(417): CodeIgniter\CodeIgniter->run()
 8 SYSTEMPATH\Boot.php(68): CodeIgniter\Boot::runCodeIgniter(Object(CodeIgniter\CodeIgniter))
 9 FCPATH\index.php(59): CodeIgniter\Boot::bootWeb(Object(Config\Paths))
10 SYSTEMPATH\rewrite.php(44): require_once('C:\\xampp\\htdocs\\SmartPlant_Care-main_CodeIgniter\\public\\index.php')
WARNING - 2026-05-28 11:20:51 --> [DEPRECATED] Passing lowercase HTTP method "post" is deprecated. Use uppercase HTTP method like "POST". in SYSTEMPATH\Router\RouteCollection.php on line 1026.
 1 SYSTEMPATH\Router\RouteCollection.php(1026): trigger_error('Passing lowercase HTTP method "post" is deprecated. Use uppercase HTTP method like "POST".', 16384)
 2 APPPATH\Config\Routes.php(14): CodeIgniter\Router\RouteCollection->match([...], 'SmartPlant_Care/controllers/(:segment).php', 'Legacy::controller/$1')
 3 SYSTEMPATH\Router\RouteCollection.php(339): require('C:\\xampp\\htdocs\\SmartPlant_Care-main_CodeIgniter\\app\\Config\\Routes.php')
 4 SYSTEMPATH\CodeIgniter.php(841): CodeIgniter\Router\RouteCollection->loadRoutes()
 5 SYSTEMPATH\CodeIgniter.php(464): CodeIgniter\CodeIgniter->tryToRouteIt(null)
 6 SYSTEMPATH\CodeIgniter.php(363): CodeIgniter\CodeIgniter->handleRequest(null, Object(Config\Cache), false)
 7 SYSTEMPATH\Boot.php(417): CodeIgniter\CodeIgniter->run()
 8 SYSTEMPATH\Boot.php(68): CodeIgniter\Boot::runCodeIgniter(Object(CodeIgniter\CodeIgniter))
 9 FCPATH\index.php(59): CodeIgniter\Boot::bootWeb(Object(Config\Paths))
10 SYSTEMPATH\rewrite.php(44): require_once('C:\\xampp\\htdocs\\SmartPlant_Care-main_CodeIgniter\\public\\index.php')
DEBUG - 2026-05-28 11:20:51 --> Session: Class initialized using 'CodeIgniter\Session\Handlers\FileHandler' driver.
WARNING - 2026-05-28 11:20:52 --> [DEPRECATED] Passing lowercase HTTP method "get" is deprecated. Use uppercase HTTP method like "GET". in SYSTEMPATH\Router\RouteCollection.php on line 1026.
 1 SYSTEMPATH\Router\RouteCollection.php(1026): trigger_error('Passing lowercase HTTP method "get" is deprecated. Use uppercase HTTP method like "GET".', 16384)
 2 APPPATH\Config\Routes.php(11): CodeIgniter\Router\RouteCollection->match([...], 'views/(:alpha).php', 'Legacy::view/$1')
 3 SYSTEMPATH\Router\RouteCollection.php(339): require('C:\\xampp\\htdocs\\SmartPlant_Care-main_CodeIgniter\\app\\Config\\Routes.php')
 4 SYSTEMPATH\CodeIgniter.php(841): CodeIgniter\Router\RouteCollection->loadRoutes()
 5 SYSTEMPATH\CodeIgniter.php(464): CodeIgniter\CodeIgniter->tryToRouteIt(null)
 6 SYSTEMPATH\CodeIgniter.php(363): CodeIgniter\CodeIgniter->handleRequest(null, Object(Config\Cache), false)
 7 SYSTEMPATH\Boot.php(417): CodeIgniter\CodeIgniter->run()
 8 SYSTEMPATH\Boot.php(68): CodeIgniter\Boot::runCodeIgniter(Object(CodeIgniter\CodeIgniter))
 9 FCPATH\index.php(59): CodeIgniter\Boot::bootWeb(Object(Config\Paths))
10 SYSTEMPATH\rewrite.php(44): require_once('C:\\xampp\\htdocs\\SmartPlant_Care-main_CodeIgniter\\public\\index.php')
WARNING - 2026-05-28 11:20:52 --> [DEPRECATED] Passing lowercase HTTP method "post" is deprecated. Use uppercase HTTP method like "POST". in SYSTEMPATH\Router\RouteCollection.php on line 1026.
 1 SYSTEMPATH\Router\RouteCollection.php(1026): trigger_error('Passing lowercase HTTP method "post" is deprecated. Use uppercase HTTP method like "POST".', 16384)
 2 APPPATH\Config\Routes.php(11): CodeIgniter\Router\RouteCollection->match([...], 'views/(:alpha).php', 'Legacy::view/$1')
 3 SYSTEMPATH\Router\RouteCollection.php(339): require('C:\\xampp\\htdocs\\SmartPlant_Care-main_CodeIgniter\\app\\Config\\Routes.php')
 4 SYSTEMPATH\CodeIgniter.php(841): CodeIgniter\Router\RouteCollection->loadRoutes()
 5 SYSTEMPATH\CodeIgniter.php(464): CodeIgniter\CodeIgniter->tryToRouteIt(null)
 6 SYSTEMPATH\CodeIgniter.php(363): CodeIgniter\CodeIgniter->handleRequest(null, Object(Config\Cache), false)
 7 SYSTEMPATH\Boot.php(417): CodeIgniter\CodeIgniter->run()
 8 SYSTEMPATH\Boot.php(68): CodeIgniter\Boot::runCodeIgniter(Object(CodeIgniter\CodeIgniter))
 9 FCPATH\index.php(59): CodeIgniter\Boot::bootWeb(Object(Config\Paths))
10 SYSTEMPATH\rewrite.php(44): require_once('C:\\xampp\\htdocs\\SmartPlant_Care-main_CodeIgniter\\public\\index.php')
WARNING - 2026-05-28 11:20:52 --> [DEPRECATED] Passing lowercase HTTP method "get" is deprecated. Use uppercase HTTP method like "GET". in SYSTEMPATH\Router\RouteCollection.php on line 1026.
 1 SYSTEMPATH\Router\RouteCollection.php(1026): trigger_error('Passing lowercase HTTP method "get" is deprecated. Use uppercase HTTP method like "GET".', 16384)
 2 APPPATH\Config\Routes.php(12): CodeIgniter\Router\RouteCollection->match([...], 'controllers/(:segment).php', 'Legacy::controller/$1')
 3 SYSTEMPATH\Router\RouteCollection.php(339): require('C:\\xampp\\htdocs\\SmartPlant_Care-main_CodeIgniter\\app\\Config\\Routes.php')
 4 SYSTEMPATH\CodeIgniter.php(841): CodeIgniter\Router\RouteCollection->loadRoutes()
 5 SYSTEMPATH\CodeIgniter.php(464): CodeIgniter\CodeIgniter->tryToRouteIt(null)
 6 SYSTEMPATH\CodeIgniter.php(363): CodeIgniter\CodeIgniter->handleRequest(null, Object(Config\Cache), false)
 7 SYSTEMPATH\Boot.php(417): CodeIgniter\CodeIgniter->run()
 8 SYSTEMPATH\Boot.php(68): CodeIgniter\Boot::runCodeIgniter(Object(CodeIgniter\CodeIgniter))
 9 FCPATH\index.php(59): CodeIgniter\Boot::bootWeb(Object(Config\Paths))
10 SYSTEMPATH\rewrite.php(44): require_once('C:\\xampp\\htdocs\\SmartPlant_Care-main_CodeIgniter\\public\\index.php')
WARNING - 2026-05-28 11:20:52 --> [DEPRECATED] Passing lowercase HTTP method "post" is deprecated. Use uppercase HTTP method like "POST". in SYSTEMPATH\Router\RouteCollection.php on line 1026.
 1 SYSTEMPATH\Router\RouteCollection.php(1026): trigger_error('Passing lowercase HTTP method "post" is deprecated. Use uppercase HTTP method like "POST".', 16384)
 2 APPPATH\Config\Routes.php(12): CodeIgniter\Router\RouteCollection->match([...], 'controllers/(:segment).php', 'Legacy::controller/$1')
 3 SYSTEMPATH\Router\RouteCollection.php(339): require('C:\\xampp\\htdocs\\SmartPlant_Care-main_CodeIgniter\\app\\Config\\Routes.php')
 4 SYSTEMPATH\CodeIgniter.php(841): CodeIgniter\Router\RouteCollection->loadRoutes()
 5 SYSTEMPATH\CodeIgniter.php(464): CodeIgniter\CodeIgniter->tryToRouteIt(null)
 6 SYSTEMPATH\CodeIgniter.php(363): CodeIgniter\CodeIgniter->handleRequest(null, Object(Config\Cache), false)
 7 SYSTEMPATH\Boot.php(417): CodeIgniter\CodeIgniter->run()
 8 SYSTEMPATH\Boot.php(68): CodeIgniter\Boot::runCodeIgniter(Object(CodeIgniter\CodeIgniter))
 9 FCPATH\index.php(59): CodeIgniter\Boot::bootWeb(Object(Config\Paths))
10 SYSTEMPATH\rewrite.php(44): require_once('C:\\xampp\\htdocs\\SmartPlant_Care-main_CodeIgniter\\public\\index.php')
WARNING - 2026-05-28 11:20:52 --> [DEPRECATED] Passing lowercase HTTP method "get" is deprecated. Use uppercase HTTP method like "GET". in SYSTEMPATH\Router\RouteCollection.php on line 1026.
 1 SYSTEMPATH\Router\RouteCollection.php(1026): trigger_error('Passing lowercase HTTP method "get" is deprecated. Use uppercase HTTP method like "GET".', 16384)
 2 APPPATH\Config\Routes.php(13): CodeIgniter\Router\RouteCollection->match([...], 'SmartPlant_Care/views/(:alpha).php', 'Legacy::view/$1')
 3 SYSTEMPATH\Router\RouteCollection.php(339): require('C:\\xampp\\htdocs\\SmartPlant_Care-main_CodeIgniter\\app\\Config\\Routes.php')
 4 SYSTEMPATH\CodeIgniter.php(841): CodeIgniter\Router\RouteCollection->loadRoutes()
 5 SYSTEMPATH\CodeIgniter.php(464): CodeIgniter\CodeIgniter->tryToRouteIt(null)
 6 SYSTEMPATH\CodeIgniter.php(363): CodeIgniter\CodeIgniter->handleRequest(null, Object(Config\Cache), false)
 7 SYSTEMPATH\Boot.php(417): CodeIgniter\CodeIgniter->run()
 8 SYSTEMPATH\Boot.php(68): CodeIgniter\Boot::runCodeIgniter(Object(CodeIgniter\CodeIgniter))
 9 FCPATH\index.php(59): CodeIgniter\Boot::bootWeb(Object(Config\Paths))
10 SYSTEMPATH\rewrite.php(44): require_once('C:\\xampp\\htdocs\\SmartPlant_Care-main_CodeIgniter\\public\\index.php')
WARNING - 2026-05-28 11:20:52 --> [DEPRECATED] Passing lowercase HTTP method "post" is deprecated. Use uppercase HTTP method like "POST". in SYSTEMPATH\Router\RouteCollection.php on line 1026.
 1 SYSTEMPATH\Router\RouteCollection.php(1026): trigger_error('Passing lowercase HTTP method "post" is deprecated. Use uppercase HTTP method like "POST".', 16384)
 2 APPPATH\Config\Routes.php(13): CodeIgniter\Router\RouteCollection->match([...], 'SmartPlant_Care/views/(:alpha).php', 'Legacy::view/$1')
 3 SYSTEMPATH\Router\RouteCollection.php(339): require('C:\\xampp\\htdocs\\SmartPlant_Care-main_CodeIgniter\\app\\Config\\Routes.php')
 4 SYSTEMPATH\CodeIgniter.php(841): CodeIgniter\Router\RouteCollection->loadRoutes()
 5 SYSTEMPATH\CodeIgniter.php(464): CodeIgniter\CodeIgniter->tryToRouteIt(null)
 6 SYSTEMPATH\CodeIgniter.php(363): CodeIgniter\CodeIgniter->handleRequest(null, Object(Config\Cache), false)
 7 SYSTEMPATH\Boot.php(417): CodeIgniter\CodeIgniter->run()
 8 SYSTEMPATH\Boot.php(68): CodeIgniter\Boot::runCodeIgniter(Object(CodeIgniter\CodeIgniter))
 9 FCPATH\index.php(59): CodeIgniter\Boot::bootWeb(Object(Config\Paths))
10 SYSTEMPATH\rewrite.php(44): require_once('C:\\xampp\\htdocs\\SmartPlant_Care-main_CodeIgniter\\public\\index.php')
WARNING - 2026-05-28 11:20:52 --> [DEPRECATED] Passing lowercase HTTP method "get" is deprecated. Use uppercase HTTP method like "GET". in SYSTEMPATH\Router\RouteCollection.php on line 1026.
 1 SYSTEMPATH\Router\RouteCollection.php(1026): trigger_error('Passing lowercase HTTP method "get" is deprecated. Use uppercase HTTP method like "GET".', 16384)
 2 APPPATH\Config\Routes.php(14): CodeIgniter\Router\RouteCollection->match([...], 'SmartPlant_Care/controllers/(:segment).php', 'Legacy::controller/$1')
 3 SYSTEMPATH\Router\RouteCollection.php(339): require('C:\\xampp\\htdocs\\SmartPlant_Care-main_CodeIgniter\\app\\Config\\Routes.php')
 4 SYSTEMPATH\CodeIgniter.php(841): CodeIgniter\Router\RouteCollection->loadRoutes()
 5 SYSTEMPATH\CodeIgniter.php(464): CodeIgniter\CodeIgniter->tryToRouteIt(null)
 6 SYSTEMPATH\CodeIgniter.php(363): CodeIgniter\CodeIgniter->handleRequest(null, Object(Config\Cache), false)
 7 SYSTEMPATH\Boot.php(417): CodeIgniter\CodeIgniter->run()
 8 SYSTEMPATH\Boot.php(68): CodeIgniter\Boot::runCodeIgniter(Object(CodeIgniter\CodeIgniter))
 9 FCPATH\index.php(59): CodeIgniter\Boot::bootWeb(Object(Config\Paths))
10 SYSTEMPATH\rewrite.php(44): require_once('C:\\xampp\\htdocs\\SmartPlant_Care-main_CodeIgniter\\public\\index.php')
WARNING - 2026-05-28 11:20:52 --> [DEPRECATED] Passing lowercase HTTP method "post" is deprecated. Use uppercase HTTP method like "POST". in SYSTEMPATH\Router\RouteCollection.php on line 1026.
 1 SYSTEMPATH\Router\RouteCollection.php(1026): trigger_error('Passing lowercase HTTP method "post" is deprecated. Use uppercase HTTP method like "POST".', 16384)
 2 APPPATH\Config\Routes.php(14): CodeIgniter\Router\RouteCollection->match([...], 'SmartPlant_Care/controllers/(:segment).php', 'Legacy::controller/$1')
 3 SYSTEMPATH\Router\RouteCollection.php(339): require('C:\\xampp\\htdocs\\SmartPlant_Care-main_CodeIgniter\\app\\Config\\Routes.php')
 4 SYSTEMPATH\CodeIgniter.php(841): CodeIgniter\Router\RouteCollection->loadRoutes()
 5 SYSTEMPATH\CodeIgniter.php(464): CodeIgniter\CodeIgniter->tryToRouteIt(null)
 6 SYSTEMPATH\CodeIgniter.php(363): CodeIgniter\CodeIgniter->handleRequest(null, Object(Config\Cache), false)
 7 SYSTEMPATH\Boot.php(417): CodeIgniter\CodeIgniter->run()
 8 SYSTEMPATH\Boot.php(68): CodeIgniter\Boot::runCodeIgniter(Object(CodeIgniter\CodeIgniter))
 9 FCPATH\index.php(59): CodeIgniter\Boot::bootWeb(Object(Config\Paths))
10 SYSTEMPATH\rewrite.php(44): require_once('C:\\xampp\\htdocs\\SmartPlant_Care-main_CodeIgniter\\public\\index.php')
WARNING - 2026-05-28 11:20:54 --> [DEPRECATED] Passing lowercase HTTP method "get" is deprecated. Use uppercase HTTP method like "GET". in SYSTEMPATH\Router\RouteCollection.php on line 1026.
 1 SYSTEMPATH\Router\RouteCollection.php(1026): trigger_error('Passing lowercase HTTP method "get" is deprecated. Use uppercase HTTP method like "GET".', 16384)
 2 APPPATH\Config\Routes.php(11): CodeIgniter\Router\RouteCollection->match([...], 'views/(:alpha).php', 'Legacy::view/$1')
 3 SYSTEMPATH\Router\RouteCollection.php(339): require('C:\\xampp\\htdocs\\SmartPlant_Care-main_CodeIgniter\\app\\Config\\Routes.php')
 4 SYSTEMPATH\CodeIgniter.php(841): CodeIgniter\Router\RouteCollection->loadRoutes()
 5 SYSTEMPATH\CodeIgniter.php(464): CodeIgniter\CodeIgniter->tryToRouteIt(null)
 6 SYSTEMPATH\CodeIgniter.php(363): CodeIgniter\CodeIgniter->handleRequest(null, Object(Config\Cache), false)
 7 SYSTEMPATH\Boot.php(417): CodeIgniter\CodeIgniter->run()
 8 SYSTEMPATH\Boot.php(68): CodeIgniter\Boot::runCodeIgniter(Object(CodeIgniter\CodeIgniter))
 9 FCPATH\index.php(59): CodeIgniter\Boot::bootWeb(Object(Config\Paths))
10 SYSTEMPATH\rewrite.php(44): require_once('C:\\xampp\\htdocs\\SmartPlant_Care-main_CodeIgniter\\public\\index.php')
WARNING - 2026-05-28 11:20:54 --> [DEPRECATED] Passing lowercase HTTP method "post" is deprecated. Use uppercase HTTP method like "POST". in SYSTEMPATH\Router\RouteCollection.php on line 1026.
 1 SYSTEMPATH\Router\RouteCollection.php(1026): trigger_error('Passing lowercase HTTP method "post" is deprecated. Use uppercase HTTP method like "POST".', 16384)
 2 APPPATH\Config\Routes.php(11): CodeIgniter\Router\RouteCollection->match([...], 'views/(:alpha).php', 'Legacy::view/$1')
 3 SYSTEMPATH\Router\RouteCollection.php(339): require('C:\\xampp\\htdocs\\SmartPlant_Care-main_CodeIgniter\\app\\Config\\Routes.php')
 4 SYSTEMPATH\CodeIgniter.php(841): CodeIgniter\Router\RouteCollection->loadRoutes()
 5 SYSTEMPATH\CodeIgniter.php(464): CodeIgniter\CodeIgniter->tryToRouteIt(null)
 6 SYSTEMPATH\CodeIgniter.php(363): CodeIgniter\CodeIgniter->handleRequest(null, Object(Config\Cache), false)
 7 SYSTEMPATH\Boot.php(417): CodeIgniter\CodeIgniter->run()
 8 SYSTEMPATH\Boot.php(68): CodeIgniter\Boot::runCodeIgniter(Object(CodeIgniter\CodeIgniter))
 9 FCPATH\index.php(59): CodeIgniter\Boot::bootWeb(Object(Config\Paths))
10 SYSTEMPATH\rewrite.php(44): require_once('C:\\xampp\\htdocs\\SmartPlant_Care-main_CodeIgniter\\public\\index.php')
WARNING - 2026-05-28 11:20:54 --> [DEPRECATED] Passing lowercase HTTP method "get" is deprecated. Use uppercase HTTP method like "GET". in SYSTEMPATH\Router\RouteCollection.php on line 1026.
 1 SYSTEMPATH\Router\RouteCollection.php(1026): trigger_error('Passing lowercase HTTP method "get" is deprecated. Use uppercase HTTP method like "GET".', 16384)
 2 APPPATH\Config\Routes.php(12): CodeIgniter\Router\RouteCollection->match([...], 'controllers/(:segment).php', 'Legacy::controller/$1')
 3 SYSTEMPATH\Router\RouteCollection.php(339): require('C:\\xampp\\htdocs\\SmartPlant_Care-main_CodeIgniter\\app\\Config\\Routes.php')
 4 SYSTEMPATH\CodeIgniter.php(841): CodeIgniter\Router\RouteCollection->loadRoutes()
 5 SYSTEMPATH\CodeIgniter.php(464): CodeIgniter\CodeIgniter->tryToRouteIt(null)
 6 SYSTEMPATH\CodeIgniter.php(363): CodeIgniter\CodeIgniter->handleRequest(null, Object(Config\Cache), false)
 7 SYSTEMPATH\Boot.php(417): CodeIgniter\CodeIgniter->run()
 8 SYSTEMPATH\Boot.php(68): CodeIgniter\Boot::runCodeIgniter(Object(CodeIgniter\CodeIgniter))
 9 FCPATH\index.php(59): CodeIgniter\Boot::bootWeb(Object(Config\Paths))
10 SYSTEMPATH\rewrite.php(44): require_once('C:\\xampp\\htdocs\\SmartPlant_Care-main_CodeIgniter\\public\\index.php')
WARNING - 2026-05-28 11:20:54 --> [DEPRECATED] Passing lowercase HTTP method "post" is deprecated. Use uppercase HTTP method like "POST". in SYSTEMPATH\Router\RouteCollection.php on line 1026.
 1 SYSTEMPATH\Router\RouteCollection.php(1026): trigger_error('Passing lowercase HTTP method "post" is deprecated. Use uppercase HTTP method like "POST".', 16384)
 2 APPPATH\Config\Routes.php(12): CodeIgniter\Router\RouteCollection->match([...], 'controllers/(:segment).php', 'Legacy::controller/$1')
 3 SYSTEMPATH\Router\RouteCollection.php(339): require('C:\\xampp\\htdocs\\SmartPlant_Care-main_CodeIgniter\\app\\Config\\Routes.php')
 4 SYSTEMPATH\CodeIgniter.php(841): CodeIgniter\Router\RouteCollection->loadRoutes()
 5 SYSTEMPATH\CodeIgniter.php(464): CodeIgniter\CodeIgniter->tryToRouteIt(null)
 6 SYSTEMPATH\CodeIgniter.php(363): CodeIgniter\CodeIgniter->handleRequest(null, Object(Config\Cache), false)
 7 SYSTEMPATH\Boot.php(417): CodeIgniter\CodeIgniter->run()
 8 SYSTEMPATH\Boot.php(68): CodeIgniter\Boot::runCodeIgniter(Object(CodeIgniter\CodeIgniter))
 9 FCPATH\index.php(59): CodeIgniter\Boot::bootWeb(Object(Config\Paths))
10 SYSTEMPATH\rewrite.php(44): require_once('C:\\xampp\\htdocs\\SmartPlant_Care-main_CodeIgniter\\public\\index.php')
WARNING - 2026-05-28 11:20:54 --> [DEPRECATED] Passing lowercase HTTP method "get" is deprecated. Use uppercase HTTP method like "GET". in SYSTEMPATH\Router\RouteCollection.php on line 1026.
 1 SYSTEMPATH\Router\RouteCollection.php(1026): trigger_error('Passing lowercase HTTP method "get" is deprecated. Use uppercase HTTP method like "GET".', 16384)
 2 APPPATH\Config\Routes.php(13): CodeIgniter\Router\RouteCollection->match([...], 'SmartPlant_Care/views/(:alpha).php', 'Legacy::view/$1')
 3 SYSTEMPATH\Router\RouteCollection.php(339): require('C:\\xampp\\htdocs\\SmartPlant_Care-main_CodeIgniter\\app\\Config\\Routes.php')
 4 SYSTEMPATH\CodeIgniter.php(841): CodeIgniter\Router\RouteCollection->loadRoutes()
 5 SYSTEMPATH\CodeIgniter.php(464): CodeIgniter\CodeIgniter->tryToRouteIt(null)
 6 SYSTEMPATH\CodeIgniter.php(363): CodeIgniter\CodeIgniter->handleRequest(null, Object(Config\Cache), false)
 7 SYSTEMPATH\Boot.php(417): CodeIgniter\CodeIgniter->run()
 8 SYSTEMPATH\Boot.php(68): CodeIgniter\Boot::runCodeIgniter(Object(CodeIgniter\CodeIgniter))
 9 FCPATH\index.php(59): CodeIgniter\Boot::bootWeb(Object(Config\Paths))
10 SYSTEMPATH\rewrite.php(44): require_once('C:\\xampp\\htdocs\\SmartPlant_Care-main_CodeIgniter\\public\\index.php')
WARNING - 2026-05-28 11:20:54 --> [DEPRECATED] Passing lowercase HTTP method "post" is deprecated. Use uppercase HTTP method like "POST". in SYSTEMPATH\Router\RouteCollection.php on line 1026.
 1 SYSTEMPATH\Router\RouteCollection.php(1026): trigger_error('Passing lowercase HTTP method "post" is deprecated. Use uppercase HTTP method like "POST".', 16384)
 2 APPPATH\Config\Routes.php(13): CodeIgniter\Router\RouteCollection->match([...], 'SmartPlant_Care/views/(:alpha).php', 'Legacy::view/$1')
 3 SYSTEMPATH\Router\RouteCollection.php(339): require('C:\\xampp\\htdocs\\SmartPlant_Care-main_CodeIgniter\\app\\Config\\Routes.php')
 4 SYSTEMPATH\CodeIgniter.php(841): CodeIgniter\Router\RouteCollection->loadRoutes()
 5 SYSTEMPATH\CodeIgniter.php(464): CodeIgniter\CodeIgniter->tryToRouteIt(null)
 6 SYSTEMPATH\CodeIgniter.php(363): CodeIgniter\CodeIgniter->handleRequest(null, Object(Config\Cache), false)
 7 SYSTEMPATH\Boot.php(417): CodeIgniter\CodeIgniter->run()
 8 SYSTEMPATH\Boot.php(68): CodeIgniter\Boot::runCodeIgniter(Object(CodeIgniter\CodeIgniter))
 9 FCPATH\index.php(59): CodeIgniter\Boot::bootWeb(Object(Config\Paths))
10 SYSTEMPATH\rewrite.php(44): require_once('C:\\xampp\\htdocs\\SmartPlant_Care-main_CodeIgniter\\public\\index.php')
WARNING - 2026-05-28 11:20:54 --> [DEPRECATED] Passing lowercase HTTP method "get" is deprecated. Use uppercase HTTP method like "GET". in SYSTEMPATH\Router\RouteCollection.php on line 1026.
 1 SYSTEMPATH\Router\RouteCollection.php(1026): trigger_error('Passing lowercase HTTP method "get" is deprecated. Use uppercase HTTP method like "GET".', 16384)
 2 APPPATH\Config\Routes.php(14): CodeIgniter\Router\RouteCollection->match([...], 'SmartPlant_Care/controllers/(:segment).php', 'Legacy::controller/$1')
 3 SYSTEMPATH\Router\RouteCollection.php(339): require('C:\\xampp\\htdocs\\SmartPlant_Care-main_CodeIgniter\\app\\Config\\Routes.php')
 4 SYSTEMPATH\CodeIgniter.php(841): CodeIgniter\Router\RouteCollection->loadRoutes()
 5 SYSTEMPATH\CodeIgniter.php(464): CodeIgniter\CodeIgniter->tryToRouteIt(null)
 6 SYSTEMPATH\CodeIgniter.php(363): CodeIgniter\CodeIgniter->handleRequest(null, Object(Config\Cache), false)
 7 SYSTEMPATH\Boot.php(417): CodeIgniter\CodeIgniter->run()
 8 SYSTEMPATH\Boot.php(68): CodeIgniter\Boot::runCodeIgniter(Object(CodeIgniter\CodeIgniter))
 9 FCPATH\index.php(59): CodeIgniter\Boot::bootWeb(Object(Config\Paths))
10 SYSTEMPATH\rewrite.php(44): require_once('C:\\xampp\\htdocs\\SmartPlant_Care-main_CodeIgniter\\public\\index.php')
WARNING - 2026-05-28 11:20:54 --> [DEPRECATED] Passing lowercase HTTP method "post" is deprecated. Use uppercase HTTP method like "POST". in SYSTEMPATH\Router\RouteCollection.php on line 1026.
 1 SYSTEMPATH\Router\RouteCollection.php(1026): trigger_error('Passing lowercase HTTP method "post" is deprecated. Use uppercase HTTP method like "POST".', 16384)
 2 APPPATH\Config\Routes.php(14): CodeIgniter\Router\RouteCollection->match([...], 'SmartPlant_Care/controllers/(:segment).php', 'Legacy::controller/$1')
 3 SYSTEMPATH\Router\RouteCollection.php(339): require('C:\\xampp\\htdocs\\SmartPlant_Care-main_CodeIgniter\\app\\Config\\Routes.php')
 4 SYSTEMPATH\CodeIgniter.php(841): CodeIgniter\Router\RouteCollection->loadRoutes()
 5 SYSTEMPATH\CodeIgniter.php(464): CodeIgniter\CodeIgniter->tryToRouteIt(null)
 6 SYSTEMPATH\CodeIgniter.php(363): CodeIgniter\CodeIgniter->handleRequest(null, Object(Config\Cache), false)
 7 SYSTEMPATH\Boot.php(417): CodeIgniter\CodeIgniter->run()
 8 SYSTEMPATH\Boot.php(68): CodeIgniter\Boot::runCodeIgniter(Object(CodeIgniter\CodeIgniter))
 9 FCPATH\index.php(59): CodeIgniter\Boot::bootWeb(Object(Config\Paths))
10 SYSTEMPATH\rewrite.php(44): require_once('C:\\xampp\\htdocs\\SmartPlant_Care-main_CodeIgniter\\public\\index.php')
DEBUG - 2026-05-28 11:20:54 --> Session: Class initialized using 'CodeIgniter\Session\Handlers\FileHandler' driver.
WARNING - 2026-05-28 11:20:59 --> [DEPRECATED] Passing lowercase HTTP method "get" is deprecated. Use uppercase HTTP method like "GET". in SYSTEMPATH\Router\RouteCollection.php on line 1026.
 1 SYSTEMPATH\Router\RouteCollection.php(1026): trigger_error('Passing lowercase HTTP method "get" is deprecated. Use uppercase HTTP method like "GET".', 16384)
 2 APPPATH\Config\Routes.php(11): CodeIgniter\Router\RouteCollection->match([...], 'views/(:alpha).php', 'Legacy::view/$1')
 3 SYSTEMPATH\Router\RouteCollection.php(339): require('C:\\xampp\\htdocs\\SmartPlant_Care-main_CodeIgniter\\app\\Config\\Routes.php')
 4 SYSTEMPATH\CodeIgniter.php(841): CodeIgniter\Router\RouteCollection->loadRoutes()
 5 SYSTEMPATH\CodeIgniter.php(464): CodeIgniter\CodeIgniter->tryToRouteIt(null)
 6 SYSTEMPATH\CodeIgniter.php(363): CodeIgniter\CodeIgniter->handleRequest(null, Object(Config\Cache), false)
 7 SYSTEMPATH\Boot.php(417): CodeIgniter\CodeIgniter->run()
 8 SYSTEMPATH\Boot.php(68): CodeIgniter\Boot::runCodeIgniter(Object(CodeIgniter\CodeIgniter))
 9 FCPATH\index.php(59): CodeIgniter\Boot::bootWeb(Object(Config\Paths))
10 SYSTEMPATH\rewrite.php(44): require_once('C:\\xampp\\htdocs\\SmartPlant_Care-main_CodeIgniter\\public\\index.php')
WARNING - 2026-05-28 11:20:59 --> [DEPRECATED] Passing lowercase HTTP method "post" is deprecated. Use uppercase HTTP method like "POST". in SYSTEMPATH\Router\RouteCollection.php on line 1026.
 1 SYSTEMPATH\Router\RouteCollection.php(1026): trigger_error('Passing lowercase HTTP method "post" is deprecated. Use uppercase HTTP method like "POST".', 16384)
 2 APPPATH\Config\Routes.php(11): CodeIgniter\Router\RouteCollection->match([...], 'views/(:alpha).php', 'Legacy::view/$1')
 3 SYSTEMPATH\Router\RouteCollection.php(339): require('C:\\xampp\\htdocs\\SmartPlant_Care-main_CodeIgniter\\app\\Config\\Routes.php')
 4 SYSTEMPATH\CodeIgniter.php(841): CodeIgniter\Router\RouteCollection->loadRoutes()
 5 SYSTEMPATH\CodeIgniter.php(464): CodeIgniter\CodeIgniter->tryToRouteIt(null)
 6 SYSTEMPATH\CodeIgniter.php(363): CodeIgniter\CodeIgniter->handleRequest(null, Object(Config\Cache), false)
 7 SYSTEMPATH\Boot.php(417): CodeIgniter\CodeIgniter->run()
 8 SYSTEMPATH\Boot.php(68): CodeIgniter\Boot::runCodeIgniter(Object(CodeIgniter\CodeIgniter))
 9 FCPATH\index.php(59): CodeIgniter\Boot::bootWeb(Object(Config\Paths))
10 SYSTEMPATH\rewrite.php(44): require_once('C:\\xampp\\htdocs\\SmartPlant_Care-main_CodeIgniter\\public\\index.php')
WARNING - 2026-05-28 11:20:59 --> [DEPRECATED] Passing lowercase HTTP method "get" is deprecated. Use uppercase HTTP method like "GET". in SYSTEMPATH\Router\RouteCollection.php on line 1026.
 1 SYSTEMPATH\Router\RouteCollection.php(1026): trigger_error('Passing lowercase HTTP method "get" is deprecated. Use uppercase HTTP method like "GET".', 16384)
 2 APPPATH\Config\Routes.php(12): CodeIgniter\Router\RouteCollection->match([...], 'controllers/(:segment).php', 'Legacy::controller/$1')
 3 SYSTEMPATH\Router\RouteCollection.php(339): require('C:\\xampp\\htdocs\\SmartPlant_Care-main_CodeIgniter\\app\\Config\\Routes.php')
 4 SYSTEMPATH\CodeIgniter.php(841): CodeIgniter\Router\RouteCollection->loadRoutes()
 5 SYSTEMPATH\CodeIgniter.php(464): CodeIgniter\CodeIgniter->tryToRouteIt(null)
 6 SYSTEMPATH\CodeIgniter.php(363): CodeIgniter\CodeIgniter->handleRequest(null, Object(Config\Cache), false)
 7 SYSTEMPATH\Boot.php(417): CodeIgniter\CodeIgniter->run()
 8 SYSTEMPATH\Boot.php(68): CodeIgniter\Boot::runCodeIgniter(Object(CodeIgniter\CodeIgniter))
 9 FCPATH\index.php(59): CodeIgniter\Boot::bootWeb(Object(Config\Paths))
10 SYSTEMPATH\rewrite.php(44): require_once('C:\\xampp\\htdocs\\SmartPlant_Care-main_CodeIgniter\\public\\index.php')
WARNING - 2026-05-28 11:20:59 --> [DEPRECATED] Passing lowercase HTTP method "post" is deprecated. Use uppercase HTTP method like "POST". in SYSTEMPATH\Router\RouteCollection.php on line 1026.
 1 SYSTEMPATH\Router\RouteCollection.php(1026): trigger_error('Passing lowercase HTTP method "post" is deprecated. Use uppercase HTTP method like "POST".', 16384)
 2 APPPATH\Config\Routes.php(12): CodeIgniter\Router\RouteCollection->match([...], 'controllers/(:segment).php', 'Legacy::controller/$1')
 3 SYSTEMPATH\Router\RouteCollection.php(339): require('C:\\xampp\\htdocs\\SmartPlant_Care-main_CodeIgniter\\app\\Config\\Routes.php')
 4 SYSTEMPATH\CodeIgniter.php(841): CodeIgniter\Router\RouteCollection->loadRoutes()
 5 SYSTEMPATH\CodeIgniter.php(464): CodeIgniter\CodeIgniter->tryToRouteIt(null)
 6 SYSTEMPATH\CodeIgniter.php(363): CodeIgniter\CodeIgniter->handleRequest(null, Object(Config\Cache), false)
 7 SYSTEMPATH\Boot.php(417): CodeIgniter\CodeIgniter->run()
 8 SYSTEMPATH\Boot.php(68): CodeIgniter\Boot::runCodeIgniter(Object(CodeIgniter\CodeIgniter))
 9 FCPATH\index.php(59): CodeIgniter\Boot::bootWeb(Object(Config\Paths))
10 SYSTEMPATH\rewrite.php(44): require_once('C:\\xampp\\htdocs\\SmartPlant_Care-main_CodeIgniter\\public\\index.php')
WARNING - 2026-05-28 11:20:59 --> [DEPRECATED] Passing lowercase HTTP method "get" is deprecated. Use uppercase HTTP method like "GET". in SYSTEMPATH\Router\RouteCollection.php on line 1026.
 1 SYSTEMPATH\Router\RouteCollection.php(1026): trigger_error('Passing lowercase HTTP method "get" is deprecated. Use uppercase HTTP method like "GET".', 16384)
 2 APPPATH\Config\Routes.php(13): CodeIgniter\Router\RouteCollection->match([...], 'SmartPlant_Care/views/(:alpha).php', 'Legacy::view/$1')
 3 SYSTEMPATH\Router\RouteCollection.php(339): require('C:\\xampp\\htdocs\\SmartPlant_Care-main_CodeIgniter\\app\\Config\\Routes.php')
 4 SYSTEMPATH\CodeIgniter.php(841): CodeIgniter\Router\RouteCollection->loadRoutes()
 5 SYSTEMPATH\CodeIgniter.php(464): CodeIgniter\CodeIgniter->tryToRouteIt(null)
 6 SYSTEMPATH\CodeIgniter.php(363): CodeIgniter\CodeIgniter->handleRequest(null, Object(Config\Cache), false)
 7 SYSTEMPATH\Boot.php(417): CodeIgniter\CodeIgniter->run()
 8 SYSTEMPATH\Boot.php(68): CodeIgniter\Boot::runCodeIgniter(Object(CodeIgniter\CodeIgniter))
 9 FCPATH\index.php(59): CodeIgniter\Boot::bootWeb(Object(Config\Paths))
10 SYSTEMPATH\rewrite.php(44): require_once('C:\\xampp\\htdocs\\SmartPlant_Care-main_CodeIgniter\\public\\index.php')
WARNING - 2026-05-28 11:20:59 --> [DEPRECATED] Passing lowercase HTTP method "post" is deprecated. Use uppercase HTTP method like "POST". in SYSTEMPATH\Router\RouteCollection.php on line 1026.
 1 SYSTEMPATH\Router\RouteCollection.php(1026): trigger_error('Passing lowercase HTTP method "post" is deprecated. Use uppercase HTTP method like "POST".', 16384)
 2 APPPATH\Config\Routes.php(13): CodeIgniter\Router\RouteCollection->match([...], 'SmartPlant_Care/views/(:alpha).php', 'Legacy::view/$1')
 3 SYSTEMPATH\Router\RouteCollection.php(339): require('C:\\xampp\\htdocs\\SmartPlant_Care-main_CodeIgniter\\app\\Config\\Routes.php')
 4 SYSTEMPATH\CodeIgniter.php(841): CodeIgniter\Router\RouteCollection->loadRoutes()
 5 SYSTEMPATH\CodeIgniter.php(464): CodeIgniter\CodeIgniter->tryToRouteIt(null)
 6 SYSTEMPATH\CodeIgniter.php(363): CodeIgniter\CodeIgniter->handleRequest(null, Object(Config\Cache), false)
 7 SYSTEMPATH\Boot.php(417): CodeIgniter\CodeIgniter->run()
 8 SYSTEMPATH\Boot.php(68): CodeIgniter\Boot::runCodeIgniter(Object(CodeIgniter\CodeIgniter))
 9 FCPATH\index.php(59): CodeIgniter\Boot::bootWeb(Object(Config\Paths))
10 SYSTEMPATH\rewrite.php(44): require_once('C:\\xampp\\htdocs\\SmartPlant_Care-main_CodeIgniter\\public\\index.php')
WARNING - 2026-05-28 11:20:59 --> [DEPRECATED] Passing lowercase HTTP method "get" is deprecated. Use uppercase HTTP method like "GET". in SYSTEMPATH\Router\RouteCollection.php on line 1026.
 1 SYSTEMPATH\Router\RouteCollection.php(1026): trigger_error('Passing lowercase HTTP method "get" is deprecated. Use uppercase HTTP method like "GET".', 16384)
 2 APPPATH\Config\Routes.php(14): CodeIgniter\Router\RouteCollection->match([...], 'SmartPlant_Care/controllers/(:segment).php', 'Legacy::controller/$1')
 3 SYSTEMPATH\Router\RouteCollection.php(339): require('C:\\xampp\\htdocs\\SmartPlant_Care-main_CodeIgniter\\app\\Config\\Routes.php')
 4 SYSTEMPATH\CodeIgniter.php(841): CodeIgniter\Router\RouteCollection->loadRoutes()
 5 SYSTEMPATH\CodeIgniter.php(464): CodeIgniter\CodeIgniter->tryToRouteIt(null)
 6 SYSTEMPATH\CodeIgniter.php(363): CodeIgniter\CodeIgniter->handleRequest(null, Object(Config\Cache), false)
 7 SYSTEMPATH\Boot.php(417): CodeIgniter\CodeIgniter->run()
 8 SYSTEMPATH\Boot.php(68): CodeIgniter\Boot::runCodeIgniter(Object(CodeIgniter\CodeIgniter))
 9 FCPATH\index.php(59): CodeIgniter\Boot::bootWeb(Object(Config\Paths))
10 SYSTEMPATH\rewrite.php(44): require_once('C:\\xampp\\htdocs\\SmartPlant_Care-main_CodeIgniter\\public\\index.php')
WARNING - 2026-05-28 11:20:59 --> [DEPRECATED] Passing lowercase HTTP method "post" is deprecated. Use uppercase HTTP method like "POST". in SYSTEMPATH\Router\RouteCollection.php on line 1026.
 1 SYSTEMPATH\Router\RouteCollection.php(1026): trigger_error('Passing lowercase HTTP method "post" is deprecated. Use uppercase HTTP method like "POST".', 16384)
 2 APPPATH\Config\Routes.php(14): CodeIgniter\Router\RouteCollection->match([...], 'SmartPlant_Care/controllers/(:segment).php', 'Legacy::controller/$1')
 3 SYSTEMPATH\Router\RouteCollection.php(339): require('C:\\xampp\\htdocs\\SmartPlant_Care-main_CodeIgniter\\app\\Config\\Routes.php')
 4 SYSTEMPATH\CodeIgniter.php(841): CodeIgniter\Router\RouteCollection->loadRoutes()
 5 SYSTEMPATH\CodeIgniter.php(464): CodeIgniter\CodeIgniter->tryToRouteIt(null)
 6 SYSTEMPATH\CodeIgniter.php(363): CodeIgniter\CodeIgniter->handleRequest(null, Object(Config\Cache), false)
 7 SYSTEMPATH\Boot.php(417): CodeIgniter\CodeIgniter->run()
 8 SYSTEMPATH\Boot.php(68): CodeIgniter\Boot::runCodeIgniter(Object(CodeIgniter\CodeIgniter))
 9 FCPATH\index.php(59): CodeIgniter\Boot::bootWeb(Object(Config\Paths))
10 SYSTEMPATH\rewrite.php(44): require_once('C:\\xampp\\htdocs\\SmartPlant_Care-main_CodeIgniter\\public\\index.php')
WARNING - 2026-05-28 11:25:45 --> [DEPRECATED] Passing lowercase HTTP method "get" is deprecated. Use uppercase HTTP method like "GET". in SYSTEMPATH\Router\RouteCollection.php on line 1026.
 1 SYSTEMPATH\Router\RouteCollection.php(1026): trigger_error('Passing lowercase HTTP method "get" is deprecated. Use uppercase HTTP method like "GET".', 16384)
 2 APPPATH\Config\Routes.php(11): CodeIgniter\Router\RouteCollection->match([...], 'views/(:alpha).php', 'Legacy::view/$1')
 3 SYSTEMPATH\Router\RouteCollection.php(339): require('C:\\xampp\\htdocs\\SmartPlant_Care-main_CodeIgniter\\app\\Config\\Routes.php')
 4 SYSTEMPATH\CodeIgniter.php(841): CodeIgniter\Router\RouteCollection->loadRoutes()
 5 SYSTEMPATH\CodeIgniter.php(464): CodeIgniter\CodeIgniter->tryToRouteIt(null)
 6 SYSTEMPATH\CodeIgniter.php(363): CodeIgniter\CodeIgniter->handleRequest(null, Object(Config\Cache), false)
 7 SYSTEMPATH\Boot.php(417): CodeIgniter\CodeIgniter->run()
 8 SYSTEMPATH\Boot.php(68): CodeIgniter\Boot::runCodeIgniter(Object(CodeIgniter\CodeIgniter))
 9 FCPATH\index.php(59): CodeIgniter\Boot::bootWeb(Object(Config\Paths))
10 SYSTEMPATH\rewrite.php(44): require_once('C:\\xampp\\htdocs\\SmartPlant_Care-main_CodeIgniter\\public\\index.php')
WARNING - 2026-05-28 11:25:45 --> [DEPRECATED] Passing lowercase HTTP method "post" is deprecated. Use uppercase HTTP method like "POST". in SYSTEMPATH\Router\RouteCollection.php on line 1026.
 1 SYSTEMPATH\Router\RouteCollection.php(1026): trigger_error('Passing lowercase HTTP method "post" is deprecated. Use uppercase HTTP method like "POST".', 16384)
 2 APPPATH\Config\Routes.php(11): CodeIgniter\Router\RouteCollection->match([...], 'views/(:alpha).php', 'Legacy::view/$1')
 3 SYSTEMPATH\Router\RouteCollection.php(339): require('C:\\xampp\\htdocs\\SmartPlant_Care-main_CodeIgniter\\app\\Config\\Routes.php')
 4 SYSTEMPATH\CodeIgniter.php(841): CodeIgniter\Router\RouteCollection->loadRoutes()
 5 SYSTEMPATH\CodeIgniter.php(464): CodeIgniter\CodeIgniter->tryToRouteIt(null)
 6 SYSTEMPATH\CodeIgniter.php(363): CodeIgniter\CodeIgniter->handleRequest(null, Object(Config\Cache), false)
 7 SYSTEMPATH\Boot.php(417): CodeIgniter\CodeIgniter->run()
 8 SYSTEMPATH\Boot.php(68): CodeIgniter\Boot::runCodeIgniter(Object(CodeIgniter\CodeIgniter))
 9 FCPATH\index.php(59): CodeIgniter\Boot::bootWeb(Object(Config\Paths))
10 SYSTEMPATH\rewrite.php(44): require_once('C:\\xampp\\htdocs\\SmartPlant_Care-main_CodeIgniter\\public\\index.php')
WARNING - 2026-05-28 11:25:45 --> [DEPRECATED] Passing lowercase HTTP method "get" is deprecated. Use uppercase HTTP method like "GET". in SYSTEMPATH\Router\RouteCollection.php on line 1026.
 1 SYSTEMPATH\Router\RouteCollection.php(1026): trigger_error('Passing lowercase HTTP method "get" is deprecated. Use uppercase HTTP method like "GET".', 16384)
 2 APPPATH\Config\Routes.php(12): CodeIgniter\Router\RouteCollection->match([...], 'controllers/(:segment).php', 'Legacy::controller/$1')
 3 SYSTEMPATH\Router\RouteCollection.php(339): require('C:\\xampp\\htdocs\\SmartPlant_Care-main_CodeIgniter\\app\\Config\\Routes.php')
 4 SYSTEMPATH\CodeIgniter.php(841): CodeIgniter\Router\RouteCollection->loadRoutes()
 5 SYSTEMPATH\CodeIgniter.php(464): CodeIgniter\CodeIgniter->tryToRouteIt(null)
 6 SYSTEMPATH\CodeIgniter.php(363): CodeIgniter\CodeIgniter->handleRequest(null, Object(Config\Cache), false)
 7 SYSTEMPATH\Boot.php(417): CodeIgniter\CodeIgniter->run()
 8 SYSTEMPATH\Boot.php(68): CodeIgniter\Boot::runCodeIgniter(Object(CodeIgniter\CodeIgniter))
 9 FCPATH\index.php(59): CodeIgniter\Boot::bootWeb(Object(Config\Paths))
10 SYSTEMPATH\rewrite.php(44): require_once('C:\\xampp\\htdocs\\SmartPlant_Care-main_CodeIgniter\\public\\index.php')
WARNING - 2026-05-28 11:25:45 --> [DEPRECATED] Passing lowercase HTTP method "post" is deprecated. Use uppercase HTTP method like "POST". in SYSTEMPATH\Router\RouteCollection.php on line 1026.
 1 SYSTEMPATH\Router\RouteCollection.php(1026): trigger_error('Passing lowercase HTTP method "post" is deprecated. Use uppercase HTTP method like "POST".', 16384)
 2 APPPATH\Config\Routes.php(12): CodeIgniter\Router\RouteCollection->match([...], 'controllers/(:segment).php', 'Legacy::controller/$1')
 3 SYSTEMPATH\Router\RouteCollection.php(339): require('C:\\xampp\\htdocs\\SmartPlant_Care-main_CodeIgniter\\app\\Config\\Routes.php')
 4 SYSTEMPATH\CodeIgniter.php(841): CodeIgniter\Router\RouteCollection->loadRoutes()
 5 SYSTEMPATH\CodeIgniter.php(464): CodeIgniter\CodeIgniter->tryToRouteIt(null)
 6 SYSTEMPATH\CodeIgniter.php(363): CodeIgniter\CodeIgniter->handleRequest(null, Object(Config\Cache), false)
 7 SYSTEMPATH\Boot.php(417): CodeIgniter\CodeIgniter->run()
 8 SYSTEMPATH\Boot.php(68): CodeIgniter\Boot::runCodeIgniter(Object(CodeIgniter\CodeIgniter))
 9 FCPATH\index.php(59): CodeIgniter\Boot::bootWeb(Object(Config\Paths))
10 SYSTEMPATH\rewrite.php(44): require_once('C:\\xampp\\htdocs\\SmartPlant_Care-main_CodeIgniter\\public\\index.php')
WARNING - 2026-05-28 11:25:45 --> [DEPRECATED] Passing lowercase HTTP method "get" is deprecated. Use uppercase HTTP method like "GET". in SYSTEMPATH\Router\RouteCollection.php on line 1026.
 1 SYSTEMPATH\Router\RouteCollection.php(1026): trigger_error('Passing lowercase HTTP method "get" is deprecated. Use uppercase HTTP method like "GET".', 16384)
 2 APPPATH\Config\Routes.php(13): CodeIgniter\Router\RouteCollection->match([...], 'SmartPlant_Care/views/(:alpha).php', 'Legacy::view/$1')
 3 SYSTEMPATH\Router\RouteCollection.php(339): require('C:\\xampp\\htdocs\\SmartPlant_Care-main_CodeIgniter\\app\\Config\\Routes.php')
 4 SYSTEMPATH\CodeIgniter.php(841): CodeIgniter\Router\RouteCollection->loadRoutes()
 5 SYSTEMPATH\CodeIgniter.php(464): CodeIgniter\CodeIgniter->tryToRouteIt(null)
 6 SYSTEMPATH\CodeIgniter.php(363): CodeIgniter\CodeIgniter->handleRequest(null, Object(Config\Cache), false)
 7 SYSTEMPATH\Boot.php(417): CodeIgniter\CodeIgniter->run()
 8 SYSTEMPATH\Boot.php(68): CodeIgniter\Boot::runCodeIgniter(Object(CodeIgniter\CodeIgniter))
 9 FCPATH\index.php(59): CodeIgniter\Boot::bootWeb(Object(Config\Paths))
10 SYSTEMPATH\rewrite.php(44): require_once('C:\\xampp\\htdocs\\SmartPlant_Care-main_CodeIgniter\\public\\index.php')
WARNING - 2026-05-28 11:25:45 --> [DEPRECATED] Passing lowercase HTTP method "post" is deprecated. Use uppercase HTTP method like "POST". in SYSTEMPATH\Router\RouteCollection.php on line 1026.
 1 SYSTEMPATH\Router\RouteCollection.php(1026): trigger_error('Passing lowercase HTTP method "post" is deprecated. Use uppercase HTTP method like "POST".', 16384)
 2 APPPATH\Config\Routes.php(13): CodeIgniter\Router\RouteCollection->match([...], 'SmartPlant_Care/views/(:alpha).php', 'Legacy::view/$1')
 3 SYSTEMPATH\Router\RouteCollection.php(339): require('C:\\xampp\\htdocs\\SmartPlant_Care-main_CodeIgniter\\app\\Config\\Routes.php')
 4 SYSTEMPATH\CodeIgniter.php(841): CodeIgniter\Router\RouteCollection->loadRoutes()
 5 SYSTEMPATH\CodeIgniter.php(464): CodeIgniter\CodeIgniter->tryToRouteIt(null)
 6 SYSTEMPATH\CodeIgniter.php(363): CodeIgniter\CodeIgniter->handleRequest(null, Object(Config\Cache), false)
 7 SYSTEMPATH\Boot.php(417): CodeIgniter\CodeIgniter->run()
 8 SYSTEMPATH\Boot.php(68): CodeIgniter\Boot::runCodeIgniter(Object(CodeIgniter\CodeIgniter))
 9 FCPATH\index.php(59): CodeIgniter\Boot::bootWeb(Object(Config\Paths))
10 SYSTEMPATH\rewrite.php(44): require_once('C:\\xampp\\htdocs\\SmartPlant_Care-main_CodeIgniter\\public\\index.php')
WARNING - 2026-05-28 11:25:45 --> [DEPRECATED] Passing lowercase HTTP method "get" is deprecated. Use uppercase HTTP method like "GET". in SYSTEMPATH\Router\RouteCollection.php on line 1026.
 1 SYSTEMPATH\Router\RouteCollection.php(1026): trigger_error('Passing lowercase HTTP method "get" is deprecated. Use uppercase HTTP method like "GET".', 16384)
 2 APPPATH\Config\Routes.php(14): CodeIgniter\Router\RouteCollection->match([...], 'SmartPlant_Care/controllers/(:segment).php', 'Legacy::controller/$1')
 3 SYSTEMPATH\Router\RouteCollection.php(339): require('C:\\xampp\\htdocs\\SmartPlant_Care-main_CodeIgniter\\app\\Config\\Routes.php')
 4 SYSTEMPATH\CodeIgniter.php(841): CodeIgniter\Router\RouteCollection->loadRoutes()
 5 SYSTEMPATH\CodeIgniter.php(464): CodeIgniter\CodeIgniter->tryToRouteIt(null)
 6 SYSTEMPATH\CodeIgniter.php(363): CodeIgniter\CodeIgniter->handleRequest(null, Object(Config\Cache), false)
 7 SYSTEMPATH\Boot.php(417): CodeIgniter\CodeIgniter->run()
 8 SYSTEMPATH\Boot.php(68): CodeIgniter\Boot::runCodeIgniter(Object(CodeIgniter\CodeIgniter))
 9 FCPATH\index.php(59): CodeIgniter\Boot::bootWeb(Object(Config\Paths))
10 SYSTEMPATH\rewrite.php(44): require_once('C:\\xampp\\htdocs\\SmartPlant_Care-main_CodeIgniter\\public\\index.php')
WARNING - 2026-05-28 11:25:45 --> [DEPRECATED] Passing lowercase HTTP method "post" is deprecated. Use uppercase HTTP method like "POST". in SYSTEMPATH\Router\RouteCollection.php on line 1026.
 1 SYSTEMPATH\Router\RouteCollection.php(1026): trigger_error('Passing lowercase HTTP method "post" is deprecated. Use uppercase HTTP method like "POST".', 16384)
 2 APPPATH\Config\Routes.php(14): CodeIgniter\Router\RouteCollection->match([...], 'SmartPlant_Care/controllers/(:segment).php', 'Legacy::controller/$1')
 3 SYSTEMPATH\Router\RouteCollection.php(339): require('C:\\xampp\\htdocs\\SmartPlant_Care-main_CodeIgniter\\app\\Config\\Routes.php')
 4 SYSTEMPATH\CodeIgniter.php(841): CodeIgniter\Router\RouteCollection->loadRoutes()
 5 SYSTEMPATH\CodeIgniter.php(464): CodeIgniter\CodeIgniter->tryToRouteIt(null)
 6 SYSTEMPATH\CodeIgniter.php(363): CodeIgniter\CodeIgniter->handleRequest(null, Object(Config\Cache), false)
 7 SYSTEMPATH\Boot.php(417): CodeIgniter\CodeIgniter->run()
 8 SYSTEMPATH\Boot.php(68): CodeIgniter\Boot::runCodeIgniter(Object(CodeIgniter\CodeIgniter))
 9 FCPATH\index.php(59): CodeIgniter\Boot::bootWeb(Object(Config\Paths))
10 SYSTEMPATH\rewrite.php(44): require_once('C:\\xampp\\htdocs\\SmartPlant_Care-main_CodeIgniter\\public\\index.php')
DEBUG - 2026-05-28 11:25:45 --> Session: Class initialized using 'CodeIgniter\Session\Handlers\FileHandler' driver.
WARNING - 2026-05-28 11:25:46 --> [DEPRECATED] Passing lowercase HTTP method "get" is deprecated. Use uppercase HTTP method like "GET". in SYSTEMPATH\Router\RouteCollection.php on line 1026.
 1 SYSTEMPATH\Router\RouteCollection.php(1026): trigger_error('Passing lowercase HTTP method "get" is deprecated. Use uppercase HTTP method like "GET".', 16384)
 2 APPPATH\Config\Routes.php(11): CodeIgniter\Router\RouteCollection->match([...], 'views/(:alpha).php', 'Legacy::view/$1')
 3 SYSTEMPATH\Router\RouteCollection.php(339): require('C:\\xampp\\htdocs\\SmartPlant_Care-main_CodeIgniter\\app\\Config\\Routes.php')
 4 SYSTEMPATH\CodeIgniter.php(841): CodeIgniter\Router\RouteCollection->loadRoutes()
 5 SYSTEMPATH\CodeIgniter.php(464): CodeIgniter\CodeIgniter->tryToRouteIt(null)
 6 SYSTEMPATH\CodeIgniter.php(363): CodeIgniter\CodeIgniter->handleRequest(null, Object(Config\Cache), false)
 7 SYSTEMPATH\Boot.php(417): CodeIgniter\CodeIgniter->run()
 8 SYSTEMPATH\Boot.php(68): CodeIgniter\Boot::runCodeIgniter(Object(CodeIgniter\CodeIgniter))
 9 FCPATH\index.php(59): CodeIgniter\Boot::bootWeb(Object(Config\Paths))
10 SYSTEMPATH\rewrite.php(44): require_once('C:\\xampp\\htdocs\\SmartPlant_Care-main_CodeIgniter\\public\\index.php')
WARNING - 2026-05-28 11:25:46 --> [DEPRECATED] Passing lowercase HTTP method "post" is deprecated. Use uppercase HTTP method like "POST". in SYSTEMPATH\Router\RouteCollection.php on line 1026.
 1 SYSTEMPATH\Router\RouteCollection.php(1026): trigger_error('Passing lowercase HTTP method "post" is deprecated. Use uppercase HTTP method like "POST".', 16384)
 2 APPPATH\Config\Routes.php(11): CodeIgniter\Router\RouteCollection->match([...], 'views/(:alpha).php', 'Legacy::view/$1')
 3 SYSTEMPATH\Router\RouteCollection.php(339): require('C:\\xampp\\htdocs\\SmartPlant_Care-main_CodeIgniter\\app\\Config\\Routes.php')
 4 SYSTEMPATH\CodeIgniter.php(841): CodeIgniter\Router\RouteCollection->loadRoutes()
 5 SYSTEMPATH\CodeIgniter.php(464): CodeIgniter\CodeIgniter->tryToRouteIt(null)
 6 SYSTEMPATH\CodeIgniter.php(363): CodeIgniter\CodeIgniter->handleRequest(null, Object(Config\Cache), false)
 7 SYSTEMPATH\Boot.php(417): CodeIgniter\CodeIgniter->run()
 8 SYSTEMPATH\Boot.php(68): CodeIgniter\Boot::runCodeIgniter(Object(CodeIgniter\CodeIgniter))
 9 FCPATH\index.php(59): CodeIgniter\Boot::bootWeb(Object(Config\Paths))
10 SYSTEMPATH\rewrite.php(44): require_once('C:\\xampp\\htdocs\\SmartPlant_Care-main_CodeIgniter\\public\\index.php')
WARNING - 2026-05-28 11:25:46 --> [DEPRECATED] Passing lowercase HTTP method "get" is deprecated. Use uppercase HTTP method like "GET". in SYSTEMPATH\Router\RouteCollection.php on line 1026.
 1 SYSTEMPATH\Router\RouteCollection.php(1026): trigger_error('Passing lowercase HTTP method "get" is deprecated. Use uppercase HTTP method like "GET".', 16384)
 2 APPPATH\Config\Routes.php(12): CodeIgniter\Router\RouteCollection->match([...], 'controllers/(:segment).php', 'Legacy::controller/$1')
 3 SYSTEMPATH\Router\RouteCollection.php(339): require('C:\\xampp\\htdocs\\SmartPlant_Care-main_CodeIgniter\\app\\Config\\Routes.php')
 4 SYSTEMPATH\CodeIgniter.php(841): CodeIgniter\Router\RouteCollection->loadRoutes()
 5 SYSTEMPATH\CodeIgniter.php(464): CodeIgniter\CodeIgniter->tryToRouteIt(null)
 6 SYSTEMPATH\CodeIgniter.php(363): CodeIgniter\CodeIgniter->handleRequest(null, Object(Config\Cache), false)
 7 SYSTEMPATH\Boot.php(417): CodeIgniter\CodeIgniter->run()
 8 SYSTEMPATH\Boot.php(68): CodeIgniter\Boot::runCodeIgniter(Object(CodeIgniter\CodeIgniter))
 9 FCPATH\index.php(59): CodeIgniter\Boot::bootWeb(Object(Config\Paths))
10 SYSTEMPATH\rewrite.php(44): require_once('C:\\xampp\\htdocs\\SmartPlant_Care-main_CodeIgniter\\public\\index.php')
WARNING - 2026-05-28 11:25:46 --> [DEPRECATED] Passing lowercase HTTP method "post" is deprecated. Use uppercase HTTP method like "POST". in SYSTEMPATH\Router\RouteCollection.php on line 1026.
 1 SYSTEMPATH\Router\RouteCollection.php(1026): trigger_error('Passing lowercase HTTP method "post" is deprecated. Use uppercase HTTP method like "POST".', 16384)
 2 APPPATH\Config\Routes.php(12): CodeIgniter\Router\RouteCollection->match([...], 'controllers/(:segment).php', 'Legacy::controller/$1')
 3 SYSTEMPATH\Router\RouteCollection.php(339): require('C:\\xampp\\htdocs\\SmartPlant_Care-main_CodeIgniter\\app\\Config\\Routes.php')
 4 SYSTEMPATH\CodeIgniter.php(841): CodeIgniter\Router\RouteCollection->loadRoutes()
 5 SYSTEMPATH\CodeIgniter.php(464): CodeIgniter\CodeIgniter->tryToRouteIt(null)
 6 SYSTEMPATH\CodeIgniter.php(363): CodeIgniter\CodeIgniter->handleRequest(null, Object(Config\Cache), false)
 7 SYSTEMPATH\Boot.php(417): CodeIgniter\CodeIgniter->run()
 8 SYSTEMPATH\Boot.php(68): CodeIgniter\Boot::runCodeIgniter(Object(CodeIgniter\CodeIgniter))
 9 FCPATH\index.php(59): CodeIgniter\Boot::bootWeb(Object(Config\Paths))
10 SYSTEMPATH\rewrite.php(44): require_once('C:\\xampp\\htdocs\\SmartPlant_Care-main_CodeIgniter\\public\\index.php')
WARNING - 2026-05-28 11:25:46 --> [DEPRECATED] Passing lowercase HTTP method "get" is deprecated. Use uppercase HTTP method like "GET". in SYSTEMPATH\Router\RouteCollection.php on line 1026.
 1 SYSTEMPATH\Router\RouteCollection.php(1026): trigger_error('Passing lowercase HTTP method "get" is deprecated. Use uppercase HTTP method like "GET".', 16384)
 2 APPPATH\Config\Routes.php(13): CodeIgniter\Router\RouteCollection->match([...], 'SmartPlant_Care/views/(:alpha).php', 'Legacy::view/$1')
 3 SYSTEMPATH\Router\RouteCollection.php(339): require('C:\\xampp\\htdocs\\SmartPlant_Care-main_CodeIgniter\\app\\Config\\Routes.php')
 4 SYSTEMPATH\CodeIgniter.php(841): CodeIgniter\Router\RouteCollection->loadRoutes()
 5 SYSTEMPATH\CodeIgniter.php(464): CodeIgniter\CodeIgniter->tryToRouteIt(null)
 6 SYSTEMPATH\CodeIgniter.php(363): CodeIgniter\CodeIgniter->handleRequest(null, Object(Config\Cache), false)
 7 SYSTEMPATH\Boot.php(417): CodeIgniter\CodeIgniter->run()
 8 SYSTEMPATH\Boot.php(68): CodeIgniter\Boot::runCodeIgniter(Object(CodeIgniter\CodeIgniter))
 9 FCPATH\index.php(59): CodeIgniter\Boot::bootWeb(Object(Config\Paths))
10 SYSTEMPATH\rewrite.php(44): require_once('C:\\xampp\\htdocs\\SmartPlant_Care-main_CodeIgniter\\public\\index.php')
WARNING - 2026-05-28 11:25:46 --> [DEPRECATED] Passing lowercase HTTP method "post" is deprecated. Use uppercase HTTP method like "POST". in SYSTEMPATH\Router\RouteCollection.php on line 1026.
 1 SYSTEMPATH\Router\RouteCollection.php(1026): trigger_error('Passing lowercase HTTP method "post" is deprecated. Use uppercase HTTP method like "POST".', 16384)
 2 APPPATH\Config\Routes.php(13): CodeIgniter\Router\RouteCollection->match([...], 'SmartPlant_Care/views/(:alpha).php', 'Legacy::view/$1')
 3 SYSTEMPATH\Router\RouteCollection.php(339): require('C:\\xampp\\htdocs\\SmartPlant_Care-main_CodeIgniter\\app\\Config\\Routes.php')
 4 SYSTEMPATH\CodeIgniter.php(841): CodeIgniter\Router\RouteCollection->loadRoutes()
 5 SYSTEMPATH\CodeIgniter.php(464): CodeIgniter\CodeIgniter->tryToRouteIt(null)
 6 SYSTEMPATH\CodeIgniter.php(363): CodeIgniter\CodeIgniter->handleRequest(null, Object(Config\Cache), false)
 7 SYSTEMPATH\Boot.php(417): CodeIgniter\CodeIgniter->run()
 8 SYSTEMPATH\Boot.php(68): CodeIgniter\Boot::runCodeIgniter(Object(CodeIgniter\CodeIgniter))
 9 FCPATH\index.php(59): CodeIgniter\Boot::bootWeb(Object(Config\Paths))
10 SYSTEMPATH\rewrite.php(44): require_once('C:\\xampp\\htdocs\\SmartPlant_Care-main_CodeIgniter\\public\\index.php')
WARNING - 2026-05-28 11:25:46 --> [DEPRECATED] Passing lowercase HTTP method "get" is deprecated. Use uppercase HTTP method like "GET". in SYSTEMPATH\Router\RouteCollection.php on line 1026.
 1 SYSTEMPATH\Router\RouteCollection.php(1026): trigger_error('Passing lowercase HTTP method "get" is deprecated. Use uppercase HTTP method like "GET".', 16384)
 2 APPPATH\Config\Routes.php(14): CodeIgniter\Router\RouteCollection->match([...], 'SmartPlant_Care/controllers/(:segment).php', 'Legacy::controller/$1')
 3 SYSTEMPATH\Router\RouteCollection.php(339): require('C:\\xampp\\htdocs\\SmartPlant_Care-main_CodeIgniter\\app\\Config\\Routes.php')
 4 SYSTEMPATH\CodeIgniter.php(841): CodeIgniter\Router\RouteCollection->loadRoutes()
 5 SYSTEMPATH\CodeIgniter.php(464): CodeIgniter\CodeIgniter->tryToRouteIt(null)
 6 SYSTEMPATH\CodeIgniter.php(363): CodeIgniter\CodeIgniter->handleRequest(null, Object(Config\Cache), false)
 7 SYSTEMPATH\Boot.php(417): CodeIgniter\CodeIgniter->run()
 8 SYSTEMPATH\Boot.php(68): CodeIgniter\Boot::runCodeIgniter(Object(CodeIgniter\CodeIgniter))
 9 FCPATH\index.php(59): CodeIgniter\Boot::bootWeb(Object(Config\Paths))
10 SYSTEMPATH\rewrite.php(44): require_once('C:\\xampp\\htdocs\\SmartPlant_Care-main_CodeIgniter\\public\\index.php')
WARNING - 2026-05-28 11:25:46 --> [DEPRECATED] Passing lowercase HTTP method "post" is deprecated. Use uppercase HTTP method like "POST". in SYSTEMPATH\Router\RouteCollection.php on line 1026.
 1 SYSTEMPATH\Router\RouteCollection.php(1026): trigger_error('Passing lowercase HTTP method "post" is deprecated. Use uppercase HTTP method like "POST".', 16384)
 2 APPPATH\Config\Routes.php(14): CodeIgniter\Router\RouteCollection->match([...], 'SmartPlant_Care/controllers/(:segment).php', 'Legacy::controller/$1')
 3 SYSTEMPATH\Router\RouteCollection.php(339): require('C:\\xampp\\htdocs\\SmartPlant_Care-main_CodeIgniter\\app\\Config\\Routes.php')
 4 SYSTEMPATH\CodeIgniter.php(841): CodeIgniter\Router\RouteCollection->loadRoutes()
 5 SYSTEMPATH\CodeIgniter.php(464): CodeIgniter\CodeIgniter->tryToRouteIt(null)
 6 SYSTEMPATH\CodeIgniter.php(363): CodeIgniter\CodeIgniter->handleRequest(null, Object(Config\Cache), false)
 7 SYSTEMPATH\Boot.php(417): CodeIgniter\CodeIgniter->run()
 8 SYSTEMPATH\Boot.php(68): CodeIgniter\Boot::runCodeIgniter(Object(CodeIgniter\CodeIgniter))
 9 FCPATH\index.php(59): CodeIgniter\Boot::bootWeb(Object(Config\Paths))
10 SYSTEMPATH\rewrite.php(44): require_once('C:\\xampp\\htdocs\\SmartPlant_Care-main_CodeIgniter\\public\\index.php')
WARNING - 2026-05-28 11:25:48 --> [DEPRECATED] Passing lowercase HTTP method "get" is deprecated. Use uppercase HTTP method like "GET". in SYSTEMPATH\Router\RouteCollection.php on line 1026.
 1 SYSTEMPATH\Router\RouteCollection.php(1026): trigger_error('Passing lowercase HTTP method "get" is deprecated. Use uppercase HTTP method like "GET".', 16384)
 2 APPPATH\Config\Routes.php(11): CodeIgniter\Router\RouteCollection->match([...], 'views/(:alpha).php', 'Legacy::view/$1')
 3 SYSTEMPATH\Router\RouteCollection.php(339): require('C:\\xampp\\htdocs\\SmartPlant_Care-main_CodeIgniter\\app\\Config\\Routes.php')
 4 SYSTEMPATH\CodeIgniter.php(841): CodeIgniter\Router\RouteCollection->loadRoutes()
 5 SYSTEMPATH\CodeIgniter.php(464): CodeIgniter\CodeIgniter->tryToRouteIt(null)
 6 SYSTEMPATH\CodeIgniter.php(363): CodeIgniter\CodeIgniter->handleRequest(null, Object(Config\Cache), false)
 7 SYSTEMPATH\Boot.php(417): CodeIgniter\CodeIgniter->run()
 8 SYSTEMPATH\Boot.php(68): CodeIgniter\Boot::runCodeIgniter(Object(CodeIgniter\CodeIgniter))
 9 FCPATH\index.php(59): CodeIgniter\Boot::bootWeb(Object(Config\Paths))
10 SYSTEMPATH\rewrite.php(44): require_once('C:\\xampp\\htdocs\\SmartPlant_Care-main_CodeIgniter\\public\\index.php')
WARNING - 2026-05-28 11:25:48 --> [DEPRECATED] Passing lowercase HTTP method "post" is deprecated. Use uppercase HTTP method like "POST". in SYSTEMPATH\Router\RouteCollection.php on line 1026.
 1 SYSTEMPATH\Router\RouteCollection.php(1026): trigger_error('Passing lowercase HTTP method "post" is deprecated. Use uppercase HTTP method like "POST".', 16384)
 2 APPPATH\Config\Routes.php(11): CodeIgniter\Router\RouteCollection->match([...], 'views/(:alpha).php', 'Legacy::view/$1')
 3 SYSTEMPATH\Router\RouteCollection.php(339): require('C:\\xampp\\htdocs\\SmartPlant_Care-main_CodeIgniter\\app\\Config\\Routes.php')
 4 SYSTEMPATH\CodeIgniter.php(841): CodeIgniter\Router\RouteCollection->loadRoutes()
 5 SYSTEMPATH\CodeIgniter.php(464): CodeIgniter\CodeIgniter->tryToRouteIt(null)
 6 SYSTEMPATH\CodeIgniter.php(363): CodeIgniter\CodeIgniter->handleRequest(null, Object(Config\Cache), false)
 7 SYSTEMPATH\Boot.php(417): CodeIgniter\CodeIgniter->run()
 8 SYSTEMPATH\Boot.php(68): CodeIgniter\Boot::runCodeIgniter(Object(CodeIgniter\CodeIgniter))
 9 FCPATH\index.php(59): CodeIgniter\Boot::bootWeb(Object(Config\Paths))
10 SYSTEMPATH\rewrite.php(44): require_once('C:\\xampp\\htdocs\\SmartPlant_Care-main_CodeIgniter\\public\\index.php')
WARNING - 2026-05-28 11:25:48 --> [DEPRECATED] Passing lowercase HTTP method "get" is deprecated. Use uppercase HTTP method like "GET". in SYSTEMPATH\Router\RouteCollection.php on line 1026.
 1 SYSTEMPATH\Router\RouteCollection.php(1026): trigger_error('Passing lowercase HTTP method "get" is deprecated. Use uppercase HTTP method like "GET".', 16384)
 2 APPPATH\Config\Routes.php(12): CodeIgniter\Router\RouteCollection->match([...], 'controllers/(:segment).php', 'Legacy::controller/$1')
 3 SYSTEMPATH\Router\RouteCollection.php(339): require('C:\\xampp\\htdocs\\SmartPlant_Care-main_CodeIgniter\\app\\Config\\Routes.php')
 4 SYSTEMPATH\CodeIgniter.php(841): CodeIgniter\Router\RouteCollection->loadRoutes()
 5 SYSTEMPATH\CodeIgniter.php(464): CodeIgniter\CodeIgniter->tryToRouteIt(null)
 6 SYSTEMPATH\CodeIgniter.php(363): CodeIgniter\CodeIgniter->handleRequest(null, Object(Config\Cache), false)
 7 SYSTEMPATH\Boot.php(417): CodeIgniter\CodeIgniter->run()
 8 SYSTEMPATH\Boot.php(68): CodeIgniter\Boot::runCodeIgniter(Object(CodeIgniter\CodeIgniter))
 9 FCPATH\index.php(59): CodeIgniter\Boot::bootWeb(Object(Config\Paths))
10 SYSTEMPATH\rewrite.php(44): require_once('C:\\xampp\\htdocs\\SmartPlant_Care-main_CodeIgniter\\public\\index.php')
WARNING - 2026-05-28 11:25:48 --> [DEPRECATED] Passing lowercase HTTP method "post" is deprecated. Use uppercase HTTP method like "POST". in SYSTEMPATH\Router\RouteCollection.php on line 1026.
 1 SYSTEMPATH\Router\RouteCollection.php(1026): trigger_error('Passing lowercase HTTP method "post" is deprecated. Use uppercase HTTP method like "POST".', 16384)
 2 APPPATH\Config\Routes.php(12): CodeIgniter\Router\RouteCollection->match([...], 'controllers/(:segment).php', 'Legacy::controller/$1')
 3 SYSTEMPATH\Router\RouteCollection.php(339): require('C:\\xampp\\htdocs\\SmartPlant_Care-main_CodeIgniter\\app\\Config\\Routes.php')
 4 SYSTEMPATH\CodeIgniter.php(841): CodeIgniter\Router\RouteCollection->loadRoutes()
 5 SYSTEMPATH\CodeIgniter.php(464): CodeIgniter\CodeIgniter->tryToRouteIt(null)
 6 SYSTEMPATH\CodeIgniter.php(363): CodeIgniter\CodeIgniter->handleRequest(null, Object(Config\Cache), false)
 7 SYSTEMPATH\Boot.php(417): CodeIgniter\CodeIgniter->run()
 8 SYSTEMPATH\Boot.php(68): CodeIgniter\Boot::runCodeIgniter(Object(CodeIgniter\CodeIgniter))
 9 FCPATH\index.php(59): CodeIgniter\Boot::bootWeb(Object(Config\Paths))
10 SYSTEMPATH\rewrite.php(44): require_once('C:\\xampp\\htdocs\\SmartPlant_Care-main_CodeIgniter\\public\\index.php')
WARNING - 2026-05-28 11:25:48 --> [DEPRECATED] Passing lowercase HTTP method "get" is deprecated. Use uppercase HTTP method like "GET". in SYSTEMPATH\Router\RouteCollection.php on line 1026.
 1 SYSTEMPATH\Router\RouteCollection.php(1026): trigger_error('Passing lowercase HTTP method "get" is deprecated. Use uppercase HTTP method like "GET".', 16384)
 2 APPPATH\Config\Routes.php(13): CodeIgniter\Router\RouteCollection->match([...], 'SmartPlant_Care/views/(:alpha).php', 'Legacy::view/$1')
 3 SYSTEMPATH\Router\RouteCollection.php(339): require('C:\\xampp\\htdocs\\SmartPlant_Care-main_CodeIgniter\\app\\Config\\Routes.php')
 4 SYSTEMPATH\CodeIgniter.php(841): CodeIgniter\Router\RouteCollection->loadRoutes()
 5 SYSTEMPATH\CodeIgniter.php(464): CodeIgniter\CodeIgniter->tryToRouteIt(null)
 6 SYSTEMPATH\CodeIgniter.php(363): CodeIgniter\CodeIgniter->handleRequest(null, Object(Config\Cache), false)
 7 SYSTEMPATH\Boot.php(417): CodeIgniter\CodeIgniter->run()
 8 SYSTEMPATH\Boot.php(68): CodeIgniter\Boot::runCodeIgniter(Object(CodeIgniter\CodeIgniter))
 9 FCPATH\index.php(59): CodeIgniter\Boot::bootWeb(Object(Config\Paths))
10 SYSTEMPATH\rewrite.php(44): require_once('C:\\xampp\\htdocs\\SmartPlant_Care-main_CodeIgniter\\public\\index.php')
WARNING - 2026-05-28 11:25:48 --> [DEPRECATED] Passing lowercase HTTP method "post" is deprecated. Use uppercase HTTP method like "POST". in SYSTEMPATH\Router\RouteCollection.php on line 1026.
 1 SYSTEMPATH\Router\RouteCollection.php(1026): trigger_error('Passing lowercase HTTP method "post" is deprecated. Use uppercase HTTP method like "POST".', 16384)
 2 APPPATH\Config\Routes.php(13): CodeIgniter\Router\RouteCollection->match([...], 'SmartPlant_Care/views/(:alpha).php', 'Legacy::view/$1')
 3 SYSTEMPATH\Router\RouteCollection.php(339): require('C:\\xampp\\htdocs\\SmartPlant_Care-main_CodeIgniter\\app\\Config\\Routes.php')
 4 SYSTEMPATH\CodeIgniter.php(841): CodeIgniter\Router\RouteCollection->loadRoutes()
 5 SYSTEMPATH\CodeIgniter.php(464): CodeIgniter\CodeIgniter->tryToRouteIt(null)
 6 SYSTEMPATH\CodeIgniter.php(363): CodeIgniter\CodeIgniter->handleRequest(null, Object(Config\Cache), false)
 7 SYSTEMPATH\Boot.php(417): CodeIgniter\CodeIgniter->run()
 8 SYSTEMPATH\Boot.php(68): CodeIgniter\Boot::runCodeIgniter(Object(CodeIgniter\CodeIgniter))
 9 FCPATH\index.php(59): CodeIgniter\Boot::bootWeb(Object(Config\Paths))
10 SYSTEMPATH\rewrite.php(44): require_once('C:\\xampp\\htdocs\\SmartPlant_Care-main_CodeIgniter\\public\\index.php')
WARNING - 2026-05-28 11:25:48 --> [DEPRECATED] Passing lowercase HTTP method "get" is deprecated. Use uppercase HTTP method like "GET". in SYSTEMPATH\Router\RouteCollection.php on line 1026.
 1 SYSTEMPATH\Router\RouteCollection.php(1026): trigger_error('Passing lowercase HTTP method "get" is deprecated. Use uppercase HTTP method like "GET".', 16384)
 2 APPPATH\Config\Routes.php(14): CodeIgniter\Router\RouteCollection->match([...], 'SmartPlant_Care/controllers/(:segment).php', 'Legacy::controller/$1')
 3 SYSTEMPATH\Router\RouteCollection.php(339): require('C:\\xampp\\htdocs\\SmartPlant_Care-main_CodeIgniter\\app\\Config\\Routes.php')
 4 SYSTEMPATH\CodeIgniter.php(841): CodeIgniter\Router\RouteCollection->loadRoutes()
 5 SYSTEMPATH\CodeIgniter.php(464): CodeIgniter\CodeIgniter->tryToRouteIt(null)
 6 SYSTEMPATH\CodeIgniter.php(363): CodeIgniter\CodeIgniter->handleRequest(null, Object(Config\Cache), false)
 7 SYSTEMPATH\Boot.php(417): CodeIgniter\CodeIgniter->run()
 8 SYSTEMPATH\Boot.php(68): CodeIgniter\Boot::runCodeIgniter(Object(CodeIgniter\CodeIgniter))
 9 FCPATH\index.php(59): CodeIgniter\Boot::bootWeb(Object(Config\Paths))
10 SYSTEMPATH\rewrite.php(44): require_once('C:\\xampp\\htdocs\\SmartPlant_Care-main_CodeIgniter\\public\\index.php')
WARNING - 2026-05-28 11:25:48 --> [DEPRECATED] Passing lowercase HTTP method "post" is deprecated. Use uppercase HTTP method like "POST". in SYSTEMPATH\Router\RouteCollection.php on line 1026.
 1 SYSTEMPATH\Router\RouteCollection.php(1026): trigger_error('Passing lowercase HTTP method "post" is deprecated. Use uppercase HTTP method like "POST".', 16384)
 2 APPPATH\Config\Routes.php(14): CodeIgniter\Router\RouteCollection->match([...], 'SmartPlant_Care/controllers/(:segment).php', 'Legacy::controller/$1')
 3 SYSTEMPATH\Router\RouteCollection.php(339): require('C:\\xampp\\htdocs\\SmartPlant_Care-main_CodeIgniter\\app\\Config\\Routes.php')
 4 SYSTEMPATH\CodeIgniter.php(841): CodeIgniter\Router\RouteCollection->loadRoutes()
 5 SYSTEMPATH\CodeIgniter.php(464): CodeIgniter\CodeIgniter->tryToRouteIt(null)
 6 SYSTEMPATH\CodeIgniter.php(363): CodeIgniter\CodeIgniter->handleRequest(null, Object(Config\Cache), false)
 7 SYSTEMPATH\Boot.php(417): CodeIgniter\CodeIgniter->run()
 8 SYSTEMPATH\Boot.php(68): CodeIgniter\Boot::runCodeIgniter(Object(CodeIgniter\CodeIgniter))
 9 FCPATH\index.php(59): CodeIgniter\Boot::bootWeb(Object(Config\Paths))
10 SYSTEMPATH\rewrite.php(44): require_once('C:\\xampp\\htdocs\\SmartPlant_Care-main_CodeIgniter\\public\\index.php')
WARNING - 2026-05-28 11:26:28 --> [DEPRECATED] Passing lowercase HTTP method "get" is deprecated. Use uppercase HTTP method like "GET". in SYSTEMPATH\Router\RouteCollection.php on line 1026.
 1 SYSTEMPATH\Router\RouteCollection.php(1026): trigger_error('Passing lowercase HTTP method "get" is deprecated. Use uppercase HTTP method like "GET".', 16384)
 2 APPPATH\Config\Routes.php(11): CodeIgniter\Router\RouteCollection->match([...], 'views/(:alpha).php', 'Legacy::view/$1')
 3 SYSTEMPATH\Router\RouteCollection.php(339): require('C:\\xampp\\htdocs\\SmartPlant_Care-main_CodeIgniter\\app\\Config\\Routes.php')
 4 SYSTEMPATH\CodeIgniter.php(841): CodeIgniter\Router\RouteCollection->loadRoutes()
 5 SYSTEMPATH\CodeIgniter.php(464): CodeIgniter\CodeIgniter->tryToRouteIt(null)
 6 SYSTEMPATH\CodeIgniter.php(363): CodeIgniter\CodeIgniter->handleRequest(null, Object(Config\Cache), false)
 7 SYSTEMPATH\Boot.php(417): CodeIgniter\CodeIgniter->run()
 8 SYSTEMPATH\Boot.php(68): CodeIgniter\Boot::runCodeIgniter(Object(CodeIgniter\CodeIgniter))
 9 FCPATH\index.php(59): CodeIgniter\Boot::bootWeb(Object(Config\Paths))
10 SYSTEMPATH\rewrite.php(44): require_once('C:\\xampp\\htdocs\\SmartPlant_Care-main_CodeIgniter\\public\\index.php')
WARNING - 2026-05-28 11:26:28 --> [DEPRECATED] Passing lowercase HTTP method "post" is deprecated. Use uppercase HTTP method like "POST". in SYSTEMPATH\Router\RouteCollection.php on line 1026.
 1 SYSTEMPATH\Router\RouteCollection.php(1026): trigger_error('Passing lowercase HTTP method "post" is deprecated. Use uppercase HTTP method like "POST".', 16384)
 2 APPPATH\Config\Routes.php(11): CodeIgniter\Router\RouteCollection->match([...], 'views/(:alpha).php', 'Legacy::view/$1')
 3 SYSTEMPATH\Router\RouteCollection.php(339): require('C:\\xampp\\htdocs\\SmartPlant_Care-main_CodeIgniter\\app\\Config\\Routes.php')
 4 SYSTEMPATH\CodeIgniter.php(841): CodeIgniter\Router\RouteCollection->loadRoutes()
 5 SYSTEMPATH\CodeIgniter.php(464): CodeIgniter\CodeIgniter->tryToRouteIt(null)
 6 SYSTEMPATH\CodeIgniter.php(363): CodeIgniter\CodeIgniter->handleRequest(null, Object(Config\Cache), false)
 7 SYSTEMPATH\Boot.php(417): CodeIgniter\CodeIgniter->run()
 8 SYSTEMPATH\Boot.php(68): CodeIgniter\Boot::runCodeIgniter(Object(CodeIgniter\CodeIgniter))
 9 FCPATH\index.php(59): CodeIgniter\Boot::bootWeb(Object(Config\Paths))
10 SYSTEMPATH\rewrite.php(44): require_once('C:\\xampp\\htdocs\\SmartPlant_Care-main_CodeIgniter\\public\\index.php')
WARNING - 2026-05-28 11:26:28 --> [DEPRECATED] Passing lowercase HTTP method "get" is deprecated. Use uppercase HTTP method like "GET". in SYSTEMPATH\Router\RouteCollection.php on line 1026.
 1 SYSTEMPATH\Router\RouteCollection.php(1026): trigger_error('Passing lowercase HTTP method "get" is deprecated. Use uppercase HTTP method like "GET".', 16384)
 2 APPPATH\Config\Routes.php(12): CodeIgniter\Router\RouteCollection->match([...], 'controllers/(:segment).php', 'Legacy::controller/$1')
 3 SYSTEMPATH\Router\RouteCollection.php(339): require('C:\\xampp\\htdocs\\SmartPlant_Care-main_CodeIgniter\\app\\Config\\Routes.php')
 4 SYSTEMPATH\CodeIgniter.php(841): CodeIgniter\Router\RouteCollection->loadRoutes()
 5 SYSTEMPATH\CodeIgniter.php(464): CodeIgniter\CodeIgniter->tryToRouteIt(null)
 6 SYSTEMPATH\CodeIgniter.php(363): CodeIgniter\CodeIgniter->handleRequest(null, Object(Config\Cache), false)
 7 SYSTEMPATH\Boot.php(417): CodeIgniter\CodeIgniter->run()
 8 SYSTEMPATH\Boot.php(68): CodeIgniter\Boot::runCodeIgniter(Object(CodeIgniter\CodeIgniter))
 9 FCPATH\index.php(59): CodeIgniter\Boot::bootWeb(Object(Config\Paths))
10 SYSTEMPATH\rewrite.php(44): require_once('C:\\xampp\\htdocs\\SmartPlant_Care-main_CodeIgniter\\public\\index.php')
WARNING - 2026-05-28 11:26:28 --> [DEPRECATED] Passing lowercase HTTP method "post" is deprecated. Use uppercase HTTP method like "POST". in SYSTEMPATH\Router\RouteCollection.php on line 1026.
 1 SYSTEMPATH\Router\RouteCollection.php(1026): trigger_error('Passing lowercase HTTP method "post" is deprecated. Use uppercase HTTP method like "POST".', 16384)
 2 APPPATH\Config\Routes.php(12): CodeIgniter\Router\RouteCollection->match([...], 'controllers/(:segment).php', 'Legacy::controller/$1')
 3 SYSTEMPATH\Router\RouteCollection.php(339): require('C:\\xampp\\htdocs\\SmartPlant_Care-main_CodeIgniter\\app\\Config\\Routes.php')
 4 SYSTEMPATH\CodeIgniter.php(841): CodeIgniter\Router\RouteCollection->loadRoutes()
 5 SYSTEMPATH\CodeIgniter.php(464): CodeIgniter\CodeIgniter->tryToRouteIt(null)
 6 SYSTEMPATH\CodeIgniter.php(363): CodeIgniter\CodeIgniter->handleRequest(null, Object(Config\Cache), false)
 7 SYSTEMPATH\Boot.php(417): CodeIgniter\CodeIgniter->run()
 8 SYSTEMPATH\Boot.php(68): CodeIgniter\Boot::runCodeIgniter(Object(CodeIgniter\CodeIgniter))
 9 FCPATH\index.php(59): CodeIgniter\Boot::bootWeb(Object(Config\Paths))
10 SYSTEMPATH\rewrite.php(44): require_once('C:\\xampp\\htdocs\\SmartPlant_Care-main_CodeIgniter\\public\\index.php')
WARNING - 2026-05-28 11:26:28 --> [DEPRECATED] Passing lowercase HTTP method "get" is deprecated. Use uppercase HTTP method like "GET". in SYSTEMPATH\Router\RouteCollection.php on line 1026.
 1 SYSTEMPATH\Router\RouteCollection.php(1026): trigger_error('Passing lowercase HTTP method "get" is deprecated. Use uppercase HTTP method like "GET".', 16384)
 2 APPPATH\Config\Routes.php(13): CodeIgniter\Router\RouteCollection->match([...], 'SmartPlant_Care/views/(:alpha).php', 'Legacy::view/$1')
 3 SYSTEMPATH\Router\RouteCollection.php(339): require('C:\\xampp\\htdocs\\SmartPlant_Care-main_CodeIgniter\\app\\Config\\Routes.php')
 4 SYSTEMPATH\CodeIgniter.php(841): CodeIgniter\Router\RouteCollection->loadRoutes()
 5 SYSTEMPATH\CodeIgniter.php(464): CodeIgniter\CodeIgniter->tryToRouteIt(null)
 6 SYSTEMPATH\CodeIgniter.php(363): CodeIgniter\CodeIgniter->handleRequest(null, Object(Config\Cache), false)
 7 SYSTEMPATH\Boot.php(417): CodeIgniter\CodeIgniter->run()
 8 SYSTEMPATH\Boot.php(68): CodeIgniter\Boot::runCodeIgniter(Object(CodeIgniter\CodeIgniter))
 9 FCPATH\index.php(59): CodeIgniter\Boot::bootWeb(Object(Config\Paths))
10 SYSTEMPATH\rewrite.php(44): require_once('C:\\xampp\\htdocs\\SmartPlant_Care-main_CodeIgniter\\public\\index.php')
WARNING - 2026-05-28 11:26:28 --> [DEPRECATED] Passing lowercase HTTP method "post" is deprecated. Use uppercase HTTP method like "POST". in SYSTEMPATH\Router\RouteCollection.php on line 1026.
 1 SYSTEMPATH\Router\RouteCollection.php(1026): trigger_error('Passing lowercase HTTP method "post" is deprecated. Use uppercase HTTP method like "POST".', 16384)
 2 APPPATH\Config\Routes.php(13): CodeIgniter\Router\RouteCollection->match([...], 'SmartPlant_Care/views/(:alpha).php', 'Legacy::view/$1')
 3 SYSTEMPATH\Router\RouteCollection.php(339): require('C:\\xampp\\htdocs\\SmartPlant_Care-main_CodeIgniter\\app\\Config\\Routes.php')
 4 SYSTEMPATH\CodeIgniter.php(841): CodeIgniter\Router\RouteCollection->loadRoutes()
 5 SYSTEMPATH\CodeIgniter.php(464): CodeIgniter\CodeIgniter->tryToRouteIt(null)
 6 SYSTEMPATH\CodeIgniter.php(363): CodeIgniter\CodeIgniter->handleRequest(null, Object(Config\Cache), false)
 7 SYSTEMPATH\Boot.php(417): CodeIgniter\CodeIgniter->run()
 8 SYSTEMPATH\Boot.php(68): CodeIgniter\Boot::runCodeIgniter(Object(CodeIgniter\CodeIgniter))
 9 FCPATH\index.php(59): CodeIgniter\Boot::bootWeb(Object(Config\Paths))
10 SYSTEMPATH\rewrite.php(44): require_once('C:\\xampp\\htdocs\\SmartPlant_Care-main_CodeIgniter\\public\\index.php')
WARNING - 2026-05-28 11:26:28 --> [DEPRECATED] Passing lowercase HTTP method "get" is deprecated. Use uppercase HTTP method like "GET". in SYSTEMPATH\Router\RouteCollection.php on line 1026.
 1 SYSTEMPATH\Router\RouteCollection.php(1026): trigger_error('Passing lowercase HTTP method "get" is deprecated. Use uppercase HTTP method like "GET".', 16384)
 2 APPPATH\Config\Routes.php(14): CodeIgniter\Router\RouteCollection->match([...], 'SmartPlant_Care/controllers/(:segment).php', 'Legacy::controller/$1')
 3 SYSTEMPATH\Router\RouteCollection.php(339): require('C:\\xampp\\htdocs\\SmartPlant_Care-main_CodeIgniter\\app\\Config\\Routes.php')
 4 SYSTEMPATH\CodeIgniter.php(841): CodeIgniter\Router\RouteCollection->loadRoutes()
 5 SYSTEMPATH\CodeIgniter.php(464): CodeIgniter\CodeIgniter->tryToRouteIt(null)
 6 SYSTEMPATH\CodeIgniter.php(363): CodeIgniter\CodeIgniter->handleRequest(null, Object(Config\Cache), false)
 7 SYSTEMPATH\Boot.php(417): CodeIgniter\CodeIgniter->run()
 8 SYSTEMPATH\Boot.php(68): CodeIgniter\Boot::runCodeIgniter(Object(CodeIgniter\CodeIgniter))
 9 FCPATH\index.php(59): CodeIgniter\Boot::bootWeb(Object(Config\Paths))
10 SYSTEMPATH\rewrite.php(44): require_once('C:\\xampp\\htdocs\\SmartPlant_Care-main_CodeIgniter\\public\\index.php')
WARNING - 2026-05-28 11:26:28 --> [DEPRECATED] Passing lowercase HTTP method "post" is deprecated. Use uppercase HTTP method like "POST". in SYSTEMPATH\Router\RouteCollection.php on line 1026.
 1 SYSTEMPATH\Router\RouteCollection.php(1026): trigger_error('Passing lowercase HTTP method "post" is deprecated. Use uppercase HTTP method like "POST".', 16384)
 2 APPPATH\Config\Routes.php(14): CodeIgniter\Router\RouteCollection->match([...], 'SmartPlant_Care/controllers/(:segment).php', 'Legacy::controller/$1')
 3 SYSTEMPATH\Router\RouteCollection.php(339): require('C:\\xampp\\htdocs\\SmartPlant_Care-main_CodeIgniter\\app\\Config\\Routes.php')
 4 SYSTEMPATH\CodeIgniter.php(841): CodeIgniter\Router\RouteCollection->loadRoutes()
 5 SYSTEMPATH\CodeIgniter.php(464): CodeIgniter\CodeIgniter->tryToRouteIt(null)
 6 SYSTEMPATH\CodeIgniter.php(363): CodeIgniter\CodeIgniter->handleRequest(null, Object(Config\Cache), false)
 7 SYSTEMPATH\Boot.php(417): CodeIgniter\CodeIgniter->run()
 8 SYSTEMPATH\Boot.php(68): CodeIgniter\Boot::runCodeIgniter(Object(CodeIgniter\CodeIgniter))
 9 FCPATH\index.php(59): CodeIgniter\Boot::bootWeb(Object(Config\Paths))
10 SYSTEMPATH\rewrite.php(44): require_once('C:\\xampp\\htdocs\\SmartPlant_Care-main_CodeIgniter\\public\\index.php')
WARNING - 2026-05-28 11:27:46 --> [DEPRECATED] Passing lowercase HTTP method "get" is deprecated. Use uppercase HTTP method like "GET". in SYSTEMPATH\Router\RouteCollection.php on line 1026.
 1 SYSTEMPATH\Router\RouteCollection.php(1026): trigger_error('Passing lowercase HTTP method "get" is deprecated. Use uppercase HTTP method like "GET".', 16384)
 2 APPPATH\Config\Routes.php(11): CodeIgniter\Router\RouteCollection->match([...], 'views/(:alpha).php', 'Legacy::view/$1')
 3 SYSTEMPATH\Router\RouteCollection.php(339): require('C:\\xampp\\htdocs\\SmartPlant_Care-main_CodeIgniter\\app\\Config\\Routes.php')
 4 SYSTEMPATH\CodeIgniter.php(841): CodeIgniter\Router\RouteCollection->loadRoutes()
 5 SYSTEMPATH\CodeIgniter.php(464): CodeIgniter\CodeIgniter->tryToRouteIt(null)
 6 SYSTEMPATH\CodeIgniter.php(363): CodeIgniter\CodeIgniter->handleRequest(null, Object(Config\Cache), false)
 7 SYSTEMPATH\Boot.php(417): CodeIgniter\CodeIgniter->run()
 8 SYSTEMPATH\Boot.php(68): CodeIgniter\Boot::runCodeIgniter(Object(CodeIgniter\CodeIgniter))
 9 FCPATH\index.php(59): CodeIgniter\Boot::bootWeb(Object(Config\Paths))
10 SYSTEMPATH\rewrite.php(44): require_once('C:\\xampp\\htdocs\\SmartPlant_Care-main_CodeIgniter\\public\\index.php')
WARNING - 2026-05-28 11:27:46 --> [DEPRECATED] Passing lowercase HTTP method "post" is deprecated. Use uppercase HTTP method like "POST". in SYSTEMPATH\Router\RouteCollection.php on line 1026.
 1 SYSTEMPATH\Router\RouteCollection.php(1026): trigger_error('Passing lowercase HTTP method "post" is deprecated. Use uppercase HTTP method like "POST".', 16384)
 2 APPPATH\Config\Routes.php(11): CodeIgniter\Router\RouteCollection->match([...], 'views/(:alpha).php', 'Legacy::view/$1')
 3 SYSTEMPATH\Router\RouteCollection.php(339): require('C:\\xampp\\htdocs\\SmartPlant_Care-main_CodeIgniter\\app\\Config\\Routes.php')
 4 SYSTEMPATH\CodeIgniter.php(841): CodeIgniter\Router\RouteCollection->loadRoutes()
 5 SYSTEMPATH\CodeIgniter.php(464): CodeIgniter\CodeIgniter->tryToRouteIt(null)
 6 SYSTEMPATH\CodeIgniter.php(363): CodeIgniter\CodeIgniter->handleRequest(null, Object(Config\Cache), false)
 7 SYSTEMPATH\Boot.php(417): CodeIgniter\CodeIgniter->run()
 8 SYSTEMPATH\Boot.php(68): CodeIgniter\Boot::runCodeIgniter(Object(CodeIgniter\CodeIgniter))
 9 FCPATH\index.php(59): CodeIgniter\Boot::bootWeb(Object(Config\Paths))
10 SYSTEMPATH\rewrite.php(44): require_once('C:\\xampp\\htdocs\\SmartPlant_Care-main_CodeIgniter\\public\\index.php')
WARNING - 2026-05-28 11:27:46 --> [DEPRECATED] Passing lowercase HTTP method "get" is deprecated. Use uppercase HTTP method like "GET". in SYSTEMPATH\Router\RouteCollection.php on line 1026.
 1 SYSTEMPATH\Router\RouteCollection.php(1026): trigger_error('Passing lowercase HTTP method "get" is deprecated. Use uppercase HTTP method like "GET".', 16384)
 2 APPPATH\Config\Routes.php(12): CodeIgniter\Router\RouteCollection->match([...], 'controllers/(:segment).php', 'Legacy::controller/$1')
 3 SYSTEMPATH\Router\RouteCollection.php(339): require('C:\\xampp\\htdocs\\SmartPlant_Care-main_CodeIgniter\\app\\Config\\Routes.php')
 4 SYSTEMPATH\CodeIgniter.php(841): CodeIgniter\Router\RouteCollection->loadRoutes()
 5 SYSTEMPATH\CodeIgniter.php(464): CodeIgniter\CodeIgniter->tryToRouteIt(null)
 6 SYSTEMPATH\CodeIgniter.php(363): CodeIgniter\CodeIgniter->handleRequest(null, Object(Config\Cache), false)
 7 SYSTEMPATH\Boot.php(417): CodeIgniter\CodeIgniter->run()
 8 SYSTEMPATH\Boot.php(68): CodeIgniter\Boot::runCodeIgniter(Object(CodeIgniter\CodeIgniter))
 9 FCPATH\index.php(59): CodeIgniter\Boot::bootWeb(Object(Config\Paths))
10 SYSTEMPATH\rewrite.php(44): require_once('C:\\xampp\\htdocs\\SmartPlant_Care-main_CodeIgniter\\public\\index.php')
WARNING - 2026-05-28 11:27:46 --> [DEPRECATED] Passing lowercase HTTP method "post" is deprecated. Use uppercase HTTP method like "POST". in SYSTEMPATH\Router\RouteCollection.php on line 1026.
 1 SYSTEMPATH\Router\RouteCollection.php(1026): trigger_error('Passing lowercase HTTP method "post" is deprecated. Use uppercase HTTP method like "POST".', 16384)
 2 APPPATH\Config\Routes.php(12): CodeIgniter\Router\RouteCollection->match([...], 'controllers/(:segment).php', 'Legacy::controller/$1')
 3 SYSTEMPATH\Router\RouteCollection.php(339): require('C:\\xampp\\htdocs\\SmartPlant_Care-main_CodeIgniter\\app\\Config\\Routes.php')
 4 SYSTEMPATH\CodeIgniter.php(841): CodeIgniter\Router\RouteCollection->loadRoutes()
 5 SYSTEMPATH\CodeIgniter.php(464): CodeIgniter\CodeIgniter->tryToRouteIt(null)
 6 SYSTEMPATH\CodeIgniter.php(363): CodeIgniter\CodeIgniter->handleRequest(null, Object(Config\Cache), false)
 7 SYSTEMPATH\Boot.php(417): CodeIgniter\CodeIgniter->run()
 8 SYSTEMPATH\Boot.php(68): CodeIgniter\Boot::runCodeIgniter(Object(CodeIgniter\CodeIgniter))
 9 FCPATH\index.php(59): CodeIgniter\Boot::bootWeb(Object(Config\Paths))
10 SYSTEMPATH\rewrite.php(44): require_once('C:\\xampp\\htdocs\\SmartPlant_Care-main_CodeIgniter\\public\\index.php')
WARNING - 2026-05-28 11:27:46 --> [DEPRECATED] Passing lowercase HTTP method "get" is deprecated. Use uppercase HTTP method like "GET". in SYSTEMPATH\Router\RouteCollection.php on line 1026.
 1 SYSTEMPATH\Router\RouteCollection.php(1026): trigger_error('Passing lowercase HTTP method "get" is deprecated. Use uppercase HTTP method like "GET".', 16384)
 2 APPPATH\Config\Routes.php(13): CodeIgniter\Router\RouteCollection->match([...], 'SmartPlant_Care/views/(:alpha).php', 'Legacy::view/$1')
 3 SYSTEMPATH\Router\RouteCollection.php(339): require('C:\\xampp\\htdocs\\SmartPlant_Care-main_CodeIgniter\\app\\Config\\Routes.php')
 4 SYSTEMPATH\CodeIgniter.php(841): CodeIgniter\Router\RouteCollection->loadRoutes()
 5 SYSTEMPATH\CodeIgniter.php(464): CodeIgniter\CodeIgniter->tryToRouteIt(null)
 6 SYSTEMPATH\CodeIgniter.php(363): CodeIgniter\CodeIgniter->handleRequest(null, Object(Config\Cache), false)
 7 SYSTEMPATH\Boot.php(417): CodeIgniter\CodeIgniter->run()
 8 SYSTEMPATH\Boot.php(68): CodeIgniter\Boot::runCodeIgniter(Object(CodeIgniter\CodeIgniter))
 9 FCPATH\index.php(59): CodeIgniter\Boot::bootWeb(Object(Config\Paths))
10 SYSTEMPATH\rewrite.php(44): require_once('C:\\xampp\\htdocs\\SmartPlant_Care-main_CodeIgniter\\public\\index.php')
WARNING - 2026-05-28 11:27:46 --> [DEPRECATED] Passing lowercase HTTP method "post" is deprecated. Use uppercase HTTP method like "POST". in SYSTEMPATH\Router\RouteCollection.php on line 1026.
 1 SYSTEMPATH\Router\RouteCollection.php(1026): trigger_error('Passing lowercase HTTP method "post" is deprecated. Use uppercase HTTP method like "POST".', 16384)
 2 APPPATH\Config\Routes.php(13): CodeIgniter\Router\RouteCollection->match([...], 'SmartPlant_Care/views/(:alpha).php', 'Legacy::view/$1')
 3 SYSTEMPATH\Router\RouteCollection.php(339): require('C:\\xampp\\htdocs\\SmartPlant_Care-main_CodeIgniter\\app\\Config\\Routes.php')
 4 SYSTEMPATH\CodeIgniter.php(841): CodeIgniter\Router\RouteCollection->loadRoutes()
 5 SYSTEMPATH\CodeIgniter.php(464): CodeIgniter\CodeIgniter->tryToRouteIt(null)
 6 SYSTEMPATH\CodeIgniter.php(363): CodeIgniter\CodeIgniter->handleRequest(null, Object(Config\Cache), false)
 7 SYSTEMPATH\Boot.php(417): CodeIgniter\CodeIgniter->run()
 8 SYSTEMPATH\Boot.php(68): CodeIgniter\Boot::runCodeIgniter(Object(CodeIgniter\CodeIgniter))
 9 FCPATH\index.php(59): CodeIgniter\Boot::bootWeb(Object(Config\Paths))
10 SYSTEMPATH\rewrite.php(44): require_once('C:\\xampp\\htdocs\\SmartPlant_Care-main_CodeIgniter\\public\\index.php')
WARNING - 2026-05-28 11:27:46 --> [DEPRECATED] Passing lowercase HTTP method "get" is deprecated. Use uppercase HTTP method like "GET". in SYSTEMPATH\Router\RouteCollection.php on line 1026.
 1 SYSTEMPATH\Router\RouteCollection.php(1026): trigger_error('Passing lowercase HTTP method "get" is deprecated. Use uppercase HTTP method like "GET".', 16384)
 2 APPPATH\Config\Routes.php(14): CodeIgniter\Router\RouteCollection->match([...], 'SmartPlant_Care/controllers/(:segment).php', 'Legacy::controller/$1')
 3 SYSTEMPATH\Router\RouteCollection.php(339): require('C:\\xampp\\htdocs\\SmartPlant_Care-main_CodeIgniter\\app\\Config\\Routes.php')
 4 SYSTEMPATH\CodeIgniter.php(841): CodeIgniter\Router\RouteCollection->loadRoutes()
 5 SYSTEMPATH\CodeIgniter.php(464): CodeIgniter\CodeIgniter->tryToRouteIt(null)
 6 SYSTEMPATH\CodeIgniter.php(363): CodeIgniter\CodeIgniter->handleRequest(null, Object(Config\Cache), false)
 7 SYSTEMPATH\Boot.php(417): CodeIgniter\CodeIgniter->run()
 8 SYSTEMPATH\Boot.php(68): CodeIgniter\Boot::runCodeIgniter(Object(CodeIgniter\CodeIgniter))
 9 FCPATH\index.php(59): CodeIgniter\Boot::bootWeb(Object(Config\Paths))
10 SYSTEMPATH\rewrite.php(44): require_once('C:\\xampp\\htdocs\\SmartPlant_Care-main_CodeIgniter\\public\\index.php')
WARNING - 2026-05-28 11:27:46 --> [DEPRECATED] Passing lowercase HTTP method "post" is deprecated. Use uppercase HTTP method like "POST". in SYSTEMPATH\Router\RouteCollection.php on line 1026.
 1 SYSTEMPATH\Router\RouteCollection.php(1026): trigger_error('Passing lowercase HTTP method "post" is deprecated. Use uppercase HTTP method like "POST".', 16384)
 2 APPPATH\Config\Routes.php(14): CodeIgniter\Router\RouteCollection->match([...], 'SmartPlant_Care/controllers/(:segment).php', 'Legacy::controller/$1')
 3 SYSTEMPATH\Router\RouteCollection.php(339): require('C:\\xampp\\htdocs\\SmartPlant_Care-main_CodeIgniter\\app\\Config\\Routes.php')
 4 SYSTEMPATH\CodeIgniter.php(841): CodeIgniter\Router\RouteCollection->loadRoutes()
 5 SYSTEMPATH\CodeIgniter.php(464): CodeIgniter\CodeIgniter->tryToRouteIt(null)
 6 SYSTEMPATH\CodeIgniter.php(363): CodeIgniter\CodeIgniter->handleRequest(null, Object(Config\Cache), false)
 7 SYSTEMPATH\Boot.php(417): CodeIgniter\CodeIgniter->run()
 8 SYSTEMPATH\Boot.php(68): CodeIgniter\Boot::runCodeIgniter(Object(CodeIgniter\CodeIgniter))
 9 FCPATH\index.php(59): CodeIgniter\Boot::bootWeb(Object(Config\Paths))
10 SYSTEMPATH\rewrite.php(44): require_once('C:\\xampp\\htdocs\\SmartPlant_Care-main_CodeIgniter\\public\\index.php')
DEBUG - 2026-05-28 11:27:46 --> Session: Class initialized using 'CodeIgniter\Session\Handlers\FileHandler' driver.
WARNING - 2026-05-28 11:32:26 --> [DEPRECATED] Passing lowercase HTTP method "get" is deprecated. Use uppercase HTTP method like "GET". in SYSTEMPATH\Router\RouteCollection.php on line 1026.
 1 SYSTEMPATH\Router\RouteCollection.php(1026): trigger_error('Passing lowercase HTTP method "get" is deprecated. Use uppercase HTTP method like "GET".', 16384)
 2 APPPATH\Config\Routes.php(11): CodeIgniter\Router\RouteCollection->match([...], 'views/(:alpha).php', 'Legacy::view/$1')
 3 SYSTEMPATH\Router\RouteCollection.php(339): require('C:\\xampp\\htdocs\\SmartPlant_Care-main_CodeIgniter\\app\\Config\\Routes.php')
 4 SYSTEMPATH\CodeIgniter.php(841): CodeIgniter\Router\RouteCollection->loadRoutes()
 5 SYSTEMPATH\CodeIgniter.php(464): CodeIgniter\CodeIgniter->tryToRouteIt(null)
 6 SYSTEMPATH\CodeIgniter.php(363): CodeIgniter\CodeIgniter->handleRequest(null, Object(Config\Cache), false)
 7 SYSTEMPATH\Boot.php(417): CodeIgniter\CodeIgniter->run()
 8 SYSTEMPATH\Boot.php(68): CodeIgniter\Boot::runCodeIgniter(Object(CodeIgniter\CodeIgniter))
 9 FCPATH\index.php(59): CodeIgniter\Boot::bootWeb(Object(Config\Paths))
10 SYSTEMPATH\rewrite.php(44): require_once('C:\\xampp\\htdocs\\SmartPlant_Care-main_CodeIgniter\\public\\index.php')
WARNING - 2026-05-28 11:32:26 --> [DEPRECATED] Passing lowercase HTTP method "post" is deprecated. Use uppercase HTTP method like "POST". in SYSTEMPATH\Router\RouteCollection.php on line 1026.
 1 SYSTEMPATH\Router\RouteCollection.php(1026): trigger_error('Passing lowercase HTTP method "post" is deprecated. Use uppercase HTTP method like "POST".', 16384)
 2 APPPATH\Config\Routes.php(11): CodeIgniter\Router\RouteCollection->match([...], 'views/(:alpha).php', 'Legacy::view/$1')
 3 SYSTEMPATH\Router\RouteCollection.php(339): require('C:\\xampp\\htdocs\\SmartPlant_Care-main_CodeIgniter\\app\\Config\\Routes.php')
 4 SYSTEMPATH\CodeIgniter.php(841): CodeIgniter\Router\RouteCollection->loadRoutes()
 5 SYSTEMPATH\CodeIgniter.php(464): CodeIgniter\CodeIgniter->tryToRouteIt(null)
 6 SYSTEMPATH\CodeIgniter.php(363): CodeIgniter\CodeIgniter->handleRequest(null, Object(Config\Cache), false)
 7 SYSTEMPATH\Boot.php(417): CodeIgniter\CodeIgniter->run()
 8 SYSTEMPATH\Boot.php(68): CodeIgniter\Boot::runCodeIgniter(Object(CodeIgniter\CodeIgniter))
 9 FCPATH\index.php(59): CodeIgniter\Boot::bootWeb(Object(Config\Paths))
10 SYSTEMPATH\rewrite.php(44): require_once('C:\\xampp\\htdocs\\SmartPlant_Care-main_CodeIgniter\\public\\index.php')
WARNING - 2026-05-28 11:32:26 --> [DEPRECATED] Passing lowercase HTTP method "get" is deprecated. Use uppercase HTTP method like "GET". in SYSTEMPATH\Router\RouteCollection.php on line 1026.
 1 SYSTEMPATH\Router\RouteCollection.php(1026): trigger_error('Passing lowercase HTTP method "get" is deprecated. Use uppercase HTTP method like "GET".', 16384)
 2 APPPATH\Config\Routes.php(12): CodeIgniter\Router\RouteCollection->match([...], 'controllers/(:segment).php', 'Legacy::controller/$1')
 3 SYSTEMPATH\Router\RouteCollection.php(339): require('C:\\xampp\\htdocs\\SmartPlant_Care-main_CodeIgniter\\app\\Config\\Routes.php')
 4 SYSTEMPATH\CodeIgniter.php(841): CodeIgniter\Router\RouteCollection->loadRoutes()
 5 SYSTEMPATH\CodeIgniter.php(464): CodeIgniter\CodeIgniter->tryToRouteIt(null)
 6 SYSTEMPATH\CodeIgniter.php(363): CodeIgniter\CodeIgniter->handleRequest(null, Object(Config\Cache), false)
 7 SYSTEMPATH\Boot.php(417): CodeIgniter\CodeIgniter->run()
 8 SYSTEMPATH\Boot.php(68): CodeIgniter\Boot::runCodeIgniter(Object(CodeIgniter\CodeIgniter))
 9 FCPATH\index.php(59): CodeIgniter\Boot::bootWeb(Object(Config\Paths))
10 SYSTEMPATH\rewrite.php(44): require_once('C:\\xampp\\htdocs\\SmartPlant_Care-main_CodeIgniter\\public\\index.php')
WARNING - 2026-05-28 11:32:26 --> [DEPRECATED] Passing lowercase HTTP method "post" is deprecated. Use uppercase HTTP method like "POST". in SYSTEMPATH\Router\RouteCollection.php on line 1026.
 1 SYSTEMPATH\Router\RouteCollection.php(1026): trigger_error('Passing lowercase HTTP method "post" is deprecated. Use uppercase HTTP method like "POST".', 16384)
 2 APPPATH\Config\Routes.php(12): CodeIgniter\Router\RouteCollection->match([...], 'controllers/(:segment).php', 'Legacy::controller/$1')
 3 SYSTEMPATH\Router\RouteCollection.php(339): require('C:\\xampp\\htdocs\\SmartPlant_Care-main_CodeIgniter\\app\\Config\\Routes.php')
 4 SYSTEMPATH\CodeIgniter.php(841): CodeIgniter\Router\RouteCollection->loadRoutes()
 5 SYSTEMPATH\CodeIgniter.php(464): CodeIgniter\CodeIgniter->tryToRouteIt(null)
 6 SYSTEMPATH\CodeIgniter.php(363): CodeIgniter\CodeIgniter->handleRequest(null, Object(Config\Cache), false)
 7 SYSTEMPATH\Boot.php(417): CodeIgniter\CodeIgniter->run()
 8 SYSTEMPATH\Boot.php(68): CodeIgniter\Boot::runCodeIgniter(Object(CodeIgniter\CodeIgniter))
 9 FCPATH\index.php(59): CodeIgniter\Boot::bootWeb(Object(Config\Paths))
10 SYSTEMPATH\rewrite.php(44): require_once('C:\\xampp\\htdocs\\SmartPlant_Care-main_CodeIgniter\\public\\index.php')
WARNING - 2026-05-28 11:32:26 --> [DEPRECATED] Passing lowercase HTTP method "get" is deprecated. Use uppercase HTTP method like "GET". in SYSTEMPATH\Router\RouteCollection.php on line 1026.
 1 SYSTEMPATH\Router\RouteCollection.php(1026): trigger_error('Passing lowercase HTTP method "get" is deprecated. Use uppercase HTTP method like "GET".', 16384)
 2 APPPATH\Config\Routes.php(13): CodeIgniter\Router\RouteCollection->match([...], 'SmartPlant_Care/views/(:alpha).php', 'Legacy::view/$1')
 3 SYSTEMPATH\Router\RouteCollection.php(339): require('C:\\xampp\\htdocs\\SmartPlant_Care-main_CodeIgniter\\app\\Config\\Routes.php')
 4 SYSTEMPATH\CodeIgniter.php(841): CodeIgniter\Router\RouteCollection->loadRoutes()
 5 SYSTEMPATH\CodeIgniter.php(464): CodeIgniter\CodeIgniter->tryToRouteIt(null)
 6 SYSTEMPATH\CodeIgniter.php(363): CodeIgniter\CodeIgniter->handleRequest(null, Object(Config\Cache), false)
 7 SYSTEMPATH\Boot.php(417): CodeIgniter\CodeIgniter->run()
 8 SYSTEMPATH\Boot.php(68): CodeIgniter\Boot::runCodeIgniter(Object(CodeIgniter\CodeIgniter))
 9 FCPATH\index.php(59): CodeIgniter\Boot::bootWeb(Object(Config\Paths))
10 SYSTEMPATH\rewrite.php(44): require_once('C:\\xampp\\htdocs\\SmartPlant_Care-main_CodeIgniter\\public\\index.php')
WARNING - 2026-05-28 11:32:26 --> [DEPRECATED] Passing lowercase HTTP method "post" is deprecated. Use uppercase HTTP method like "POST". in SYSTEMPATH\Router\RouteCollection.php on line 1026.
 1 SYSTEMPATH\Router\RouteCollection.php(1026): trigger_error('Passing lowercase HTTP method "post" is deprecated. Use uppercase HTTP method like "POST".', 16384)
 2 APPPATH\Config\Routes.php(13): CodeIgniter\Router\RouteCollection->match([...], 'SmartPlant_Care/views/(:alpha).php', 'Legacy::view/$1')
 3 SYSTEMPATH\Router\RouteCollection.php(339): require('C:\\xampp\\htdocs\\SmartPlant_Care-main_CodeIgniter\\app\\Config\\Routes.php')
 4 SYSTEMPATH\CodeIgniter.php(841): CodeIgniter\Router\RouteCollection->loadRoutes()
 5 SYSTEMPATH\CodeIgniter.php(464): CodeIgniter\CodeIgniter->tryToRouteIt(null)
 6 SYSTEMPATH\CodeIgniter.php(363): CodeIgniter\CodeIgniter->handleRequest(null, Object(Config\Cache), false)
 7 SYSTEMPATH\Boot.php(417): CodeIgniter\CodeIgniter->run()
 8 SYSTEMPATH\Boot.php(68): CodeIgniter\Boot::runCodeIgniter(Object(CodeIgniter\CodeIgniter))
 9 FCPATH\index.php(59): CodeIgniter\Boot::bootWeb(Object(Config\Paths))
10 SYSTEMPATH\rewrite.php(44): require_once('C:\\xampp\\htdocs\\SmartPlant_Care-main_CodeIgniter\\public\\index.php')
WARNING - 2026-05-28 11:32:26 --> [DEPRECATED] Passing lowercase HTTP method "get" is deprecated. Use uppercase HTTP method like "GET". in SYSTEMPATH\Router\RouteCollection.php on line 1026.
 1 SYSTEMPATH\Router\RouteCollection.php(1026): trigger_error('Passing lowercase HTTP method "get" is deprecated. Use uppercase HTTP method like "GET".', 16384)
 2 APPPATH\Config\Routes.php(14): CodeIgniter\Router\RouteCollection->match([...], 'SmartPlant_Care/controllers/(:segment).php', 'Legacy::controller/$1')
 3 SYSTEMPATH\Router\RouteCollection.php(339): require('C:\\xampp\\htdocs\\SmartPlant_Care-main_CodeIgniter\\app\\Config\\Routes.php')
 4 SYSTEMPATH\CodeIgniter.php(841): CodeIgniter\Router\RouteCollection->loadRoutes()
 5 SYSTEMPATH\CodeIgniter.php(464): CodeIgniter\CodeIgniter->tryToRouteIt(null)
 6 SYSTEMPATH\CodeIgniter.php(363): CodeIgniter\CodeIgniter->handleRequest(null, Object(Config\Cache), false)
 7 SYSTEMPATH\Boot.php(417): CodeIgniter\CodeIgniter->run()
 8 SYSTEMPATH\Boot.php(68): CodeIgniter\Boot::runCodeIgniter(Object(CodeIgniter\CodeIgniter))
 9 FCPATH\index.php(59): CodeIgniter\Boot::bootWeb(Object(Config\Paths))
10 SYSTEMPATH\rewrite.php(44): require_once('C:\\xampp\\htdocs\\SmartPlant_Care-main_CodeIgniter\\public\\index.php')
WARNING - 2026-05-28 11:32:26 --> [DEPRECATED] Passing lowercase HTTP method "post" is deprecated. Use uppercase HTTP method like "POST". in SYSTEMPATH\Router\RouteCollection.php on line 1026.
 1 SYSTEMPATH\Router\RouteCollection.php(1026): trigger_error('Passing lowercase HTTP method "post" is deprecated. Use uppercase HTTP method like "POST".', 16384)
 2 APPPATH\Config\Routes.php(14): CodeIgniter\Router\RouteCollection->match([...], 'SmartPlant_Care/controllers/(:segment).php', 'Legacy::controller/$1')
 3 SYSTEMPATH\Router\RouteCollection.php(339): require('C:\\xampp\\htdocs\\SmartPlant_Care-main_CodeIgniter\\app\\Config\\Routes.php')
 4 SYSTEMPATH\CodeIgniter.php(841): CodeIgniter\Router\RouteCollection->loadRoutes()
 5 SYSTEMPATH\CodeIgniter.php(464): CodeIgniter\CodeIgniter->tryToRouteIt(null)
 6 SYSTEMPATH\CodeIgniter.php(363): CodeIgniter\CodeIgniter->handleRequest(null, Object(Config\Cache), false)
 7 SYSTEMPATH\Boot.php(417): CodeIgniter\CodeIgniter->run()
 8 SYSTEMPATH\Boot.php(68): CodeIgniter\Boot::runCodeIgniter(Object(CodeIgniter\CodeIgniter))
 9 FCPATH\index.php(59): CodeIgniter\Boot::bootWeb(Object(Config\Paths))
10 SYSTEMPATH\rewrite.php(44): require_once('C:\\xampp\\htdocs\\SmartPlant_Care-main_CodeIgniter\\public\\index.php')
DEBUG - 2026-05-28 11:32:26 --> Session: Class initialized using 'CodeIgniter\Session\Handlers\FileHandler' driver.
WARNING - 2026-05-28 11:32:28 --> [DEPRECATED] Passing lowercase HTTP method "get" is deprecated. Use uppercase HTTP method like "GET". in SYSTEMPATH\Router\RouteCollection.php on line 1026.
 1 SYSTEMPATH\Router\RouteCollection.php(1026): trigger_error('Passing lowercase HTTP method "get" is deprecated. Use uppercase HTTP method like "GET".', 16384)
 2 APPPATH\Config\Routes.php(11): CodeIgniter\Router\RouteCollection->match([...], 'views/(:alpha).php', 'Legacy::view/$1')
 3 SYSTEMPATH\Router\RouteCollection.php(339): require('C:\\xampp\\htdocs\\SmartPlant_Care-main_CodeIgniter\\app\\Config\\Routes.php')
 4 SYSTEMPATH\CodeIgniter.php(841): CodeIgniter\Router\RouteCollection->loadRoutes()
 5 SYSTEMPATH\CodeIgniter.php(464): CodeIgniter\CodeIgniter->tryToRouteIt(null)
 6 SYSTEMPATH\CodeIgniter.php(363): CodeIgniter\CodeIgniter->handleRequest(null, Object(Config\Cache), false)
 7 SYSTEMPATH\Boot.php(417): CodeIgniter\CodeIgniter->run()
 8 SYSTEMPATH\Boot.php(68): CodeIgniter\Boot::runCodeIgniter(Object(CodeIgniter\CodeIgniter))
 9 FCPATH\index.php(59): CodeIgniter\Boot::bootWeb(Object(Config\Paths))
10 SYSTEMPATH\rewrite.php(44): require_once('C:\\xampp\\htdocs\\SmartPlant_Care-main_CodeIgniter\\public\\index.php')
WARNING - 2026-05-28 11:32:28 --> [DEPRECATED] Passing lowercase HTTP method "post" is deprecated. Use uppercase HTTP method like "POST". in SYSTEMPATH\Router\RouteCollection.php on line 1026.
 1 SYSTEMPATH\Router\RouteCollection.php(1026): trigger_error('Passing lowercase HTTP method "post" is deprecated. Use uppercase HTTP method like "POST".', 16384)
 2 APPPATH\Config\Routes.php(11): CodeIgniter\Router\RouteCollection->match([...], 'views/(:alpha).php', 'Legacy::view/$1')
 3 SYSTEMPATH\Router\RouteCollection.php(339): require('C:\\xampp\\htdocs\\SmartPlant_Care-main_CodeIgniter\\app\\Config\\Routes.php')
 4 SYSTEMPATH\CodeIgniter.php(841): CodeIgniter\Router\RouteCollection->loadRoutes()
 5 SYSTEMPATH\CodeIgniter.php(464): CodeIgniter\CodeIgniter->tryToRouteIt(null)
 6 SYSTEMPATH\CodeIgniter.php(363): CodeIgniter\CodeIgniter->handleRequest(null, Object(Config\Cache), false)
 7 SYSTEMPATH\Boot.php(417): CodeIgniter\CodeIgniter->run()
 8 SYSTEMPATH\Boot.php(68): CodeIgniter\Boot::runCodeIgniter(Object(CodeIgniter\CodeIgniter))
 9 FCPATH\index.php(59): CodeIgniter\Boot::bootWeb(Object(Config\Paths))
10 SYSTEMPATH\rewrite.php(44): require_once('C:\\xampp\\htdocs\\SmartPlant_Care-main_CodeIgniter\\public\\index.php')
WARNING - 2026-05-28 11:32:28 --> [DEPRECATED] Passing lowercase HTTP method "get" is deprecated. Use uppercase HTTP method like "GET". in SYSTEMPATH\Router\RouteCollection.php on line 1026.
 1 SYSTEMPATH\Router\RouteCollection.php(1026): trigger_error('Passing lowercase HTTP method "get" is deprecated. Use uppercase HTTP method like "GET".', 16384)
 2 APPPATH\Config\Routes.php(12): CodeIgniter\Router\RouteCollection->match([...], 'controllers/(:segment).php', 'Legacy::controller/$1')
 3 SYSTEMPATH\Router\RouteCollection.php(339): require('C:\\xampp\\htdocs\\SmartPlant_Care-main_CodeIgniter\\app\\Config\\Routes.php')
 4 SYSTEMPATH\CodeIgniter.php(841): CodeIgniter\Router\RouteCollection->loadRoutes()
 5 SYSTEMPATH\CodeIgniter.php(464): CodeIgniter\CodeIgniter->tryToRouteIt(null)
 6 SYSTEMPATH\CodeIgniter.php(363): CodeIgniter\CodeIgniter->handleRequest(null, Object(Config\Cache), false)
 7 SYSTEMPATH\Boot.php(417): CodeIgniter\CodeIgniter->run()
 8 SYSTEMPATH\Boot.php(68): CodeIgniter\Boot::runCodeIgniter(Object(CodeIgniter\CodeIgniter))
 9 FCPATH\index.php(59): CodeIgniter\Boot::bootWeb(Object(Config\Paths))
10 SYSTEMPATH\rewrite.php(44): require_once('C:\\xampp\\htdocs\\SmartPlant_Care-main_CodeIgniter\\public\\index.php')
WARNING - 2026-05-28 11:32:28 --> [DEPRECATED] Passing lowercase HTTP method "post" is deprecated. Use uppercase HTTP method like "POST". in SYSTEMPATH\Router\RouteCollection.php on line 1026.
 1 SYSTEMPATH\Router\RouteCollection.php(1026): trigger_error('Passing lowercase HTTP method "post" is deprecated. Use uppercase HTTP method like "POST".', 16384)
 2 APPPATH\Config\Routes.php(12): CodeIgniter\Router\RouteCollection->match([...], 'controllers/(:segment).php', 'Legacy::controller/$1')
 3 SYSTEMPATH\Router\RouteCollection.php(339): require('C:\\xampp\\htdocs\\SmartPlant_Care-main_CodeIgniter\\app\\Config\\Routes.php')
 4 SYSTEMPATH\CodeIgniter.php(841): CodeIgniter\Router\RouteCollection->loadRoutes()
 5 SYSTEMPATH\CodeIgniter.php(464): CodeIgniter\CodeIgniter->tryToRouteIt(null)
 6 SYSTEMPATH\CodeIgniter.php(363): CodeIgniter\CodeIgniter->handleRequest(null, Object(Config\Cache), false)
 7 SYSTEMPATH\Boot.php(417): CodeIgniter\CodeIgniter->run()
 8 SYSTEMPATH\Boot.php(68): CodeIgniter\Boot::runCodeIgniter(Object(CodeIgniter\CodeIgniter))
 9 FCPATH\index.php(59): CodeIgniter\Boot::bootWeb(Object(Config\Paths))
10 SYSTEMPATH\rewrite.php(44): require_once('C:\\xampp\\htdocs\\SmartPlant_Care-main_CodeIgniter\\public\\index.php')
WARNING - 2026-05-28 11:32:28 --> [DEPRECATED] Passing lowercase HTTP method "get" is deprecated. Use uppercase HTTP method like "GET". in SYSTEMPATH\Router\RouteCollection.php on line 1026.
 1 SYSTEMPATH\Router\RouteCollection.php(1026): trigger_error('Passing lowercase HTTP method "get" is deprecated. Use uppercase HTTP method like "GET".', 16384)
 2 APPPATH\Config\Routes.php(13): CodeIgniter\Router\RouteCollection->match([...], 'SmartPlant_Care/views/(:alpha).php', 'Legacy::view/$1')
 3 SYSTEMPATH\Router\RouteCollection.php(339): require('C:\\xampp\\htdocs\\SmartPlant_Care-main_CodeIgniter\\app\\Config\\Routes.php')
 4 SYSTEMPATH\CodeIgniter.php(841): CodeIgniter\Router\RouteCollection->loadRoutes()
 5 SYSTEMPATH\CodeIgniter.php(464): CodeIgniter\CodeIgniter->tryToRouteIt(null)
 6 SYSTEMPATH\CodeIgniter.php(363): CodeIgniter\CodeIgniter->handleRequest(null, Object(Config\Cache), false)
 7 SYSTEMPATH\Boot.php(417): CodeIgniter\CodeIgniter->run()
 8 SYSTEMPATH\Boot.php(68): CodeIgniter\Boot::runCodeIgniter(Object(CodeIgniter\CodeIgniter))
 9 FCPATH\index.php(59): CodeIgniter\Boot::bootWeb(Object(Config\Paths))
10 SYSTEMPATH\rewrite.php(44): require_once('C:\\xampp\\htdocs\\SmartPlant_Care-main_CodeIgniter\\public\\index.php')
WARNING - 2026-05-28 11:32:28 --> [DEPRECATED] Passing lowercase HTTP method "post" is deprecated. Use uppercase HTTP method like "POST". in SYSTEMPATH\Router\RouteCollection.php on line 1026.
 1 SYSTEMPATH\Router\RouteCollection.php(1026): trigger_error('Passing lowercase HTTP method "post" is deprecated. Use uppercase HTTP method like "POST".', 16384)
 2 APPPATH\Config\Routes.php(13): CodeIgniter\Router\RouteCollection->match([...], 'SmartPlant_Care/views/(:alpha).php', 'Legacy::view/$1')
 3 SYSTEMPATH\Router\RouteCollection.php(339): require('C:\\xampp\\htdocs\\SmartPlant_Care-main_CodeIgniter\\app\\Config\\Routes.php')
 4 SYSTEMPATH\CodeIgniter.php(841): CodeIgniter\Router\RouteCollection->loadRoutes()
 5 SYSTEMPATH\CodeIgniter.php(464): CodeIgniter\CodeIgniter->tryToRouteIt(null)
 6 SYSTEMPATH\CodeIgniter.php(363): CodeIgniter\CodeIgniter->handleRequest(null, Object(Config\Cache), false)
 7 SYSTEMPATH\Boot.php(417): CodeIgniter\CodeIgniter->run()
 8 SYSTEMPATH\Boot.php(68): CodeIgniter\Boot::runCodeIgniter(Object(CodeIgniter\CodeIgniter))
 9 FCPATH\index.php(59): CodeIgniter\Boot::bootWeb(Object(Config\Paths))
10 SYSTEMPATH\rewrite.php(44): require_once('C:\\xampp\\htdocs\\SmartPlant_Care-main_CodeIgniter\\public\\index.php')
WARNING - 2026-05-28 11:32:28 --> [DEPRECATED] Passing lowercase HTTP method "get" is deprecated. Use uppercase HTTP method like "GET". in SYSTEMPATH\Router\RouteCollection.php on line 1026.
 1 SYSTEMPATH\Router\RouteCollection.php(1026): trigger_error('Passing lowercase HTTP method "get" is deprecated. Use uppercase HTTP method like "GET".', 16384)
 2 APPPATH\Config\Routes.php(14): CodeIgniter\Router\RouteCollection->match([...], 'SmartPlant_Care/controllers/(:segment).php', 'Legacy::controller/$1')
 3 SYSTEMPATH\Router\RouteCollection.php(339): require('C:\\xampp\\htdocs\\SmartPlant_Care-main_CodeIgniter\\app\\Config\\Routes.php')
 4 SYSTEMPATH\CodeIgniter.php(841): CodeIgniter\Router\RouteCollection->loadRoutes()
 5 SYSTEMPATH\CodeIgniter.php(464): CodeIgniter\CodeIgniter->tryToRouteIt(null)
 6 SYSTEMPATH\CodeIgniter.php(363): CodeIgniter\CodeIgniter->handleRequest(null, Object(Config\Cache), false)
 7 SYSTEMPATH\Boot.php(417): CodeIgniter\CodeIgniter->run()
 8 SYSTEMPATH\Boot.php(68): CodeIgniter\Boot::runCodeIgniter(Object(CodeIgniter\CodeIgniter))
 9 FCPATH\index.php(59): CodeIgniter\Boot::bootWeb(Object(Config\Paths))
10 SYSTEMPATH\rewrite.php(44): require_once('C:\\xampp\\htdocs\\SmartPlant_Care-main_CodeIgniter\\public\\index.php')
WARNING - 2026-05-28 11:32:28 --> [DEPRECATED] Passing lowercase HTTP method "post" is deprecated. Use uppercase HTTP method like "POST". in SYSTEMPATH\Router\RouteCollection.php on line 1026.
 1 SYSTEMPATH\Router\RouteCollection.php(1026): trigger_error('Passing lowercase HTTP method "post" is deprecated. Use uppercase HTTP method like "POST".', 16384)
 2 APPPATH\Config\Routes.php(14): CodeIgniter\Router\RouteCollection->match([...], 'SmartPlant_Care/controllers/(:segment).php', 'Legacy::controller/$1')
 3 SYSTEMPATH\Router\RouteCollection.php(339): require('C:\\xampp\\htdocs\\SmartPlant_Care-main_CodeIgniter\\app\\Config\\Routes.php')
 4 SYSTEMPATH\CodeIgniter.php(841): CodeIgniter\Router\RouteCollection->loadRoutes()
 5 SYSTEMPATH\CodeIgniter.php(464): CodeIgniter\CodeIgniter->tryToRouteIt(null)
 6 SYSTEMPATH\CodeIgniter.php(363): CodeIgniter\CodeIgniter->handleRequest(null, Object(Config\Cache), false)
 7 SYSTEMPATH\Boot.php(417): CodeIgniter\CodeIgniter->run()
 8 SYSTEMPATH\Boot.php(68): CodeIgniter\Boot::runCodeIgniter(Object(CodeIgniter\CodeIgniter))
 9 FCPATH\index.php(59): CodeIgniter\Boot::bootWeb(Object(Config\Paths))
10 SYSTEMPATH\rewrite.php(44): require_once('C:\\xampp\\htdocs\\SmartPlant_Care-main_CodeIgniter\\public\\index.php')
DEBUG - 2026-05-28 11:32:28 --> Session: Class initialized using 'CodeIgniter\Session\Handlers\FileHandler' driver.
WARNING - 2026-05-28 11:32:29 --> [DEPRECATED] Passing lowercase HTTP method "get" is deprecated. Use uppercase HTTP method like "GET". in SYSTEMPATH\Router\RouteCollection.php on line 1026.
 1 SYSTEMPATH\Router\RouteCollection.php(1026): trigger_error('Passing lowercase HTTP method "get" is deprecated. Use uppercase HTTP method like "GET".', 16384)
 2 APPPATH\Config\Routes.php(11): CodeIgniter\Router\RouteCollection->match([...], 'views/(:alpha).php', 'Legacy::view/$1')
 3 SYSTEMPATH\Router\RouteCollection.php(339): require('C:\\xampp\\htdocs\\SmartPlant_Care-main_CodeIgniter\\app\\Config\\Routes.php')
 4 SYSTEMPATH\CodeIgniter.php(841): CodeIgniter\Router\RouteCollection->loadRoutes()
 5 SYSTEMPATH\CodeIgniter.php(464): CodeIgniter\CodeIgniter->tryToRouteIt(null)
 6 SYSTEMPATH\CodeIgniter.php(363): CodeIgniter\CodeIgniter->handleRequest(null, Object(Config\Cache), false)
 7 SYSTEMPATH\Boot.php(417): CodeIgniter\CodeIgniter->run()
 8 SYSTEMPATH\Boot.php(68): CodeIgniter\Boot::runCodeIgniter(Object(CodeIgniter\CodeIgniter))
 9 FCPATH\index.php(59): CodeIgniter\Boot::bootWeb(Object(Config\Paths))
10 SYSTEMPATH\rewrite.php(44): require_once('C:\\xampp\\htdocs\\SmartPlant_Care-main_CodeIgniter\\public\\index.php')
WARNING - 2026-05-28 11:32:29 --> [DEPRECATED] Passing lowercase HTTP method "post" is deprecated. Use uppercase HTTP method like "POST". in SYSTEMPATH\Router\RouteCollection.php on line 1026.
 1 SYSTEMPATH\Router\RouteCollection.php(1026): trigger_error('Passing lowercase HTTP method "post" is deprecated. Use uppercase HTTP method like "POST".', 16384)
 2 APPPATH\Config\Routes.php(11): CodeIgniter\Router\RouteCollection->match([...], 'views/(:alpha).php', 'Legacy::view/$1')
 3 SYSTEMPATH\Router\RouteCollection.php(339): require('C:\\xampp\\htdocs\\SmartPlant_Care-main_CodeIgniter\\app\\Config\\Routes.php')
 4 SYSTEMPATH\CodeIgniter.php(841): CodeIgniter\Router\RouteCollection->loadRoutes()
 5 SYSTEMPATH\CodeIgniter.php(464): CodeIgniter\CodeIgniter->tryToRouteIt(null)
 6 SYSTEMPATH\CodeIgniter.php(363): CodeIgniter\CodeIgniter->handleRequest(null, Object(Config\Cache), false)
 7 SYSTEMPATH\Boot.php(417): CodeIgniter\CodeIgniter->run()
 8 SYSTEMPATH\Boot.php(68): CodeIgniter\Boot::runCodeIgniter(Object(CodeIgniter\CodeIgniter))
 9 FCPATH\index.php(59): CodeIgniter\Boot::bootWeb(Object(Config\Paths))
10 SYSTEMPATH\rewrite.php(44): require_once('C:\\xampp\\htdocs\\SmartPlant_Care-main_CodeIgniter\\public\\index.php')
WARNING - 2026-05-28 11:32:29 --> [DEPRECATED] Passing lowercase HTTP method "get" is deprecated. Use uppercase HTTP method like "GET". in SYSTEMPATH\Router\RouteCollection.php on line 1026.
 1 SYSTEMPATH\Router\RouteCollection.php(1026): trigger_error('Passing lowercase HTTP method "get" is deprecated. Use uppercase HTTP method like "GET".', 16384)
 2 APPPATH\Config\Routes.php(12): CodeIgniter\Router\RouteCollection->match([...], 'controllers/(:segment).php', 'Legacy::controller/$1')
 3 SYSTEMPATH\Router\RouteCollection.php(339): require('C:\\xampp\\htdocs\\SmartPlant_Care-main_CodeIgniter\\app\\Config\\Routes.php')
 4 SYSTEMPATH\CodeIgniter.php(841): CodeIgniter\Router\RouteCollection->loadRoutes()
 5 SYSTEMPATH\CodeIgniter.php(464): CodeIgniter\CodeIgniter->tryToRouteIt(null)
 6 SYSTEMPATH\CodeIgniter.php(363): CodeIgniter\CodeIgniter->handleRequest(null, Object(Config\Cache), false)
 7 SYSTEMPATH\Boot.php(417): CodeIgniter\CodeIgniter->run()
 8 SYSTEMPATH\Boot.php(68): CodeIgniter\Boot::runCodeIgniter(Object(CodeIgniter\CodeIgniter))
 9 FCPATH\index.php(59): CodeIgniter\Boot::bootWeb(Object(Config\Paths))
10 SYSTEMPATH\rewrite.php(44): require_once('C:\\xampp\\htdocs\\SmartPlant_Care-main_CodeIgniter\\public\\index.php')
WARNING - 2026-05-28 11:32:29 --> [DEPRECATED] Passing lowercase HTTP method "post" is deprecated. Use uppercase HTTP method like "POST". in SYSTEMPATH\Router\RouteCollection.php on line 1026.
 1 SYSTEMPATH\Router\RouteCollection.php(1026): trigger_error('Passing lowercase HTTP method "post" is deprecated. Use uppercase HTTP method like "POST".', 16384)
 2 APPPATH\Config\Routes.php(12): CodeIgniter\Router\RouteCollection->match([...], 'controllers/(:segment).php', 'Legacy::controller/$1')
 3 SYSTEMPATH\Router\RouteCollection.php(339): require('C:\\xampp\\htdocs\\SmartPlant_Care-main_CodeIgniter\\app\\Config\\Routes.php')
 4 SYSTEMPATH\CodeIgniter.php(841): CodeIgniter\Router\RouteCollection->loadRoutes()
 5 SYSTEMPATH\CodeIgniter.php(464): CodeIgniter\CodeIgniter->tryToRouteIt(null)
 6 SYSTEMPATH\CodeIgniter.php(363): CodeIgniter\CodeIgniter->handleRequest(null, Object(Config\Cache), false)
 7 SYSTEMPATH\Boot.php(417): CodeIgniter\CodeIgniter->run()
 8 SYSTEMPATH\Boot.php(68): CodeIgniter\Boot::runCodeIgniter(Object(CodeIgniter\CodeIgniter))
 9 FCPATH\index.php(59): CodeIgniter\Boot::bootWeb(Object(Config\Paths))
10 SYSTEMPATH\rewrite.php(44): require_once('C:\\xampp\\htdocs\\SmartPlant_Care-main_CodeIgniter\\public\\index.php')
WARNING - 2026-05-28 11:32:29 --> [DEPRECATED] Passing lowercase HTTP method "get" is deprecated. Use uppercase HTTP method like "GET". in SYSTEMPATH\Router\RouteCollection.php on line 1026.
 1 SYSTEMPATH\Router\RouteCollection.php(1026): trigger_error('Passing lowercase HTTP method "get" is deprecated. Use uppercase HTTP method like "GET".', 16384)
 2 APPPATH\Config\Routes.php(13): CodeIgniter\Router\RouteCollection->match([...], 'SmartPlant_Care/views/(:alpha).php', 'Legacy::view/$1')
 3 SYSTEMPATH\Router\RouteCollection.php(339): require('C:\\xampp\\htdocs\\SmartPlant_Care-main_CodeIgniter\\app\\Config\\Routes.php')
 4 SYSTEMPATH\CodeIgniter.php(841): CodeIgniter\Router\RouteCollection->loadRoutes()
 5 SYSTEMPATH\CodeIgniter.php(464): CodeIgniter\CodeIgniter->tryToRouteIt(null)
 6 SYSTEMPATH\CodeIgniter.php(363): CodeIgniter\CodeIgniter->handleRequest(null, Object(Config\Cache), false)
 7 SYSTEMPATH\Boot.php(417): CodeIgniter\CodeIgniter->run()
 8 SYSTEMPATH\Boot.php(68): CodeIgniter\Boot::runCodeIgniter(Object(CodeIgniter\CodeIgniter))
 9 FCPATH\index.php(59): CodeIgniter\Boot::bootWeb(Object(Config\Paths))
10 SYSTEMPATH\rewrite.php(44): require_once('C:\\xampp\\htdocs\\SmartPlant_Care-main_CodeIgniter\\public\\index.php')
WARNING - 2026-05-28 11:32:29 --> [DEPRECATED] Passing lowercase HTTP method "post" is deprecated. Use uppercase HTTP method like "POST". in SYSTEMPATH\Router\RouteCollection.php on line 1026.
 1 SYSTEMPATH\Router\RouteCollection.php(1026): trigger_error('Passing lowercase HTTP method "post" is deprecated. Use uppercase HTTP method like "POST".', 16384)
 2 APPPATH\Config\Routes.php(13): CodeIgniter\Router\RouteCollection->match([...], 'SmartPlant_Care/views/(:alpha).php', 'Legacy::view/$1')
 3 SYSTEMPATH\Router\RouteCollection.php(339): require('C:\\xampp\\htdocs\\SmartPlant_Care-main_CodeIgniter\\app\\Config\\Routes.php')
 4 SYSTEMPATH\CodeIgniter.php(841): CodeIgniter\Router\RouteCollection->loadRoutes()
 5 SYSTEMPATH\CodeIgniter.php(464): CodeIgniter\CodeIgniter->tryToRouteIt(null)
 6 SYSTEMPATH\CodeIgniter.php(363): CodeIgniter\CodeIgniter->handleRequest(null, Object(Config\Cache), false)
 7 SYSTEMPATH\Boot.php(417): CodeIgniter\CodeIgniter->run()
 8 SYSTEMPATH\Boot.php(68): CodeIgniter\Boot::runCodeIgniter(Object(CodeIgniter\CodeIgniter))
 9 FCPATH\index.php(59): CodeIgniter\Boot::bootWeb(Object(Config\Paths))
10 SYSTEMPATH\rewrite.php(44): require_once('C:\\xampp\\htdocs\\SmartPlant_Care-main_CodeIgniter\\public\\index.php')
WARNING - 2026-05-28 11:32:29 --> [DEPRECATED] Passing lowercase HTTP method "get" is deprecated. Use uppercase HTTP method like "GET". in SYSTEMPATH\Router\RouteCollection.php on line 1026.
 1 SYSTEMPATH\Router\RouteCollection.php(1026): trigger_error('Passing lowercase HTTP method "get" is deprecated. Use uppercase HTTP method like "GET".', 16384)
 2 APPPATH\Config\Routes.php(14): CodeIgniter\Router\RouteCollection->match([...], 'SmartPlant_Care/controllers/(:segment).php', 'Legacy::controller/$1')
 3 SYSTEMPATH\Router\RouteCollection.php(339): require('C:\\xampp\\htdocs\\SmartPlant_Care-main_CodeIgniter\\app\\Config\\Routes.php')
 4 SYSTEMPATH\CodeIgniter.php(841): CodeIgniter\Router\RouteCollection->loadRoutes()
 5 SYSTEMPATH\CodeIgniter.php(464): CodeIgniter\CodeIgniter->tryToRouteIt(null)
 6 SYSTEMPATH\CodeIgniter.php(363): CodeIgniter\CodeIgniter->handleRequest(null, Object(Config\Cache), false)
 7 SYSTEMPATH\Boot.php(417): CodeIgniter\CodeIgniter->run()
 8 SYSTEMPATH\Boot.php(68): CodeIgniter\Boot::runCodeIgniter(Object(CodeIgniter\CodeIgniter))
 9 FCPATH\index.php(59): CodeIgniter\Boot::bootWeb(Object(Config\Paths))
10 SYSTEMPATH\rewrite.php(44): require_once('C:\\xampp\\htdocs\\SmartPlant_Care-main_CodeIgniter\\public\\index.php')
WARNING - 2026-05-28 11:32:29 --> [DEPRECATED] Passing lowercase HTTP method "post" is deprecated. Use uppercase HTTP method like "POST". in SYSTEMPATH\Router\RouteCollection.php on line 1026.
 1 SYSTEMPATH\Router\RouteCollection.php(1026): trigger_error('Passing lowercase HTTP method "post" is deprecated. Use uppercase HTTP method like "POST".', 16384)
 2 APPPATH\Config\Routes.php(14): CodeIgniter\Router\RouteCollection->match([...], 'SmartPlant_Care/controllers/(:segment).php', 'Legacy::controller/$1')
 3 SYSTEMPATH\Router\RouteCollection.php(339): require('C:\\xampp\\htdocs\\SmartPlant_Care-main_CodeIgniter\\app\\Config\\Routes.php')
 4 SYSTEMPATH\CodeIgniter.php(841): CodeIgniter\Router\RouteCollection->loadRoutes()
 5 SYSTEMPATH\CodeIgniter.php(464): CodeIgniter\CodeIgniter->tryToRouteIt(null)
 6 SYSTEMPATH\CodeIgniter.php(363): CodeIgniter\CodeIgniter->handleRequest(null, Object(Config\Cache), false)
 7 SYSTEMPATH\Boot.php(417): CodeIgniter\CodeIgniter->run()
 8 SYSTEMPATH\Boot.php(68): CodeIgniter\Boot::runCodeIgniter(Object(CodeIgniter\CodeIgniter))
 9 FCPATH\index.php(59): CodeIgniter\Boot::bootWeb(Object(Config\Paths))
10 SYSTEMPATH\rewrite.php(44): require_once('C:\\xampp\\htdocs\\SmartPlant_Care-main_CodeIgniter\\public\\index.php')
WARNING - 2026-05-28 11:34:08 --> [DEPRECATED] Passing lowercase HTTP method "get" is deprecated. Use uppercase HTTP method like "GET". in SYSTEMPATH\Router\RouteCollection.php on line 1026.
 1 SYSTEMPATH\Router\RouteCollection.php(1026): trigger_error('Passing lowercase HTTP method "get" is deprecated. Use uppercase HTTP method like "GET".', 16384)
 2 APPPATH\Config\Routes.php(11): CodeIgniter\Router\RouteCollection->match([...], 'views/(:alpha).php', 'Legacy::view/$1')
 3 SYSTEMPATH\Router\RouteCollection.php(339): require('C:\\xampp\\htdocs\\SmartPlant_Care-main_CodeIgniter\\app\\Config\\Routes.php')
 4 SYSTEMPATH\CodeIgniter.php(841): CodeIgniter\Router\RouteCollection->loadRoutes()
 5 SYSTEMPATH\CodeIgniter.php(464): CodeIgniter\CodeIgniter->tryToRouteIt(null)
 6 SYSTEMPATH\CodeIgniter.php(363): CodeIgniter\CodeIgniter->handleRequest(null, Object(Config\Cache), false)
 7 SYSTEMPATH\Boot.php(417): CodeIgniter\CodeIgniter->run()
 8 SYSTEMPATH\Boot.php(68): CodeIgniter\Boot::runCodeIgniter(Object(CodeIgniter\CodeIgniter))
 9 FCPATH\index.php(59): CodeIgniter\Boot::bootWeb(Object(Config\Paths))
10 SYSTEMPATH\rewrite.php(44): require_once('C:\\xampp\\htdocs\\SmartPlant_Care-main_CodeIgniter\\public\\index.php')
WARNING - 2026-05-28 11:34:08 --> [DEPRECATED] Passing lowercase HTTP method "post" is deprecated. Use uppercase HTTP method like "POST". in SYSTEMPATH\Router\RouteCollection.php on line 1026.
 1 SYSTEMPATH\Router\RouteCollection.php(1026): trigger_error('Passing lowercase HTTP method "post" is deprecated. Use uppercase HTTP method like "POST".', 16384)
 2 APPPATH\Config\Routes.php(11): CodeIgniter\Router\RouteCollection->match([...], 'views/(:alpha).php', 'Legacy::view/$1')
 3 SYSTEMPATH\Router\RouteCollection.php(339): require('C:\\xampp\\htdocs\\SmartPlant_Care-main_CodeIgniter\\app\\Config\\Routes.php')
 4 SYSTEMPATH\CodeIgniter.php(841): CodeIgniter\Router\RouteCollection->loadRoutes()
 5 SYSTEMPATH\CodeIgniter.php(464): CodeIgniter\CodeIgniter->tryToRouteIt(null)
 6 SYSTEMPATH\CodeIgniter.php(363): CodeIgniter\CodeIgniter->handleRequest(null, Object(Config\Cache), false)
 7 SYSTEMPATH\Boot.php(417): CodeIgniter\CodeIgniter->run()
 8 SYSTEMPATH\Boot.php(68): CodeIgniter\Boot::runCodeIgniter(Object(CodeIgniter\CodeIgniter))
 9 FCPATH\index.php(59): CodeIgniter\Boot::bootWeb(Object(Config\Paths))
10 SYSTEMPATH\rewrite.php(44): require_once('C:\\xampp\\htdocs\\SmartPlant_Care-main_CodeIgniter\\public\\index.php')
WARNING - 2026-05-28 11:34:08 --> [DEPRECATED] Passing lowercase HTTP method "get" is deprecated. Use uppercase HTTP method like "GET". in SYSTEMPATH\Router\RouteCollection.php on line 1026.
 1 SYSTEMPATH\Router\RouteCollection.php(1026): trigger_error('Passing lowercase HTTP method "get" is deprecated. Use uppercase HTTP method like "GET".', 16384)
 2 APPPATH\Config\Routes.php(12): CodeIgniter\Router\RouteCollection->match([...], 'controllers/(:segment).php', 'Legacy::controller/$1')
 3 SYSTEMPATH\Router\RouteCollection.php(339): require('C:\\xampp\\htdocs\\SmartPlant_Care-main_CodeIgniter\\app\\Config\\Routes.php')
 4 SYSTEMPATH\CodeIgniter.php(841): CodeIgniter\Router\RouteCollection->loadRoutes()
 5 SYSTEMPATH\CodeIgniter.php(464): CodeIgniter\CodeIgniter->tryToRouteIt(null)
 6 SYSTEMPATH\CodeIgniter.php(363): CodeIgniter\CodeIgniter->handleRequest(null, Object(Config\Cache), false)
 7 SYSTEMPATH\Boot.php(417): CodeIgniter\CodeIgniter->run()
 8 SYSTEMPATH\Boot.php(68): CodeIgniter\Boot::runCodeIgniter(Object(CodeIgniter\CodeIgniter))
 9 FCPATH\index.php(59): CodeIgniter\Boot::bootWeb(Object(Config\Paths))
10 SYSTEMPATH\rewrite.php(44): require_once('C:\\xampp\\htdocs\\SmartPlant_Care-main_CodeIgniter\\public\\index.php')
WARNING - 2026-05-28 11:34:08 --> [DEPRECATED] Passing lowercase HTTP method "post" is deprecated. Use uppercase HTTP method like "POST". in SYSTEMPATH\Router\RouteCollection.php on line 1026.
 1 SYSTEMPATH\Router\RouteCollection.php(1026): trigger_error('Passing lowercase HTTP method "post" is deprecated. Use uppercase HTTP method like "POST".', 16384)
 2 APPPATH\Config\Routes.php(12): CodeIgniter\Router\RouteCollection->match([...], 'controllers/(:segment).php', 'Legacy::controller/$1')
 3 SYSTEMPATH\Router\RouteCollection.php(339): require('C:\\xampp\\htdocs\\SmartPlant_Care-main_CodeIgniter\\app\\Config\\Routes.php')
 4 SYSTEMPATH\CodeIgniter.php(841): CodeIgniter\Router\RouteCollection->loadRoutes()
 5 SYSTEMPATH\CodeIgniter.php(464): CodeIgniter\CodeIgniter->tryToRouteIt(null)
 6 SYSTEMPATH\CodeIgniter.php(363): CodeIgniter\CodeIgniter->handleRequest(null, Object(Config\Cache), false)
 7 SYSTEMPATH\Boot.php(417): CodeIgniter\CodeIgniter->run()
 8 SYSTEMPATH\Boot.php(68): CodeIgniter\Boot::runCodeIgniter(Object(CodeIgniter\CodeIgniter))
 9 FCPATH\index.php(59): CodeIgniter\Boot::bootWeb(Object(Config\Paths))
10 SYSTEMPATH\rewrite.php(44): require_once('C:\\xampp\\htdocs\\SmartPlant_Care-main_CodeIgniter\\public\\index.php')
WARNING - 2026-05-28 11:34:08 --> [DEPRECATED] Passing lowercase HTTP method "get" is deprecated. Use uppercase HTTP method like "GET". in SYSTEMPATH\Router\RouteCollection.php on line 1026.
 1 SYSTEMPATH\Router\RouteCollection.php(1026): trigger_error('Passing lowercase HTTP method "get" is deprecated. Use uppercase HTTP method like "GET".', 16384)
 2 APPPATH\Config\Routes.php(13): CodeIgniter\Router\RouteCollection->match([...], 'SmartPlant_Care/views/(:alpha).php', 'Legacy::view/$1')
 3 SYSTEMPATH\Router\RouteCollection.php(339): require('C:\\xampp\\htdocs\\SmartPlant_Care-main_CodeIgniter\\app\\Config\\Routes.php')
 4 SYSTEMPATH\CodeIgniter.php(841): CodeIgniter\Router\RouteCollection->loadRoutes()
 5 SYSTEMPATH\CodeIgniter.php(464): CodeIgniter\CodeIgniter->tryToRouteIt(null)
 6 SYSTEMPATH\CodeIgniter.php(363): CodeIgniter\CodeIgniter->handleRequest(null, Object(Config\Cache), false)
 7 SYSTEMPATH\Boot.php(417): CodeIgniter\CodeIgniter->run()
 8 SYSTEMPATH\Boot.php(68): CodeIgniter\Boot::runCodeIgniter(Object(CodeIgniter\CodeIgniter))
 9 FCPATH\index.php(59): CodeIgniter\Boot::bootWeb(Object(Config\Paths))
10 SYSTEMPATH\rewrite.php(44): require_once('C:\\xampp\\htdocs\\SmartPlant_Care-main_CodeIgniter\\public\\index.php')
WARNING - 2026-05-28 11:34:08 --> [DEPRECATED] Passing lowercase HTTP method "post" is deprecated. Use uppercase HTTP method like "POST". in SYSTEMPATH\Router\RouteCollection.php on line 1026.
 1 SYSTEMPATH\Router\RouteCollection.php(1026): trigger_error('Passing lowercase HTTP method "post" is deprecated. Use uppercase HTTP method like "POST".', 16384)
 2 APPPATH\Config\Routes.php(13): CodeIgniter\Router\RouteCollection->match([...], 'SmartPlant_Care/views/(:alpha).php', 'Legacy::view/$1')
 3 SYSTEMPATH\Router\RouteCollection.php(339): require('C:\\xampp\\htdocs\\SmartPlant_Care-main_CodeIgniter\\app\\Config\\Routes.php')
 4 SYSTEMPATH\CodeIgniter.php(841): CodeIgniter\Router\RouteCollection->loadRoutes()
 5 SYSTEMPATH\CodeIgniter.php(464): CodeIgniter\CodeIgniter->tryToRouteIt(null)
 6 SYSTEMPATH\CodeIgniter.php(363): CodeIgniter\CodeIgniter->handleRequest(null, Object(Config\Cache), false)
 7 SYSTEMPATH\Boot.php(417): CodeIgniter\CodeIgniter->run()
 8 SYSTEMPATH\Boot.php(68): CodeIgniter\Boot::runCodeIgniter(Object(CodeIgniter\CodeIgniter))
 9 FCPATH\index.php(59): CodeIgniter\Boot::bootWeb(Object(Config\Paths))
10 SYSTEMPATH\rewrite.php(44): require_once('C:\\xampp\\htdocs\\SmartPlant_Care-main_CodeIgniter\\public\\index.php')
WARNING - 2026-05-28 11:34:08 --> [DEPRECATED] Passing lowercase HTTP method "get" is deprecated. Use uppercase HTTP method like "GET". in SYSTEMPATH\Router\RouteCollection.php on line 1026.
 1 SYSTEMPATH\Router\RouteCollection.php(1026): trigger_error('Passing lowercase HTTP method "get" is deprecated. Use uppercase HTTP method like "GET".', 16384)
 2 APPPATH\Config\Routes.php(14): CodeIgniter\Router\RouteCollection->match([...], 'SmartPlant_Care/controllers/(:segment).php', 'Legacy::controller/$1')
 3 SYSTEMPATH\Router\RouteCollection.php(339): require('C:\\xampp\\htdocs\\SmartPlant_Care-main_CodeIgniter\\app\\Config\\Routes.php')
 4 SYSTEMPATH\CodeIgniter.php(841): CodeIgniter\Router\RouteCollection->loadRoutes()
 5 SYSTEMPATH\CodeIgniter.php(464): CodeIgniter\CodeIgniter->tryToRouteIt(null)
 6 SYSTEMPATH\CodeIgniter.php(363): CodeIgniter\CodeIgniter->handleRequest(null, Object(Config\Cache), false)
 7 SYSTEMPATH\Boot.php(417): CodeIgniter\CodeIgniter->run()
 8 SYSTEMPATH\Boot.php(68): CodeIgniter\Boot::runCodeIgniter(Object(CodeIgniter\CodeIgniter))
 9 FCPATH\index.php(59): CodeIgniter\Boot::bootWeb(Object(Config\Paths))
10 SYSTEMPATH\rewrite.php(44): require_once('C:\\xampp\\htdocs\\SmartPlant_Care-main_CodeIgniter\\public\\index.php')
WARNING - 2026-05-28 11:34:08 --> [DEPRECATED] Passing lowercase HTTP method "post" is deprecated. Use uppercase HTTP method like "POST". in SYSTEMPATH\Router\RouteCollection.php on line 1026.
 1 SYSTEMPATH\Router\RouteCollection.php(1026): trigger_error('Passing lowercase HTTP method "post" is deprecated. Use uppercase HTTP method like "POST".', 16384)
 2 APPPATH\Config\Routes.php(14): CodeIgniter\Router\RouteCollection->match([...], 'SmartPlant_Care/controllers/(:segment).php', 'Legacy::controller/$1')
 3 SYSTEMPATH\Router\RouteCollection.php(339): require('C:\\xampp\\htdocs\\SmartPlant_Care-main_CodeIgniter\\app\\Config\\Routes.php')
 4 SYSTEMPATH\CodeIgniter.php(841): CodeIgniter\Router\RouteCollection->loadRoutes()
 5 SYSTEMPATH\CodeIgniter.php(464): CodeIgniter\CodeIgniter->tryToRouteIt(null)
 6 SYSTEMPATH\CodeIgniter.php(363): CodeIgniter\CodeIgniter->handleRequest(null, Object(Config\Cache), false)
 7 SYSTEMPATH\Boot.php(417): CodeIgniter\CodeIgniter->run()
 8 SYSTEMPATH\Boot.php(68): CodeIgniter\Boot::runCodeIgniter(Object(CodeIgniter\CodeIgniter))
 9 FCPATH\index.php(59): CodeIgniter\Boot::bootWeb(Object(Config\Paths))
10 SYSTEMPATH\rewrite.php(44): require_once('C:\\xampp\\htdocs\\SmartPlant_Care-main_CodeIgniter\\public\\index.php')
DEBUG - 2026-05-28 11:34:08 --> Session: Class initialized using 'CodeIgniter\Session\Handlers\FileHandler' driver.
WARNING - 2026-05-28 11:34:09 --> [DEPRECATED] Passing lowercase HTTP method "get" is deprecated. Use uppercase HTTP method like "GET". in SYSTEMPATH\Router\RouteCollection.php on line 1026.
 1 SYSTEMPATH\Router\RouteCollection.php(1026): trigger_error('Passing lowercase HTTP method "get" is deprecated. Use uppercase HTTP method like "GET".', 16384)
 2 APPPATH\Config\Routes.php(11): CodeIgniter\Router\RouteCollection->match([...], 'views/(:alpha).php', 'Legacy::view/$1')
 3 SYSTEMPATH\Router\RouteCollection.php(339): require('C:\\xampp\\htdocs\\SmartPlant_Care-main_CodeIgniter\\app\\Config\\Routes.php')
 4 SYSTEMPATH\CodeIgniter.php(841): CodeIgniter\Router\RouteCollection->loadRoutes()
 5 SYSTEMPATH\CodeIgniter.php(464): CodeIgniter\CodeIgniter->tryToRouteIt(null)
 6 SYSTEMPATH\CodeIgniter.php(363): CodeIgniter\CodeIgniter->handleRequest(null, Object(Config\Cache), false)
 7 SYSTEMPATH\Boot.php(417): CodeIgniter\CodeIgniter->run()
 8 SYSTEMPATH\Boot.php(68): CodeIgniter\Boot::runCodeIgniter(Object(CodeIgniter\CodeIgniter))
 9 FCPATH\index.php(59): CodeIgniter\Boot::bootWeb(Object(Config\Paths))
10 SYSTEMPATH\rewrite.php(44): require_once('C:\\xampp\\htdocs\\SmartPlant_Care-main_CodeIgniter\\public\\index.php')
WARNING - 2026-05-28 11:34:09 --> [DEPRECATED] Passing lowercase HTTP method "post" is deprecated. Use uppercase HTTP method like "POST". in SYSTEMPATH\Router\RouteCollection.php on line 1026.
 1 SYSTEMPATH\Router\RouteCollection.php(1026): trigger_error('Passing lowercase HTTP method "post" is deprecated. Use uppercase HTTP method like "POST".', 16384)
 2 APPPATH\Config\Routes.php(11): CodeIgniter\Router\RouteCollection->match([...], 'views/(:alpha).php', 'Legacy::view/$1')
 3 SYSTEMPATH\Router\RouteCollection.php(339): require('C:\\xampp\\htdocs\\SmartPlant_Care-main_CodeIgniter\\app\\Config\\Routes.php')
 4 SYSTEMPATH\CodeIgniter.php(841): CodeIgniter\Router\RouteCollection->loadRoutes()
 5 SYSTEMPATH\CodeIgniter.php(464): CodeIgniter\CodeIgniter->tryToRouteIt(null)
 6 SYSTEMPATH\CodeIgniter.php(363): CodeIgniter\CodeIgniter->handleRequest(null, Object(Config\Cache), false)
 7 SYSTEMPATH\Boot.php(417): CodeIgniter\CodeIgniter->run()
 8 SYSTEMPATH\Boot.php(68): CodeIgniter\Boot::runCodeIgniter(Object(CodeIgniter\CodeIgniter))
 9 FCPATH\index.php(59): CodeIgniter\Boot::bootWeb(Object(Config\Paths))
10 SYSTEMPATH\rewrite.php(44): require_once('C:\\xampp\\htdocs\\SmartPlant_Care-main_CodeIgniter\\public\\index.php')
WARNING - 2026-05-28 11:34:09 --> [DEPRECATED] Passing lowercase HTTP method "get" is deprecated. Use uppercase HTTP method like "GET". in SYSTEMPATH\Router\RouteCollection.php on line 1026.
 1 SYSTEMPATH\Router\RouteCollection.php(1026): trigger_error('Passing lowercase HTTP method "get" is deprecated. Use uppercase HTTP method like "GET".', 16384)
 2 APPPATH\Config\Routes.php(12): CodeIgniter\Router\RouteCollection->match([...], 'controllers/(:segment).php', 'Legacy::controller/$1')
 3 SYSTEMPATH\Router\RouteCollection.php(339): require('C:\\xampp\\htdocs\\SmartPlant_Care-main_CodeIgniter\\app\\Config\\Routes.php')
 4 SYSTEMPATH\CodeIgniter.php(841): CodeIgniter\Router\RouteCollection->loadRoutes()
 5 SYSTEMPATH\CodeIgniter.php(464): CodeIgniter\CodeIgniter->tryToRouteIt(null)
 6 SYSTEMPATH\CodeIgniter.php(363): CodeIgniter\CodeIgniter->handleRequest(null, Object(Config\Cache), false)
 7 SYSTEMPATH\Boot.php(417): CodeIgniter\CodeIgniter->run()
 8 SYSTEMPATH\Boot.php(68): CodeIgniter\Boot::runCodeIgniter(Object(CodeIgniter\CodeIgniter))
 9 FCPATH\index.php(59): CodeIgniter\Boot::bootWeb(Object(Config\Paths))
10 SYSTEMPATH\rewrite.php(44): require_once('C:\\xampp\\htdocs\\SmartPlant_Care-main_CodeIgniter\\public\\index.php')
WARNING - 2026-05-28 11:34:09 --> [DEPRECATED] Passing lowercase HTTP method "post" is deprecated. Use uppercase HTTP method like "POST". in SYSTEMPATH\Router\RouteCollection.php on line 1026.
 1 SYSTEMPATH\Router\RouteCollection.php(1026): trigger_error('Passing lowercase HTTP method "post" is deprecated. Use uppercase HTTP method like "POST".', 16384)
 2 APPPATH\Config\Routes.php(12): CodeIgniter\Router\RouteCollection->match([...], 'controllers/(:segment).php', 'Legacy::controller/$1')
 3 SYSTEMPATH\Router\RouteCollection.php(339): require('C:\\xampp\\htdocs\\SmartPlant_Care-main_CodeIgniter\\app\\Config\\Routes.php')
 4 SYSTEMPATH\CodeIgniter.php(841): CodeIgniter\Router\RouteCollection->loadRoutes()
 5 SYSTEMPATH\CodeIgniter.php(464): CodeIgniter\CodeIgniter->tryToRouteIt(null)
 6 SYSTEMPATH\CodeIgniter.php(363): CodeIgniter\CodeIgniter->handleRequest(null, Object(Config\Cache), false)
 7 SYSTEMPATH\Boot.php(417): CodeIgniter\CodeIgniter->run()
 8 SYSTEMPATH\Boot.php(68): CodeIgniter\Boot::runCodeIgniter(Object(CodeIgniter\CodeIgniter))
 9 FCPATH\index.php(59): CodeIgniter\Boot::bootWeb(Object(Config\Paths))
10 SYSTEMPATH\rewrite.php(44): require_once('C:\\xampp\\htdocs\\SmartPlant_Care-main_CodeIgniter\\public\\index.php')
WARNING - 2026-05-28 11:34:09 --> [DEPRECATED] Passing lowercase HTTP method "get" is deprecated. Use uppercase HTTP method like "GET". in SYSTEMPATH\Router\RouteCollection.php on line 1026.
 1 SYSTEMPATH\Router\RouteCollection.php(1026): trigger_error('Passing lowercase HTTP method "get" is deprecated. Use uppercase HTTP method like "GET".', 16384)
 2 APPPATH\Config\Routes.php(13): CodeIgniter\Router\RouteCollection->match([...], 'SmartPlant_Care/views/(:alpha).php', 'Legacy::view/$1')
 3 SYSTEMPATH\Router\RouteCollection.php(339): require('C:\\xampp\\htdocs\\SmartPlant_Care-main_CodeIgniter\\app\\Config\\Routes.php')
 4 SYSTEMPATH\CodeIgniter.php(841): CodeIgniter\Router\RouteCollection->loadRoutes()
 5 SYSTEMPATH\CodeIgniter.php(464): CodeIgniter\CodeIgniter->tryToRouteIt(null)
 6 SYSTEMPATH\CodeIgniter.php(363): CodeIgniter\CodeIgniter->handleRequest(null, Object(Config\Cache), false)
 7 SYSTEMPATH\Boot.php(417): CodeIgniter\CodeIgniter->run()
 8 SYSTEMPATH\Boot.php(68): CodeIgniter\Boot::runCodeIgniter(Object(CodeIgniter\CodeIgniter))
 9 FCPATH\index.php(59): CodeIgniter\Boot::bootWeb(Object(Config\Paths))
10 SYSTEMPATH\rewrite.php(44): require_once('C:\\xampp\\htdocs\\SmartPlant_Care-main_CodeIgniter\\public\\index.php')
WARNING - 2026-05-28 11:34:09 --> [DEPRECATED] Passing lowercase HTTP method "post" is deprecated. Use uppercase HTTP method like "POST". in SYSTEMPATH\Router\RouteCollection.php on line 1026.
 1 SYSTEMPATH\Router\RouteCollection.php(1026): trigger_error('Passing lowercase HTTP method "post" is deprecated. Use uppercase HTTP method like "POST".', 16384)
 2 APPPATH\Config\Routes.php(13): CodeIgniter\Router\RouteCollection->match([...], 'SmartPlant_Care/views/(:alpha).php', 'Legacy::view/$1')
 3 SYSTEMPATH\Router\RouteCollection.php(339): require('C:\\xampp\\htdocs\\SmartPlant_Care-main_CodeIgniter\\app\\Config\\Routes.php')
 4 SYSTEMPATH\CodeIgniter.php(841): CodeIgniter\Router\RouteCollection->loadRoutes()
 5 SYSTEMPATH\CodeIgniter.php(464): CodeIgniter\CodeIgniter->tryToRouteIt(null)
 6 SYSTEMPATH\CodeIgniter.php(363): CodeIgniter\CodeIgniter->handleRequest(null, Object(Config\Cache), false)
 7 SYSTEMPATH\Boot.php(417): CodeIgniter\CodeIgniter->run()
 8 SYSTEMPATH\Boot.php(68): CodeIgniter\Boot::runCodeIgniter(Object(CodeIgniter\CodeIgniter))
 9 FCPATH\index.php(59): CodeIgniter\Boot::bootWeb(Object(Config\Paths))
10 SYSTEMPATH\rewrite.php(44): require_once('C:\\xampp\\htdocs\\SmartPlant_Care-main_CodeIgniter\\public\\index.php')
WARNING - 2026-05-28 11:34:09 --> [DEPRECATED] Passing lowercase HTTP method "get" is deprecated. Use uppercase HTTP method like "GET". in SYSTEMPATH\Router\RouteCollection.php on line 1026.
 1 SYSTEMPATH\Router\RouteCollection.php(1026): trigger_error('Passing lowercase HTTP method "get" is deprecated. Use uppercase HTTP method like "GET".', 16384)
 2 APPPATH\Config\Routes.php(14): CodeIgniter\Router\RouteCollection->match([...], 'SmartPlant_Care/controllers/(:segment).php', 'Legacy::controller/$1')
 3 SYSTEMPATH\Router\RouteCollection.php(339): require('C:\\xampp\\htdocs\\SmartPlant_Care-main_CodeIgniter\\app\\Config\\Routes.php')
 4 SYSTEMPATH\CodeIgniter.php(841): CodeIgniter\Router\RouteCollection->loadRoutes()
 5 SYSTEMPATH\CodeIgniter.php(464): CodeIgniter\CodeIgniter->tryToRouteIt(null)
 6 SYSTEMPATH\CodeIgniter.php(363): CodeIgniter\CodeIgniter->handleRequest(null, Object(Config\Cache), false)
 7 SYSTEMPATH\Boot.php(417): CodeIgniter\CodeIgniter->run()
 8 SYSTEMPATH\Boot.php(68): CodeIgniter\Boot::runCodeIgniter(Object(CodeIgniter\CodeIgniter))
 9 FCPATH\index.php(59): CodeIgniter\Boot::bootWeb(Object(Config\Paths))
10 SYSTEMPATH\rewrite.php(44): require_once('C:\\xampp\\htdocs\\SmartPlant_Care-main_CodeIgniter\\public\\index.php')
WARNING - 2026-05-28 11:34:09 --> [DEPRECATED] Passing lowercase HTTP method "post" is deprecated. Use uppercase HTTP method like "POST". in SYSTEMPATH\Router\RouteCollection.php on line 1026.
 1 SYSTEMPATH\Router\RouteCollection.php(1026): trigger_error('Passing lowercase HTTP method "post" is deprecated. Use uppercase HTTP method like "POST".', 16384)
 2 APPPATH\Config\Routes.php(14): CodeIgniter\Router\RouteCollection->match([...], 'SmartPlant_Care/controllers/(:segment).php', 'Legacy::controller/$1')
 3 SYSTEMPATH\Router\RouteCollection.php(339): require('C:\\xampp\\htdocs\\SmartPlant_Care-main_CodeIgniter\\app\\Config\\Routes.php')
 4 SYSTEMPATH\CodeIgniter.php(841): CodeIgniter\Router\RouteCollection->loadRoutes()
 5 SYSTEMPATH\CodeIgniter.php(464): CodeIgniter\CodeIgniter->tryToRouteIt(null)
 6 SYSTEMPATH\CodeIgniter.php(363): CodeIgniter\CodeIgniter->handleRequest(null, Object(Config\Cache), false)
 7 SYSTEMPATH\Boot.php(417): CodeIgniter\CodeIgniter->run()
 8 SYSTEMPATH\Boot.php(68): CodeIgniter\Boot::runCodeIgniter(Object(CodeIgniter\CodeIgniter))
 9 FCPATH\index.php(59): CodeIgniter\Boot::bootWeb(Object(Config\Paths))
10 SYSTEMPATH\rewrite.php(44): require_once('C:\\xampp\\htdocs\\SmartPlant_Care-main_CodeIgniter\\public\\index.php')
WARNING - 2026-05-28 11:34:11 --> [DEPRECATED] Passing lowercase HTTP method "get" is deprecated. Use uppercase HTTP method like "GET". in SYSTEMPATH\Router\RouteCollection.php on line 1026.
 1 SYSTEMPATH\Router\RouteCollection.php(1026): trigger_error('Passing lowercase HTTP method "get" is deprecated. Use uppercase HTTP method like "GET".', 16384)
 2 APPPATH\Config\Routes.php(11): CodeIgniter\Router\RouteCollection->match([...], 'views/(:alpha).php', 'Legacy::view/$1')
 3 SYSTEMPATH\Router\RouteCollection.php(339): require('C:\\xampp\\htdocs\\SmartPlant_Care-main_CodeIgniter\\app\\Config\\Routes.php')
 4 SYSTEMPATH\CodeIgniter.php(841): CodeIgniter\Router\RouteCollection->loadRoutes()
 5 SYSTEMPATH\CodeIgniter.php(464): CodeIgniter\CodeIgniter->tryToRouteIt(null)
 6 SYSTEMPATH\CodeIgniter.php(363): CodeIgniter\CodeIgniter->handleRequest(null, Object(Config\Cache), false)
 7 SYSTEMPATH\Boot.php(417): CodeIgniter\CodeIgniter->run()
 8 SYSTEMPATH\Boot.php(68): CodeIgniter\Boot::runCodeIgniter(Object(CodeIgniter\CodeIgniter))
 9 FCPATH\index.php(59): CodeIgniter\Boot::bootWeb(Object(Config\Paths))
10 SYSTEMPATH\rewrite.php(44): require_once('C:\\xampp\\htdocs\\SmartPlant_Care-main_CodeIgniter\\public\\index.php')
WARNING - 2026-05-28 11:34:11 --> [DEPRECATED] Passing lowercase HTTP method "post" is deprecated. Use uppercase HTTP method like "POST". in SYSTEMPATH\Router\RouteCollection.php on line 1026.
 1 SYSTEMPATH\Router\RouteCollection.php(1026): trigger_error('Passing lowercase HTTP method "post" is deprecated. Use uppercase HTTP method like "POST".', 16384)
 2 APPPATH\Config\Routes.php(11): CodeIgniter\Router\RouteCollection->match([...], 'views/(:alpha).php', 'Legacy::view/$1')
 3 SYSTEMPATH\Router\RouteCollection.php(339): require('C:\\xampp\\htdocs\\SmartPlant_Care-main_CodeIgniter\\app\\Config\\Routes.php')
 4 SYSTEMPATH\CodeIgniter.php(841): CodeIgniter\Router\RouteCollection->loadRoutes()
 5 SYSTEMPATH\CodeIgniter.php(464): CodeIgniter\CodeIgniter->tryToRouteIt(null)
 6 SYSTEMPATH\CodeIgniter.php(363): CodeIgniter\CodeIgniter->handleRequest(null, Object(Config\Cache), false)
 7 SYSTEMPATH\Boot.php(417): CodeIgniter\CodeIgniter->run()
 8 SYSTEMPATH\Boot.php(68): CodeIgniter\Boot::runCodeIgniter(Object(CodeIgniter\CodeIgniter))
 9 FCPATH\index.php(59): CodeIgniter\Boot::bootWeb(Object(Config\Paths))
10 SYSTEMPATH\rewrite.php(44): require_once('C:\\xampp\\htdocs\\SmartPlant_Care-main_CodeIgniter\\public\\index.php')
WARNING - 2026-05-28 11:34:11 --> [DEPRECATED] Passing lowercase HTTP method "get" is deprecated. Use uppercase HTTP method like "GET". in SYSTEMPATH\Router\RouteCollection.php on line 1026.
 1 SYSTEMPATH\Router\RouteCollection.php(1026): trigger_error('Passing lowercase HTTP method "get" is deprecated. Use uppercase HTTP method like "GET".', 16384)
 2 APPPATH\Config\Routes.php(12): CodeIgniter\Router\RouteCollection->match([...], 'controllers/(:segment).php', 'Legacy::controller/$1')
 3 SYSTEMPATH\Router\RouteCollection.php(339): require('C:\\xampp\\htdocs\\SmartPlant_Care-main_CodeIgniter\\app\\Config\\Routes.php')
 4 SYSTEMPATH\CodeIgniter.php(841): CodeIgniter\Router\RouteCollection->loadRoutes()
 5 SYSTEMPATH\CodeIgniter.php(464): CodeIgniter\CodeIgniter->tryToRouteIt(null)
 6 SYSTEMPATH\CodeIgniter.php(363): CodeIgniter\CodeIgniter->handleRequest(null, Object(Config\Cache), false)
 7 SYSTEMPATH\Boot.php(417): CodeIgniter\CodeIgniter->run()
 8 SYSTEMPATH\Boot.php(68): CodeIgniter\Boot::runCodeIgniter(Object(CodeIgniter\CodeIgniter))
 9 FCPATH\index.php(59): CodeIgniter\Boot::bootWeb(Object(Config\Paths))
10 SYSTEMPATH\rewrite.php(44): require_once('C:\\xampp\\htdocs\\SmartPlant_Care-main_CodeIgniter\\public\\index.php')
WARNING - 2026-05-28 11:34:11 --> [DEPRECATED] Passing lowercase HTTP method "post" is deprecated. Use uppercase HTTP method like "POST". in SYSTEMPATH\Router\RouteCollection.php on line 1026.
 1 SYSTEMPATH\Router\RouteCollection.php(1026): trigger_error('Passing lowercase HTTP method "post" is deprecated. Use uppercase HTTP method like "POST".', 16384)
 2 APPPATH\Config\Routes.php(12): CodeIgniter\Router\RouteCollection->match([...], 'controllers/(:segment).php', 'Legacy::controller/$1')
 3 SYSTEMPATH\Router\RouteCollection.php(339): require('C:\\xampp\\htdocs\\SmartPlant_Care-main_CodeIgniter\\app\\Config\\Routes.php')
 4 SYSTEMPATH\CodeIgniter.php(841): CodeIgniter\Router\RouteCollection->loadRoutes()
 5 SYSTEMPATH\CodeIgniter.php(464): CodeIgniter\CodeIgniter->tryToRouteIt(null)
 6 SYSTEMPATH\CodeIgniter.php(363): CodeIgniter\CodeIgniter->handleRequest(null, Object(Config\Cache), false)
 7 SYSTEMPATH\Boot.php(417): CodeIgniter\CodeIgniter->run()
 8 SYSTEMPATH\Boot.php(68): CodeIgniter\Boot::runCodeIgniter(Object(CodeIgniter\CodeIgniter))
 9 FCPATH\index.php(59): CodeIgniter\Boot::bootWeb(Object(Config\Paths))
10 SYSTEMPATH\rewrite.php(44): require_once('C:\\xampp\\htdocs\\SmartPlant_Care-main_CodeIgniter\\public\\index.php')
WARNING - 2026-05-28 11:34:11 --> [DEPRECATED] Passing lowercase HTTP method "get" is deprecated. Use uppercase HTTP method like "GET". in SYSTEMPATH\Router\RouteCollection.php on line 1026.
 1 SYSTEMPATH\Router\RouteCollection.php(1026): trigger_error('Passing lowercase HTTP method "get" is deprecated. Use uppercase HTTP method like "GET".', 16384)
 2 APPPATH\Config\Routes.php(13): CodeIgniter\Router\RouteCollection->match([...], 'SmartPlant_Care/views/(:alpha).php', 'Legacy::view/$1')
 3 SYSTEMPATH\Router\RouteCollection.php(339): require('C:\\xampp\\htdocs\\SmartPlant_Care-main_CodeIgniter\\app\\Config\\Routes.php')
 4 SYSTEMPATH\CodeIgniter.php(841): CodeIgniter\Router\RouteCollection->loadRoutes()
 5 SYSTEMPATH\CodeIgniter.php(464): CodeIgniter\CodeIgniter->tryToRouteIt(null)
 6 SYSTEMPATH\CodeIgniter.php(363): CodeIgniter\CodeIgniter->handleRequest(null, Object(Config\Cache), false)
 7 SYSTEMPATH\Boot.php(417): CodeIgniter\CodeIgniter->run()
 8 SYSTEMPATH\Boot.php(68): CodeIgniter\Boot::runCodeIgniter(Object(CodeIgniter\CodeIgniter))
 9 FCPATH\index.php(59): CodeIgniter\Boot::bootWeb(Object(Config\Paths))
10 SYSTEMPATH\rewrite.php(44): require_once('C:\\xampp\\htdocs\\SmartPlant_Care-main_CodeIgniter\\public\\index.php')
WARNING - 2026-05-28 11:34:11 --> [DEPRECATED] Passing lowercase HTTP method "post" is deprecated. Use uppercase HTTP method like "POST". in SYSTEMPATH\Router\RouteCollection.php on line 1026.
 1 SYSTEMPATH\Router\RouteCollection.php(1026): trigger_error('Passing lowercase HTTP method "post" is deprecated. Use uppercase HTTP method like "POST".', 16384)
 2 APPPATH\Config\Routes.php(13): CodeIgniter\Router\RouteCollection->match([...], 'SmartPlant_Care/views/(:alpha).php', 'Legacy::view/$1')
 3 SYSTEMPATH\Router\RouteCollection.php(339): require('C:\\xampp\\htdocs\\SmartPlant_Care-main_CodeIgniter\\app\\Config\\Routes.php')
 4 SYSTEMPATH\CodeIgniter.php(841): CodeIgniter\Router\RouteCollection->loadRoutes()
 5 SYSTEMPATH\CodeIgniter.php(464): CodeIgniter\CodeIgniter->tryToRouteIt(null)
 6 SYSTEMPATH\CodeIgniter.php(363): CodeIgniter\CodeIgniter->handleRequest(null, Object(Config\Cache), false)
 7 SYSTEMPATH\Boot.php(417): CodeIgniter\CodeIgniter->run()
 8 SYSTEMPATH\Boot.php(68): CodeIgniter\Boot::runCodeIgniter(Object(CodeIgniter\CodeIgniter))
 9 FCPATH\index.php(59): CodeIgniter\Boot::bootWeb(Object(Config\Paths))
10 SYSTEMPATH\rewrite.php(44): require_once('C:\\xampp\\htdocs\\SmartPlant_Care-main_CodeIgniter\\public\\index.php')
WARNING - 2026-05-28 11:34:11 --> [DEPRECATED] Passing lowercase HTTP method "get" is deprecated. Use uppercase HTTP method like "GET". in SYSTEMPATH\Router\RouteCollection.php on line 1026.
 1 SYSTEMPATH\Router\RouteCollection.php(1026): trigger_error('Passing lowercase HTTP method "get" is deprecated. Use uppercase HTTP method like "GET".', 16384)
 2 APPPATH\Config\Routes.php(14): CodeIgniter\Router\RouteCollection->match([...], 'SmartPlant_Care/controllers/(:segment).php', 'Legacy::controller/$1')
 3 SYSTEMPATH\Router\RouteCollection.php(339): require('C:\\xampp\\htdocs\\SmartPlant_Care-main_CodeIgniter\\app\\Config\\Routes.php')
 4 SYSTEMPATH\CodeIgniter.php(841): CodeIgniter\Router\RouteCollection->loadRoutes()
 5 SYSTEMPATH\CodeIgniter.php(464): CodeIgniter\CodeIgniter->tryToRouteIt(null)
 6 SYSTEMPATH\CodeIgniter.php(363): CodeIgniter\CodeIgniter->handleRequest(null, Object(Config\Cache), false)
 7 SYSTEMPATH\Boot.php(417): CodeIgniter\CodeIgniter->run()
 8 SYSTEMPATH\Boot.php(68): CodeIgniter\Boot::runCodeIgniter(Object(CodeIgniter\CodeIgniter))
 9 FCPATH\index.php(59): CodeIgniter\Boot::bootWeb(Object(Config\Paths))
10 SYSTEMPATH\rewrite.php(44): require_once('C:\\xampp\\htdocs\\SmartPlant_Care-main_CodeIgniter\\public\\index.php')
WARNING - 2026-05-28 11:34:11 --> [DEPRECATED] Passing lowercase HTTP method "post" is deprecated. Use uppercase HTTP method like "POST". in SYSTEMPATH\Router\RouteCollection.php on line 1026.
 1 SYSTEMPATH\Router\RouteCollection.php(1026): trigger_error('Passing lowercase HTTP method "post" is deprecated. Use uppercase HTTP method like "POST".', 16384)
 2 APPPATH\Config\Routes.php(14): CodeIgniter\Router\RouteCollection->match([...], 'SmartPlant_Care/controllers/(:segment).php', 'Legacy::controller/$1')
 3 SYSTEMPATH\Router\RouteCollection.php(339): require('C:\\xampp\\htdocs\\SmartPlant_Care-main_CodeIgniter\\app\\Config\\Routes.php')
 4 SYSTEMPATH\CodeIgniter.php(841): CodeIgniter\Router\RouteCollection->loadRoutes()
 5 SYSTEMPATH\CodeIgniter.php(464): CodeIgniter\CodeIgniter->tryToRouteIt(null)
 6 SYSTEMPATH\CodeIgniter.php(363): CodeIgniter\CodeIgniter->handleRequest(null, Object(Config\Cache), false)
 7 SYSTEMPATH\Boot.php(417): CodeIgniter\CodeIgniter->run()
 8 SYSTEMPATH\Boot.php(68): CodeIgniter\Boot::runCodeIgniter(Object(CodeIgniter\CodeIgniter))
 9 FCPATH\index.php(59): CodeIgniter\Boot::bootWeb(Object(Config\Paths))
10 SYSTEMPATH\rewrite.php(44): require_once('C:\\xampp\\htdocs\\SmartPlant_Care-main_CodeIgniter\\public\\index.php')
DEBUG - 2026-05-28 11:34:11 --> Session: Class initialized using 'CodeIgniter\Session\Handlers\FileHandler' driver.
WARNING - 2026-05-28 11:36:15 --> [DEPRECATED] Passing lowercase HTTP method "get" is deprecated. Use uppercase HTTP method like "GET". in SYSTEMPATH\Router\RouteCollection.php on line 1026.
 1 SYSTEMPATH\Router\RouteCollection.php(1026): trigger_error('Passing lowercase HTTP method "get" is deprecated. Use uppercase HTTP method like "GET".', 16384)
 2 APPPATH\Config\Routes.php(11): CodeIgniter\Router\RouteCollection->match([...], 'views/(:alpha).php', 'Legacy::view/$1')
 3 SYSTEMPATH\Router\RouteCollection.php(339): require('C:\\xampp\\htdocs\\SmartPlant_Care-main_CodeIgniter\\app\\Config\\Routes.php')
 4 SYSTEMPATH\CodeIgniter.php(841): CodeIgniter\Router\RouteCollection->loadRoutes()
 5 SYSTEMPATH\CodeIgniter.php(464): CodeIgniter\CodeIgniter->tryToRouteIt(null)
 6 SYSTEMPATH\CodeIgniter.php(363): CodeIgniter\CodeIgniter->handleRequest(null, Object(Config\Cache), false)
 7 SYSTEMPATH\Boot.php(417): CodeIgniter\CodeIgniter->run()
 8 SYSTEMPATH\Boot.php(68): CodeIgniter\Boot::runCodeIgniter(Object(CodeIgniter\CodeIgniter))
 9 FCPATH\index.php(59): CodeIgniter\Boot::bootWeb(Object(Config\Paths))
10 SYSTEMPATH\rewrite.php(44): require_once('C:\\xampp\\htdocs\\SmartPlant_Care-main_CodeIgniter\\public\\index.php')
WARNING - 2026-05-28 11:36:15 --> [DEPRECATED] Passing lowercase HTTP method "post" is deprecated. Use uppercase HTTP method like "POST". in SYSTEMPATH\Router\RouteCollection.php on line 1026.
 1 SYSTEMPATH\Router\RouteCollection.php(1026): trigger_error('Passing lowercase HTTP method "post" is deprecated. Use uppercase HTTP method like "POST".', 16384)
 2 APPPATH\Config\Routes.php(11): CodeIgniter\Router\RouteCollection->match([...], 'views/(:alpha).php', 'Legacy::view/$1')
 3 SYSTEMPATH\Router\RouteCollection.php(339): require('C:\\xampp\\htdocs\\SmartPlant_Care-main_CodeIgniter\\app\\Config\\Routes.php')
 4 SYSTEMPATH\CodeIgniter.php(841): CodeIgniter\Router\RouteCollection->loadRoutes()
 5 SYSTEMPATH\CodeIgniter.php(464): CodeIgniter\CodeIgniter->tryToRouteIt(null)
 6 SYSTEMPATH\CodeIgniter.php(363): CodeIgniter\CodeIgniter->handleRequest(null, Object(Config\Cache), false)
 7 SYSTEMPATH\Boot.php(417): CodeIgniter\CodeIgniter->run()
 8 SYSTEMPATH\Boot.php(68): CodeIgniter\Boot::runCodeIgniter(Object(CodeIgniter\CodeIgniter))
 9 FCPATH\index.php(59): CodeIgniter\Boot::bootWeb(Object(Config\Paths))
10 SYSTEMPATH\rewrite.php(44): require_once('C:\\xampp\\htdocs\\SmartPlant_Care-main_CodeIgniter\\public\\index.php')
WARNING - 2026-05-28 11:36:15 --> [DEPRECATED] Passing lowercase HTTP method "get" is deprecated. Use uppercase HTTP method like "GET". in SYSTEMPATH\Router\RouteCollection.php on line 1026.
 1 SYSTEMPATH\Router\RouteCollection.php(1026): trigger_error('Passing lowercase HTTP method "get" is deprecated. Use uppercase HTTP method like "GET".', 16384)
 2 APPPATH\Config\Routes.php(12): CodeIgniter\Router\RouteCollection->match([...], 'controllers/(:segment).php', 'Legacy::controller/$1')
 3 SYSTEMPATH\Router\RouteCollection.php(339): require('C:\\xampp\\htdocs\\SmartPlant_Care-main_CodeIgniter\\app\\Config\\Routes.php')
 4 SYSTEMPATH\CodeIgniter.php(841): CodeIgniter\Router\RouteCollection->loadRoutes()
 5 SYSTEMPATH\CodeIgniter.php(464): CodeIgniter\CodeIgniter->tryToRouteIt(null)
 6 SYSTEMPATH\CodeIgniter.php(363): CodeIgniter\CodeIgniter->handleRequest(null, Object(Config\Cache), false)
 7 SYSTEMPATH\Boot.php(417): CodeIgniter\CodeIgniter->run()
 8 SYSTEMPATH\Boot.php(68): CodeIgniter\Boot::runCodeIgniter(Object(CodeIgniter\CodeIgniter))
 9 FCPATH\index.php(59): CodeIgniter\Boot::bootWeb(Object(Config\Paths))
10 SYSTEMPATH\rewrite.php(44): require_once('C:\\xampp\\htdocs\\SmartPlant_Care-main_CodeIgniter\\public\\index.php')
WARNING - 2026-05-28 11:36:15 --> [DEPRECATED] Passing lowercase HTTP method "post" is deprecated. Use uppercase HTTP method like "POST". in SYSTEMPATH\Router\RouteCollection.php on line 1026.
 1 SYSTEMPATH\Router\RouteCollection.php(1026): trigger_error('Passing lowercase HTTP method "post" is deprecated. Use uppercase HTTP method like "POST".', 16384)
 2 APPPATH\Config\Routes.php(12): CodeIgniter\Router\RouteCollection->match([...], 'controllers/(:segment).php', 'Legacy::controller/$1')
 3 SYSTEMPATH\Router\RouteCollection.php(339): require('C:\\xampp\\htdocs\\SmartPlant_Care-main_CodeIgniter\\app\\Config\\Routes.php')
 4 SYSTEMPATH\CodeIgniter.php(841): CodeIgniter\Router\RouteCollection->loadRoutes()
 5 SYSTEMPATH\CodeIgniter.php(464): CodeIgniter\CodeIgniter->tryToRouteIt(null)
 6 SYSTEMPATH\CodeIgniter.php(363): CodeIgniter\CodeIgniter->handleRequest(null, Object(Config\Cache), false)
 7 SYSTEMPATH\Boot.php(417): CodeIgniter\CodeIgniter->run()
 8 SYSTEMPATH\Boot.php(68): CodeIgniter\Boot::runCodeIgniter(Object(CodeIgniter\CodeIgniter))
 9 FCPATH\index.php(59): CodeIgniter\Boot::bootWeb(Object(Config\Paths))
10 SYSTEMPATH\rewrite.php(44): require_once('C:\\xampp\\htdocs\\SmartPlant_Care-main_CodeIgniter\\public\\index.php')
WARNING - 2026-05-28 11:36:15 --> [DEPRECATED] Passing lowercase HTTP method "get" is deprecated. Use uppercase HTTP method like "GET". in SYSTEMPATH\Router\RouteCollection.php on line 1026.
 1 SYSTEMPATH\Router\RouteCollection.php(1026): trigger_error('Passing lowercase HTTP method "get" is deprecated. Use uppercase HTTP method like "GET".', 16384)
 2 APPPATH\Config\Routes.php(13): CodeIgniter\Router\RouteCollection->match([...], 'SmartPlant_Care/views/(:alpha).php', 'Legacy::view/$1')
 3 SYSTEMPATH\Router\RouteCollection.php(339): require('C:\\xampp\\htdocs\\SmartPlant_Care-main_CodeIgniter\\app\\Config\\Routes.php')
 4 SYSTEMPATH\CodeIgniter.php(841): CodeIgniter\Router\RouteCollection->loadRoutes()
 5 SYSTEMPATH\CodeIgniter.php(464): CodeIgniter\CodeIgniter->tryToRouteIt(null)
 6 SYSTEMPATH\CodeIgniter.php(363): CodeIgniter\CodeIgniter->handleRequest(null, Object(Config\Cache), false)
 7 SYSTEMPATH\Boot.php(417): CodeIgniter\CodeIgniter->run()
 8 SYSTEMPATH\Boot.php(68): CodeIgniter\Boot::runCodeIgniter(Object(CodeIgniter\CodeIgniter))
 9 FCPATH\index.php(59): CodeIgniter\Boot::bootWeb(Object(Config\Paths))
10 SYSTEMPATH\rewrite.php(44): require_once('C:\\xampp\\htdocs\\SmartPlant_Care-main_CodeIgniter\\public\\index.php')
WARNING - 2026-05-28 11:36:15 --> [DEPRECATED] Passing lowercase HTTP method "post" is deprecated. Use uppercase HTTP method like "POST". in SYSTEMPATH\Router\RouteCollection.php on line 1026.
 1 SYSTEMPATH\Router\RouteCollection.php(1026): trigger_error('Passing lowercase HTTP method "post" is deprecated. Use uppercase HTTP method like "POST".', 16384)
 2 APPPATH\Config\Routes.php(13): CodeIgniter\Router\RouteCollection->match([...], 'SmartPlant_Care/views/(:alpha).php', 'Legacy::view/$1')
 3 SYSTEMPATH\Router\RouteCollection.php(339): require('C:\\xampp\\htdocs\\SmartPlant_Care-main_CodeIgniter\\app\\Config\\Routes.php')
 4 SYSTEMPATH\CodeIgniter.php(841): CodeIgniter\Router\RouteCollection->loadRoutes()
 5 SYSTEMPATH\CodeIgniter.php(464): CodeIgniter\CodeIgniter->tryToRouteIt(null)
 6 SYSTEMPATH\CodeIgniter.php(363): CodeIgniter\CodeIgniter->handleRequest(null, Object(Config\Cache), false)
 7 SYSTEMPATH\Boot.php(417): CodeIgniter\CodeIgniter->run()
 8 SYSTEMPATH\Boot.php(68): CodeIgniter\Boot::runCodeIgniter(Object(CodeIgniter\CodeIgniter))
 9 FCPATH\index.php(59): CodeIgniter\Boot::bootWeb(Object(Config\Paths))
10 SYSTEMPATH\rewrite.php(44): require_once('C:\\xampp\\htdocs\\SmartPlant_Care-main_CodeIgniter\\public\\index.php')
WARNING - 2026-05-28 11:36:15 --> [DEPRECATED] Passing lowercase HTTP method "get" is deprecated. Use uppercase HTTP method like "GET". in SYSTEMPATH\Router\RouteCollection.php on line 1026.
 1 SYSTEMPATH\Router\RouteCollection.php(1026): trigger_error('Passing lowercase HTTP method "get" is deprecated. Use uppercase HTTP method like "GET".', 16384)
 2 APPPATH\Config\Routes.php(14): CodeIgniter\Router\RouteCollection->match([...], 'SmartPlant_Care/controllers/(:segment).php', 'Legacy::controller/$1')
 3 SYSTEMPATH\Router\RouteCollection.php(339): require('C:\\xampp\\htdocs\\SmartPlant_Care-main_CodeIgniter\\app\\Config\\Routes.php')
 4 SYSTEMPATH\CodeIgniter.php(841): CodeIgniter\Router\RouteCollection->loadRoutes()
 5 SYSTEMPATH\CodeIgniter.php(464): CodeIgniter\CodeIgniter->tryToRouteIt(null)
 6 SYSTEMPATH\CodeIgniter.php(363): CodeIgniter\CodeIgniter->handleRequest(null, Object(Config\Cache), false)
 7 SYSTEMPATH\Boot.php(417): CodeIgniter\CodeIgniter->run()
 8 SYSTEMPATH\Boot.php(68): CodeIgniter\Boot::runCodeIgniter(Object(CodeIgniter\CodeIgniter))
 9 FCPATH\index.php(59): CodeIgniter\Boot::bootWeb(Object(Config\Paths))
10 SYSTEMPATH\rewrite.php(44): require_once('C:\\xampp\\htdocs\\SmartPlant_Care-main_CodeIgniter\\public\\index.php')
WARNING - 2026-05-28 11:36:15 --> [DEPRECATED] Passing lowercase HTTP method "post" is deprecated. Use uppercase HTTP method like "POST". in SYSTEMPATH\Router\RouteCollection.php on line 1026.
 1 SYSTEMPATH\Router\RouteCollection.php(1026): trigger_error('Passing lowercase HTTP method "post" is deprecated. Use uppercase HTTP method like "POST".', 16384)
 2 APPPATH\Config\Routes.php(14): CodeIgniter\Router\RouteCollection->match([...], 'SmartPlant_Care/controllers/(:segment).php', 'Legacy::controller/$1')
 3 SYSTEMPATH\Router\RouteCollection.php(339): require('C:\\xampp\\htdocs\\SmartPlant_Care-main_CodeIgniter\\app\\Config\\Routes.php')
 4 SYSTEMPATH\CodeIgniter.php(841): CodeIgniter\Router\RouteCollection->loadRoutes()
 5 SYSTEMPATH\CodeIgniter.php(464): CodeIgniter\CodeIgniter->tryToRouteIt(null)
 6 SYSTEMPATH\CodeIgniter.php(363): CodeIgniter\CodeIgniter->handleRequest(null, Object(Config\Cache), false)
 7 SYSTEMPATH\Boot.php(417): CodeIgniter\CodeIgniter->run()
 8 SYSTEMPATH\Boot.php(68): CodeIgniter\Boot::runCodeIgniter(Object(CodeIgniter\CodeIgniter))
 9 FCPATH\index.php(59): CodeIgniter\Boot::bootWeb(Object(Config\Paths))
10 SYSTEMPATH\rewrite.php(44): require_once('C:\\xampp\\htdocs\\SmartPlant_Care-main_CodeIgniter\\public\\index.php')
CRITICAL - 2026-05-28 11:36:15 --> ArgumentCountError: Too few arguments to function CodeIgniter\Router\RouteCollection::get(), 1 passed in C:\xampp\htdocs\SmartPlant_Care-main_CodeIgniter\app\Config\Routes.php on line 15 and at least 2 expected
[Method: GET, Route: /]
in SYSTEMPATH\Router\RouteCollection.php on line 1050.
 1 APPPATH\Config\Routes.php(15): CodeIgniter\Router\RouteCollection->get('hola.php,Legacy::view/hola')
 2 SYSTEMPATH\Router\RouteCollection.php(339): require('C:\\xampp\\htdocs\\SmartPlant_Care-main_CodeIgniter\\app\\Config\\Routes.php')
 3 SYSTEMPATH\CodeIgniter.php(841): CodeIgniter\Router\RouteCollection->loadRoutes()
 4 SYSTEMPATH\CodeIgniter.php(464): CodeIgniter\CodeIgniter->tryToRouteIt(null)
 5 SYSTEMPATH\CodeIgniter.php(363): CodeIgniter\CodeIgniter->handleRequest(null, Object(Config\Cache), false)
 6 SYSTEMPATH\Boot.php(417): CodeIgniter\CodeIgniter->run()
 7 SYSTEMPATH\Boot.php(68): CodeIgniter\Boot::runCodeIgniter(Object(CodeIgniter\CodeIgniter))
 8 FCPATH\index.php(59): CodeIgniter\Boot::bootWeb(Object(Config\Paths))
 9 SYSTEMPATH\rewrite.php(44): require_once('C:\\xampp\\htdocs\\SmartPlant_Care-main_CodeIgniter\\public\\index.php')
WARNING - 2026-05-28 11:36:37 --> [DEPRECATED] Passing lowercase HTTP method "get" is deprecated. Use uppercase HTTP method like "GET". in SYSTEMPATH\Router\RouteCollection.php on line 1026.
 1 SYSTEMPATH\Router\RouteCollection.php(1026): trigger_error('Passing lowercase HTTP method "get" is deprecated. Use uppercase HTTP method like "GET".', 16384)
 2 APPPATH\Config\Routes.php(11): CodeIgniter\Router\RouteCollection->match([...], 'views/(:alpha).php', 'Legacy::view/$1')
 3 SYSTEMPATH\Router\RouteCollection.php(339): require('C:\\xampp\\htdocs\\SmartPlant_Care-main_CodeIgniter\\app\\Config\\Routes.php')
 4 SYSTEMPATH\CodeIgniter.php(841): CodeIgniter\Router\RouteCollection->loadRoutes()
 5 SYSTEMPATH\CodeIgniter.php(464): CodeIgniter\CodeIgniter->tryToRouteIt(null)
 6 SYSTEMPATH\CodeIgniter.php(363): CodeIgniter\CodeIgniter->handleRequest(null, Object(Config\Cache), false)
 7 SYSTEMPATH\Boot.php(417): CodeIgniter\CodeIgniter->run()
 8 SYSTEMPATH\Boot.php(68): CodeIgniter\Boot::runCodeIgniter(Object(CodeIgniter\CodeIgniter))
 9 FCPATH\index.php(59): CodeIgniter\Boot::bootWeb(Object(Config\Paths))
10 SYSTEMPATH\rewrite.php(44): require_once('C:\\xampp\\htdocs\\SmartPlant_Care-main_CodeIgniter\\public\\index.php')
WARNING - 2026-05-28 11:36:37 --> [DEPRECATED] Passing lowercase HTTP method "post" is deprecated. Use uppercase HTTP method like "POST". in SYSTEMPATH\Router\RouteCollection.php on line 1026.
 1 SYSTEMPATH\Router\RouteCollection.php(1026): trigger_error('Passing lowercase HTTP method "post" is deprecated. Use uppercase HTTP method like "POST".', 16384)
 2 APPPATH\Config\Routes.php(11): CodeIgniter\Router\RouteCollection->match([...], 'views/(:alpha).php', 'Legacy::view/$1')
 3 SYSTEMPATH\Router\RouteCollection.php(339): require('C:\\xampp\\htdocs\\SmartPlant_Care-main_CodeIgniter\\app\\Config\\Routes.php')
 4 SYSTEMPATH\CodeIgniter.php(841): CodeIgniter\Router\RouteCollection->loadRoutes()
 5 SYSTEMPATH\CodeIgniter.php(464): CodeIgniter\CodeIgniter->tryToRouteIt(null)
 6 SYSTEMPATH\CodeIgniter.php(363): CodeIgniter\CodeIgniter->handleRequest(null, Object(Config\Cache), false)
 7 SYSTEMPATH\Boot.php(417): CodeIgniter\CodeIgniter->run()
 8 SYSTEMPATH\Boot.php(68): CodeIgniter\Boot::runCodeIgniter(Object(CodeIgniter\CodeIgniter))
 9 FCPATH\index.php(59): CodeIgniter\Boot::bootWeb(Object(Config\Paths))
10 SYSTEMPATH\rewrite.php(44): require_once('C:\\xampp\\htdocs\\SmartPlant_Care-main_CodeIgniter\\public\\index.php')
WARNING - 2026-05-28 11:36:37 --> [DEPRECATED] Passing lowercase HTTP method "get" is deprecated. Use uppercase HTTP method like "GET". in SYSTEMPATH\Router\RouteCollection.php on line 1026.
 1 SYSTEMPATH\Router\RouteCollection.php(1026): trigger_error('Passing lowercase HTTP method "get" is deprecated. Use uppercase HTTP method like "GET".', 16384)
 2 APPPATH\Config\Routes.php(12): CodeIgniter\Router\RouteCollection->match([...], 'controllers/(:segment).php', 'Legacy::controller/$1')
 3 SYSTEMPATH\Router\RouteCollection.php(339): require('C:\\xampp\\htdocs\\SmartPlant_Care-main_CodeIgniter\\app\\Config\\Routes.php')
 4 SYSTEMPATH\CodeIgniter.php(841): CodeIgniter\Router\RouteCollection->loadRoutes()
 5 SYSTEMPATH\CodeIgniter.php(464): CodeIgniter\CodeIgniter->tryToRouteIt(null)
 6 SYSTEMPATH\CodeIgniter.php(363): CodeIgniter\CodeIgniter->handleRequest(null, Object(Config\Cache), false)
 7 SYSTEMPATH\Boot.php(417): CodeIgniter\CodeIgniter->run()
 8 SYSTEMPATH\Boot.php(68): CodeIgniter\Boot::runCodeIgniter(Object(CodeIgniter\CodeIgniter))
 9 FCPATH\index.php(59): CodeIgniter\Boot::bootWeb(Object(Config\Paths))
10 SYSTEMPATH\rewrite.php(44): require_once('C:\\xampp\\htdocs\\SmartPlant_Care-main_CodeIgniter\\public\\index.php')
WARNING - 2026-05-28 11:36:37 --> [DEPRECATED] Passing lowercase HTTP method "post" is deprecated. Use uppercase HTTP method like "POST". in SYSTEMPATH\Router\RouteCollection.php on line 1026.
 1 SYSTEMPATH\Router\RouteCollection.php(1026): trigger_error('Passing lowercase HTTP method "post" is deprecated. Use uppercase HTTP method like "POST".', 16384)
 2 APPPATH\Config\Routes.php(12): CodeIgniter\Router\RouteCollection->match([...], 'controllers/(:segment).php', 'Legacy::controller/$1')
 3 SYSTEMPATH\Router\RouteCollection.php(339): require('C:\\xampp\\htdocs\\SmartPlant_Care-main_CodeIgniter\\app\\Config\\Routes.php')
 4 SYSTEMPATH\CodeIgniter.php(841): CodeIgniter\Router\RouteCollection->loadRoutes()
 5 SYSTEMPATH\CodeIgniter.php(464): CodeIgniter\CodeIgniter->tryToRouteIt(null)
 6 SYSTEMPATH\CodeIgniter.php(363): CodeIgniter\CodeIgniter->handleRequest(null, Object(Config\Cache), false)
 7 SYSTEMPATH\Boot.php(417): CodeIgniter\CodeIgniter->run()
 8 SYSTEMPATH\Boot.php(68): CodeIgniter\Boot::runCodeIgniter(Object(CodeIgniter\CodeIgniter))
 9 FCPATH\index.php(59): CodeIgniter\Boot::bootWeb(Object(Config\Paths))
10 SYSTEMPATH\rewrite.php(44): require_once('C:\\xampp\\htdocs\\SmartPlant_Care-main_CodeIgniter\\public\\index.php')
WARNING - 2026-05-28 11:36:37 --> [DEPRECATED] Passing lowercase HTTP method "get" is deprecated. Use uppercase HTTP method like "GET". in SYSTEMPATH\Router\RouteCollection.php on line 1026.
 1 SYSTEMPATH\Router\RouteCollection.php(1026): trigger_error('Passing lowercase HTTP method "get" is deprecated. Use uppercase HTTP method like "GET".', 16384)
 2 APPPATH\Config\Routes.php(13): CodeIgniter\Router\RouteCollection->match([...], 'SmartPlant_Care/views/(:alpha).php', 'Legacy::view/$1')
 3 SYSTEMPATH\Router\RouteCollection.php(339): require('C:\\xampp\\htdocs\\SmartPlant_Care-main_CodeIgniter\\app\\Config\\Routes.php')
 4 SYSTEMPATH\CodeIgniter.php(841): CodeIgniter\Router\RouteCollection->loadRoutes()
 5 SYSTEMPATH\CodeIgniter.php(464): CodeIgniter\CodeIgniter->tryToRouteIt(null)
 6 SYSTEMPATH\CodeIgniter.php(363): CodeIgniter\CodeIgniter->handleRequest(null, Object(Config\Cache), false)
 7 SYSTEMPATH\Boot.php(417): CodeIgniter\CodeIgniter->run()
 8 SYSTEMPATH\Boot.php(68): CodeIgniter\Boot::runCodeIgniter(Object(CodeIgniter\CodeIgniter))
 9 FCPATH\index.php(59): CodeIgniter\Boot::bootWeb(Object(Config\Paths))
10 SYSTEMPATH\rewrite.php(44): require_once('C:\\xampp\\htdocs\\SmartPlant_Care-main_CodeIgniter\\public\\index.php')
WARNING - 2026-05-28 11:36:37 --> [DEPRECATED] Passing lowercase HTTP method "post" is deprecated. Use uppercase HTTP method like "POST". in SYSTEMPATH\Router\RouteCollection.php on line 1026.
 1 SYSTEMPATH\Router\RouteCollection.php(1026): trigger_error('Passing lowercase HTTP method "post" is deprecated. Use uppercase HTTP method like "POST".', 16384)
 2 APPPATH\Config\Routes.php(13): CodeIgniter\Router\RouteCollection->match([...], 'SmartPlant_Care/views/(:alpha).php', 'Legacy::view/$1')
 3 SYSTEMPATH\Router\RouteCollection.php(339): require('C:\\xampp\\htdocs\\SmartPlant_Care-main_CodeIgniter\\app\\Config\\Routes.php')
 4 SYSTEMPATH\CodeIgniter.php(841): CodeIgniter\Router\RouteCollection->loadRoutes()
 5 SYSTEMPATH\CodeIgniter.php(464): CodeIgniter\CodeIgniter->tryToRouteIt(null)
 6 SYSTEMPATH\CodeIgniter.php(363): CodeIgniter\CodeIgniter->handleRequest(null, Object(Config\Cache), false)
 7 SYSTEMPATH\Boot.php(417): CodeIgniter\CodeIgniter->run()
 8 SYSTEMPATH\Boot.php(68): CodeIgniter\Boot::runCodeIgniter(Object(CodeIgniter\CodeIgniter))
 9 FCPATH\index.php(59): CodeIgniter\Boot::bootWeb(Object(Config\Paths))
10 SYSTEMPATH\rewrite.php(44): require_once('C:\\xampp\\htdocs\\SmartPlant_Care-main_CodeIgniter\\public\\index.php')
WARNING - 2026-05-28 11:36:37 --> [DEPRECATED] Passing lowercase HTTP method "get" is deprecated. Use uppercase HTTP method like "GET". in SYSTEMPATH\Router\RouteCollection.php on line 1026.
 1 SYSTEMPATH\Router\RouteCollection.php(1026): trigger_error('Passing lowercase HTTP method "get" is deprecated. Use uppercase HTTP method like "GET".', 16384)
 2 APPPATH\Config\Routes.php(14): CodeIgniter\Router\RouteCollection->match([...], 'SmartPlant_Care/controllers/(:segment).php', 'Legacy::controller/$1')
 3 SYSTEMPATH\Router\RouteCollection.php(339): require('C:\\xampp\\htdocs\\SmartPlant_Care-main_CodeIgniter\\app\\Config\\Routes.php')
 4 SYSTEMPATH\CodeIgniter.php(841): CodeIgniter\Router\RouteCollection->loadRoutes()
 5 SYSTEMPATH\CodeIgniter.php(464): CodeIgniter\CodeIgniter->tryToRouteIt(null)
 6 SYSTEMPATH\CodeIgniter.php(363): CodeIgniter\CodeIgniter->handleRequest(null, Object(Config\Cache), false)
 7 SYSTEMPATH\Boot.php(417): CodeIgniter\CodeIgniter->run()
 8 SYSTEMPATH\Boot.php(68): CodeIgniter\Boot::runCodeIgniter(Object(CodeIgniter\CodeIgniter))
 9 FCPATH\index.php(59): CodeIgniter\Boot::bootWeb(Object(Config\Paths))
10 SYSTEMPATH\rewrite.php(44): require_once('C:\\xampp\\htdocs\\SmartPlant_Care-main_CodeIgniter\\public\\index.php')
WARNING - 2026-05-28 11:36:37 --> [DEPRECATED] Passing lowercase HTTP method "post" is deprecated. Use uppercase HTTP method like "POST". in SYSTEMPATH\Router\RouteCollection.php on line 1026.
 1 SYSTEMPATH\Router\RouteCollection.php(1026): trigger_error('Passing lowercase HTTP method "post" is deprecated. Use uppercase HTTP method like "POST".', 16384)
 2 APPPATH\Config\Routes.php(14): CodeIgniter\Router\RouteCollection->match([...], 'SmartPlant_Care/controllers/(:segment).php', 'Legacy::controller/$1')
 3 SYSTEMPATH\Router\RouteCollection.php(339): require('C:\\xampp\\htdocs\\SmartPlant_Care-main_CodeIgniter\\app\\Config\\Routes.php')
 4 SYSTEMPATH\CodeIgniter.php(841): CodeIgniter\Router\RouteCollection->loadRoutes()
 5 SYSTEMPATH\CodeIgniter.php(464): CodeIgniter\CodeIgniter->tryToRouteIt(null)
 6 SYSTEMPATH\CodeIgniter.php(363): CodeIgniter\CodeIgniter->handleRequest(null, Object(Config\Cache), false)
 7 SYSTEMPATH\Boot.php(417): CodeIgniter\CodeIgniter->run()
 8 SYSTEMPATH\Boot.php(68): CodeIgniter\Boot::runCodeIgniter(Object(CodeIgniter\CodeIgniter))
 9 FCPATH\index.php(59): CodeIgniter\Boot::bootWeb(Object(Config\Paths))
10 SYSTEMPATH\rewrite.php(44): require_once('C:\\xampp\\htdocs\\SmartPlant_Care-main_CodeIgniter\\public\\index.php')
DEBUG - 2026-05-28 11:36:37 --> Session: Class initialized using 'CodeIgniter\Session\Handlers\FileHandler' driver.
WARNING - 2026-05-28 11:36:38 --> [DEPRECATED] Passing lowercase HTTP method "get" is deprecated. Use uppercase HTTP method like "GET". in SYSTEMPATH\Router\RouteCollection.php on line 1026.
 1 SYSTEMPATH\Router\RouteCollection.php(1026): trigger_error('Passing lowercase HTTP method "get" is deprecated. Use uppercase HTTP method like "GET".', 16384)
 2 APPPATH\Config\Routes.php(11): CodeIgniter\Router\RouteCollection->match([...], 'views/(:alpha).php', 'Legacy::view/$1')
 3 SYSTEMPATH\Router\RouteCollection.php(339): require('C:\\xampp\\htdocs\\SmartPlant_Care-main_CodeIgniter\\app\\Config\\Routes.php')
 4 SYSTEMPATH\CodeIgniter.php(841): CodeIgniter\Router\RouteCollection->loadRoutes()
 5 SYSTEMPATH\CodeIgniter.php(464): CodeIgniter\CodeIgniter->tryToRouteIt(null)
 6 SYSTEMPATH\CodeIgniter.php(363): CodeIgniter\CodeIgniter->handleRequest(null, Object(Config\Cache), false)
 7 SYSTEMPATH\Boot.php(417): CodeIgniter\CodeIgniter->run()
 8 SYSTEMPATH\Boot.php(68): CodeIgniter\Boot::runCodeIgniter(Object(CodeIgniter\CodeIgniter))
 9 FCPATH\index.php(59): CodeIgniter\Boot::bootWeb(Object(Config\Paths))
10 SYSTEMPATH\rewrite.php(44): require_once('C:\\xampp\\htdocs\\SmartPlant_Care-main_CodeIgniter\\public\\index.php')
WARNING - 2026-05-28 11:36:38 --> [DEPRECATED] Passing lowercase HTTP method "post" is deprecated. Use uppercase HTTP method like "POST". in SYSTEMPATH\Router\RouteCollection.php on line 1026.
 1 SYSTEMPATH\Router\RouteCollection.php(1026): trigger_error('Passing lowercase HTTP method "post" is deprecated. Use uppercase HTTP method like "POST".', 16384)
 2 APPPATH\Config\Routes.php(11): CodeIgniter\Router\RouteCollection->match([...], 'views/(:alpha).php', 'Legacy::view/$1')
 3 SYSTEMPATH\Router\RouteCollection.php(339): require('C:\\xampp\\htdocs\\SmartPlant_Care-main_CodeIgniter\\app\\Config\\Routes.php')
 4 SYSTEMPATH\CodeIgniter.php(841): CodeIgniter\Router\RouteCollection->loadRoutes()
 5 SYSTEMPATH\CodeIgniter.php(464): CodeIgniter\CodeIgniter->tryToRouteIt(null)
 6 SYSTEMPATH\CodeIgniter.php(363): CodeIgniter\CodeIgniter->handleRequest(null, Object(Config\Cache), false)
 7 SYSTEMPATH\Boot.php(417): CodeIgniter\CodeIgniter->run()
 8 SYSTEMPATH\Boot.php(68): CodeIgniter\Boot::runCodeIgniter(Object(CodeIgniter\CodeIgniter))
 9 FCPATH\index.php(59): CodeIgniter\Boot::bootWeb(Object(Config\Paths))
10 SYSTEMPATH\rewrite.php(44): require_once('C:\\xampp\\htdocs\\SmartPlant_Care-main_CodeIgniter\\public\\index.php')
WARNING - 2026-05-28 11:36:38 --> [DEPRECATED] Passing lowercase HTTP method "get" is deprecated. Use uppercase HTTP method like "GET". in SYSTEMPATH\Router\RouteCollection.php on line 1026.
 1 SYSTEMPATH\Router\RouteCollection.php(1026): trigger_error('Passing lowercase HTTP method "get" is deprecated. Use uppercase HTTP method like "GET".', 16384)
 2 APPPATH\Config\Routes.php(12): CodeIgniter\Router\RouteCollection->match([...], 'controllers/(:segment).php', 'Legacy::controller/$1')
 3 SYSTEMPATH\Router\RouteCollection.php(339): require('C:\\xampp\\htdocs\\SmartPlant_Care-main_CodeIgniter\\app\\Config\\Routes.php')
 4 SYSTEMPATH\CodeIgniter.php(841): CodeIgniter\Router\RouteCollection->loadRoutes()
 5 SYSTEMPATH\CodeIgniter.php(464): CodeIgniter\CodeIgniter->tryToRouteIt(null)
 6 SYSTEMPATH\CodeIgniter.php(363): CodeIgniter\CodeIgniter->handleRequest(null, Object(Config\Cache), false)
 7 SYSTEMPATH\Boot.php(417): CodeIgniter\CodeIgniter->run()
 8 SYSTEMPATH\Boot.php(68): CodeIgniter\Boot::runCodeIgniter(Object(CodeIgniter\CodeIgniter))
 9 FCPATH\index.php(59): CodeIgniter\Boot::bootWeb(Object(Config\Paths))
10 SYSTEMPATH\rewrite.php(44): require_once('C:\\xampp\\htdocs\\SmartPlant_Care-main_CodeIgniter\\public\\index.php')
WARNING - 2026-05-28 11:36:38 --> [DEPRECATED] Passing lowercase HTTP method "post" is deprecated. Use uppercase HTTP method like "POST". in SYSTEMPATH\Router\RouteCollection.php on line 1026.
 1 SYSTEMPATH\Router\RouteCollection.php(1026): trigger_error('Passing lowercase HTTP method "post" is deprecated. Use uppercase HTTP method like "POST".', 16384)
 2 APPPATH\Config\Routes.php(12): CodeIgniter\Router\RouteCollection->match([...], 'controllers/(:segment).php', 'Legacy::controller/$1')
 3 SYSTEMPATH\Router\RouteCollection.php(339): require('C:\\xampp\\htdocs\\SmartPlant_Care-main_CodeIgniter\\app\\Config\\Routes.php')
 4 SYSTEMPATH\CodeIgniter.php(841): CodeIgniter\Router\RouteCollection->loadRoutes()
 5 SYSTEMPATH\CodeIgniter.php(464): CodeIgniter\CodeIgniter->tryToRouteIt(null)
 6 SYSTEMPATH\CodeIgniter.php(363): CodeIgniter\CodeIgniter->handleRequest(null, Object(Config\Cache), false)
 7 SYSTEMPATH\Boot.php(417): CodeIgniter\CodeIgniter->run()
 8 SYSTEMPATH\Boot.php(68): CodeIgniter\Boot::runCodeIgniter(Object(CodeIgniter\CodeIgniter))
 9 FCPATH\index.php(59): CodeIgniter\Boot::bootWeb(Object(Config\Paths))
10 SYSTEMPATH\rewrite.php(44): require_once('C:\\xampp\\htdocs\\SmartPlant_Care-main_CodeIgniter\\public\\index.php')
WARNING - 2026-05-28 11:36:38 --> [DEPRECATED] Passing lowercase HTTP method "get" is deprecated. Use uppercase HTTP method like "GET". in SYSTEMPATH\Router\RouteCollection.php on line 1026.
 1 SYSTEMPATH\Router\RouteCollection.php(1026): trigger_error('Passing lowercase HTTP method "get" is deprecated. Use uppercase HTTP method like "GET".', 16384)
 2 APPPATH\Config\Routes.php(13): CodeIgniter\Router\RouteCollection->match([...], 'SmartPlant_Care/views/(:alpha).php', 'Legacy::view/$1')
 3 SYSTEMPATH\Router\RouteCollection.php(339): require('C:\\xampp\\htdocs\\SmartPlant_Care-main_CodeIgniter\\app\\Config\\Routes.php')
 4 SYSTEMPATH\CodeIgniter.php(841): CodeIgniter\Router\RouteCollection->loadRoutes()
 5 SYSTEMPATH\CodeIgniter.php(464): CodeIgniter\CodeIgniter->tryToRouteIt(null)
 6 SYSTEMPATH\CodeIgniter.php(363): CodeIgniter\CodeIgniter->handleRequest(null, Object(Config\Cache), false)
 7 SYSTEMPATH\Boot.php(417): CodeIgniter\CodeIgniter->run()
 8 SYSTEMPATH\Boot.php(68): CodeIgniter\Boot::runCodeIgniter(Object(CodeIgniter\CodeIgniter))
 9 FCPATH\index.php(59): CodeIgniter\Boot::bootWeb(Object(Config\Paths))
10 SYSTEMPATH\rewrite.php(44): require_once('C:\\xampp\\htdocs\\SmartPlant_Care-main_CodeIgniter\\public\\index.php')
WARNING - 2026-05-28 11:36:38 --> [DEPRECATED] Passing lowercase HTTP method "post" is deprecated. Use uppercase HTTP method like "POST". in SYSTEMPATH\Router\RouteCollection.php on line 1026.
 1 SYSTEMPATH\Router\RouteCollection.php(1026): trigger_error('Passing lowercase HTTP method "post" is deprecated. Use uppercase HTTP method like "POST".', 16384)
 2 APPPATH\Config\Routes.php(13): CodeIgniter\Router\RouteCollection->match([...], 'SmartPlant_Care/views/(:alpha).php', 'Legacy::view/$1')
 3 SYSTEMPATH\Router\RouteCollection.php(339): require('C:\\xampp\\htdocs\\SmartPlant_Care-main_CodeIgniter\\app\\Config\\Routes.php')
 4 SYSTEMPATH\CodeIgniter.php(841): CodeIgniter\Router\RouteCollection->loadRoutes()
 5 SYSTEMPATH\CodeIgniter.php(464): CodeIgniter\CodeIgniter->tryToRouteIt(null)
 6 SYSTEMPATH\CodeIgniter.php(363): CodeIgniter\CodeIgniter->handleRequest(null, Object(Config\Cache), false)
 7 SYSTEMPATH\Boot.php(417): CodeIgniter\CodeIgniter->run()
 8 SYSTEMPATH\Boot.php(68): CodeIgniter\Boot::runCodeIgniter(Object(CodeIgniter\CodeIgniter))
 9 FCPATH\index.php(59): CodeIgniter\Boot::bootWeb(Object(Config\Paths))
10 SYSTEMPATH\rewrite.php(44): require_once('C:\\xampp\\htdocs\\SmartPlant_Care-main_CodeIgniter\\public\\index.php')
WARNING - 2026-05-28 11:36:38 --> [DEPRECATED] Passing lowercase HTTP method "get" is deprecated. Use uppercase HTTP method like "GET". in SYSTEMPATH\Router\RouteCollection.php on line 1026.
 1 SYSTEMPATH\Router\RouteCollection.php(1026): trigger_error('Passing lowercase HTTP method "get" is deprecated. Use uppercase HTTP method like "GET".', 16384)
 2 APPPATH\Config\Routes.php(14): CodeIgniter\Router\RouteCollection->match([...], 'SmartPlant_Care/controllers/(:segment).php', 'Legacy::controller/$1')
 3 SYSTEMPATH\Router\RouteCollection.php(339): require('C:\\xampp\\htdocs\\SmartPlant_Care-main_CodeIgniter\\app\\Config\\Routes.php')
 4 SYSTEMPATH\CodeIgniter.php(841): CodeIgniter\Router\RouteCollection->loadRoutes()
 5 SYSTEMPATH\CodeIgniter.php(464): CodeIgniter\CodeIgniter->tryToRouteIt(null)
 6 SYSTEMPATH\CodeIgniter.php(363): CodeIgniter\CodeIgniter->handleRequest(null, Object(Config\Cache), false)
 7 SYSTEMPATH\Boot.php(417): CodeIgniter\CodeIgniter->run()
 8 SYSTEMPATH\Boot.php(68): CodeIgniter\Boot::runCodeIgniter(Object(CodeIgniter\CodeIgniter))
 9 FCPATH\index.php(59): CodeIgniter\Boot::bootWeb(Object(Config\Paths))
10 SYSTEMPATH\rewrite.php(44): require_once('C:\\xampp\\htdocs\\SmartPlant_Care-main_CodeIgniter\\public\\index.php')
WARNING - 2026-05-28 11:36:38 --> [DEPRECATED] Passing lowercase HTTP method "post" is deprecated. Use uppercase HTTP method like "POST". in SYSTEMPATH\Router\RouteCollection.php on line 1026.
 1 SYSTEMPATH\Router\RouteCollection.php(1026): trigger_error('Passing lowercase HTTP method "post" is deprecated. Use uppercase HTTP method like "POST".', 16384)
 2 APPPATH\Config\Routes.php(14): CodeIgniter\Router\RouteCollection->match([...], 'SmartPlant_Care/controllers/(:segment).php', 'Legacy::controller/$1')
 3 SYSTEMPATH\Router\RouteCollection.php(339): require('C:\\xampp\\htdocs\\SmartPlant_Care-main_CodeIgniter\\app\\Config\\Routes.php')
 4 SYSTEMPATH\CodeIgniter.php(841): CodeIgniter\Router\RouteCollection->loadRoutes()
 5 SYSTEMPATH\CodeIgniter.php(464): CodeIgniter\CodeIgniter->tryToRouteIt(null)
 6 SYSTEMPATH\CodeIgniter.php(363): CodeIgniter\CodeIgniter->handleRequest(null, Object(Config\Cache), false)
 7 SYSTEMPATH\Boot.php(417): CodeIgniter\CodeIgniter->run()
 8 SYSTEMPATH\Boot.php(68): CodeIgniter\Boot::runCodeIgniter(Object(CodeIgniter\CodeIgniter))
 9 FCPATH\index.php(59): CodeIgniter\Boot::bootWeb(Object(Config\Paths))
10 SYSTEMPATH\rewrite.php(44): require_once('C:\\xampp\\htdocs\\SmartPlant_Care-main_CodeIgniter\\public\\index.php')
WARNING - 2026-05-28 11:36:40 --> [DEPRECATED] Passing lowercase HTTP method "get" is deprecated. Use uppercase HTTP method like "GET". in SYSTEMPATH\Router\RouteCollection.php on line 1026.
 1 SYSTEMPATH\Router\RouteCollection.php(1026): trigger_error('Passing lowercase HTTP method "get" is deprecated. Use uppercase HTTP method like "GET".', 16384)
 2 APPPATH\Config\Routes.php(11): CodeIgniter\Router\RouteCollection->match([...], 'views/(:alpha).php', 'Legacy::view/$1')
 3 SYSTEMPATH\Router\RouteCollection.php(339): require('C:\\xampp\\htdocs\\SmartPlant_Care-main_CodeIgniter\\app\\Config\\Routes.php')
 4 SYSTEMPATH\CodeIgniter.php(841): CodeIgniter\Router\RouteCollection->loadRoutes()
 5 SYSTEMPATH\CodeIgniter.php(464): CodeIgniter\CodeIgniter->tryToRouteIt(null)
 6 SYSTEMPATH\CodeIgniter.php(363): CodeIgniter\CodeIgniter->handleRequest(null, Object(Config\Cache), false)
 7 SYSTEMPATH\Boot.php(417): CodeIgniter\CodeIgniter->run()
 8 SYSTEMPATH\Boot.php(68): CodeIgniter\Boot::runCodeIgniter(Object(CodeIgniter\CodeIgniter))
 9 FCPATH\index.php(59): CodeIgniter\Boot::bootWeb(Object(Config\Paths))
10 SYSTEMPATH\rewrite.php(44): require_once('C:\\xampp\\htdocs\\SmartPlant_Care-main_CodeIgniter\\public\\index.php')
WARNING - 2026-05-28 11:36:40 --> [DEPRECATED] Passing lowercase HTTP method "post" is deprecated. Use uppercase HTTP method like "POST". in SYSTEMPATH\Router\RouteCollection.php on line 1026.
 1 SYSTEMPATH\Router\RouteCollection.php(1026): trigger_error('Passing lowercase HTTP method "post" is deprecated. Use uppercase HTTP method like "POST".', 16384)
 2 APPPATH\Config\Routes.php(11): CodeIgniter\Router\RouteCollection->match([...], 'views/(:alpha).php', 'Legacy::view/$1')
 3 SYSTEMPATH\Router\RouteCollection.php(339): require('C:\\xampp\\htdocs\\SmartPlant_Care-main_CodeIgniter\\app\\Config\\Routes.php')
 4 SYSTEMPATH\CodeIgniter.php(841): CodeIgniter\Router\RouteCollection->loadRoutes()
 5 SYSTEMPATH\CodeIgniter.php(464): CodeIgniter\CodeIgniter->tryToRouteIt(null)
 6 SYSTEMPATH\CodeIgniter.php(363): CodeIgniter\CodeIgniter->handleRequest(null, Object(Config\Cache), false)
 7 SYSTEMPATH\Boot.php(417): CodeIgniter\CodeIgniter->run()
 8 SYSTEMPATH\Boot.php(68): CodeIgniter\Boot::runCodeIgniter(Object(CodeIgniter\CodeIgniter))
 9 FCPATH\index.php(59): CodeIgniter\Boot::bootWeb(Object(Config\Paths))
10 SYSTEMPATH\rewrite.php(44): require_once('C:\\xampp\\htdocs\\SmartPlant_Care-main_CodeIgniter\\public\\index.php')
WARNING - 2026-05-28 11:36:40 --> [DEPRECATED] Passing lowercase HTTP method "get" is deprecated. Use uppercase HTTP method like "GET". in SYSTEMPATH\Router\RouteCollection.php on line 1026.
 1 SYSTEMPATH\Router\RouteCollection.php(1026): trigger_error('Passing lowercase HTTP method "get" is deprecated. Use uppercase HTTP method like "GET".', 16384)
 2 APPPATH\Config\Routes.php(12): CodeIgniter\Router\RouteCollection->match([...], 'controllers/(:segment).php', 'Legacy::controller/$1')
 3 SYSTEMPATH\Router\RouteCollection.php(339): require('C:\\xampp\\htdocs\\SmartPlant_Care-main_CodeIgniter\\app\\Config\\Routes.php')
 4 SYSTEMPATH\CodeIgniter.php(841): CodeIgniter\Router\RouteCollection->loadRoutes()
 5 SYSTEMPATH\CodeIgniter.php(464): CodeIgniter\CodeIgniter->tryToRouteIt(null)
 6 SYSTEMPATH\CodeIgniter.php(363): CodeIgniter\CodeIgniter->handleRequest(null, Object(Config\Cache), false)
 7 SYSTEMPATH\Boot.php(417): CodeIgniter\CodeIgniter->run()
 8 SYSTEMPATH\Boot.php(68): CodeIgniter\Boot::runCodeIgniter(Object(CodeIgniter\CodeIgniter))
 9 FCPATH\index.php(59): CodeIgniter\Boot::bootWeb(Object(Config\Paths))
10 SYSTEMPATH\rewrite.php(44): require_once('C:\\xampp\\htdocs\\SmartPlant_Care-main_CodeIgniter\\public\\index.php')
WARNING - 2026-05-28 11:36:40 --> [DEPRECATED] Passing lowercase HTTP method "post" is deprecated. Use uppercase HTTP method like "POST". in SYSTEMPATH\Router\RouteCollection.php on line 1026.
 1 SYSTEMPATH\Router\RouteCollection.php(1026): trigger_error('Passing lowercase HTTP method "post" is deprecated. Use uppercase HTTP method like "POST".', 16384)
 2 APPPATH\Config\Routes.php(12): CodeIgniter\Router\RouteCollection->match([...], 'controllers/(:segment).php', 'Legacy::controller/$1')
 3 SYSTEMPATH\Router\RouteCollection.php(339): require('C:\\xampp\\htdocs\\SmartPlant_Care-main_CodeIgniter\\app\\Config\\Routes.php')
 4 SYSTEMPATH\CodeIgniter.php(841): CodeIgniter\Router\RouteCollection->loadRoutes()
 5 SYSTEMPATH\CodeIgniter.php(464): CodeIgniter\CodeIgniter->tryToRouteIt(null)
 6 SYSTEMPATH\CodeIgniter.php(363): CodeIgniter\CodeIgniter->handleRequest(null, Object(Config\Cache), false)
 7 SYSTEMPATH\Boot.php(417): CodeIgniter\CodeIgniter->run()
 8 SYSTEMPATH\Boot.php(68): CodeIgniter\Boot::runCodeIgniter(Object(CodeIgniter\CodeIgniter))
 9 FCPATH\index.php(59): CodeIgniter\Boot::bootWeb(Object(Config\Paths))
10 SYSTEMPATH\rewrite.php(44): require_once('C:\\xampp\\htdocs\\SmartPlant_Care-main_CodeIgniter\\public\\index.php')
WARNING - 2026-05-28 11:36:40 --> [DEPRECATED] Passing lowercase HTTP method "get" is deprecated. Use uppercase HTTP method like "GET". in SYSTEMPATH\Router\RouteCollection.php on line 1026.
 1 SYSTEMPATH\Router\RouteCollection.php(1026): trigger_error('Passing lowercase HTTP method "get" is deprecated. Use uppercase HTTP method like "GET".', 16384)
 2 APPPATH\Config\Routes.php(13): CodeIgniter\Router\RouteCollection->match([...], 'SmartPlant_Care/views/(:alpha).php', 'Legacy::view/$1')
 3 SYSTEMPATH\Router\RouteCollection.php(339): require('C:\\xampp\\htdocs\\SmartPlant_Care-main_CodeIgniter\\app\\Config\\Routes.php')
 4 SYSTEMPATH\CodeIgniter.php(841): CodeIgniter\Router\RouteCollection->loadRoutes()
 5 SYSTEMPATH\CodeIgniter.php(464): CodeIgniter\CodeIgniter->tryToRouteIt(null)
 6 SYSTEMPATH\CodeIgniter.php(363): CodeIgniter\CodeIgniter->handleRequest(null, Object(Config\Cache), false)
 7 SYSTEMPATH\Boot.php(417): CodeIgniter\CodeIgniter->run()
 8 SYSTEMPATH\Boot.php(68): CodeIgniter\Boot::runCodeIgniter(Object(CodeIgniter\CodeIgniter))
 9 FCPATH\index.php(59): CodeIgniter\Boot::bootWeb(Object(Config\Paths))
10 SYSTEMPATH\rewrite.php(44): require_once('C:\\xampp\\htdocs\\SmartPlant_Care-main_CodeIgniter\\public\\index.php')
WARNING - 2026-05-28 11:36:40 --> [DEPRECATED] Passing lowercase HTTP method "post" is deprecated. Use uppercase HTTP method like "POST". in SYSTEMPATH\Router\RouteCollection.php on line 1026.
 1 SYSTEMPATH\Router\RouteCollection.php(1026): trigger_error('Passing lowercase HTTP method "post" is deprecated. Use uppercase HTTP method like "POST".', 16384)
 2 APPPATH\Config\Routes.php(13): CodeIgniter\Router\RouteCollection->match([...], 'SmartPlant_Care/views/(:alpha).php', 'Legacy::view/$1')
 3 SYSTEMPATH\Router\RouteCollection.php(339): require('C:\\xampp\\htdocs\\SmartPlant_Care-main_CodeIgniter\\app\\Config\\Routes.php')
 4 SYSTEMPATH\CodeIgniter.php(841): CodeIgniter\Router\RouteCollection->loadRoutes()
 5 SYSTEMPATH\CodeIgniter.php(464): CodeIgniter\CodeIgniter->tryToRouteIt(null)
 6 SYSTEMPATH\CodeIgniter.php(363): CodeIgniter\CodeIgniter->handleRequest(null, Object(Config\Cache), false)
 7 SYSTEMPATH\Boot.php(417): CodeIgniter\CodeIgniter->run()
 8 SYSTEMPATH\Boot.php(68): CodeIgniter\Boot::runCodeIgniter(Object(CodeIgniter\CodeIgniter))
 9 FCPATH\index.php(59): CodeIgniter\Boot::bootWeb(Object(Config\Paths))
10 SYSTEMPATH\rewrite.php(44): require_once('C:\\xampp\\htdocs\\SmartPlant_Care-main_CodeIgniter\\public\\index.php')
WARNING - 2026-05-28 11:36:40 --> [DEPRECATED] Passing lowercase HTTP method "get" is deprecated. Use uppercase HTTP method like "GET". in SYSTEMPATH\Router\RouteCollection.php on line 1026.
 1 SYSTEMPATH\Router\RouteCollection.php(1026): trigger_error('Passing lowercase HTTP method "get" is deprecated. Use uppercase HTTP method like "GET".', 16384)
 2 APPPATH\Config\Routes.php(14): CodeIgniter\Router\RouteCollection->match([...], 'SmartPlant_Care/controllers/(:segment).php', 'Legacy::controller/$1')
 3 SYSTEMPATH\Router\RouteCollection.php(339): require('C:\\xampp\\htdocs\\SmartPlant_Care-main_CodeIgniter\\app\\Config\\Routes.php')
 4 SYSTEMPATH\CodeIgniter.php(841): CodeIgniter\Router\RouteCollection->loadRoutes()
 5 SYSTEMPATH\CodeIgniter.php(464): CodeIgniter\CodeIgniter->tryToRouteIt(null)
 6 SYSTEMPATH\CodeIgniter.php(363): CodeIgniter\CodeIgniter->handleRequest(null, Object(Config\Cache), false)
 7 SYSTEMPATH\Boot.php(417): CodeIgniter\CodeIgniter->run()
 8 SYSTEMPATH\Boot.php(68): CodeIgniter\Boot::runCodeIgniter(Object(CodeIgniter\CodeIgniter))
 9 FCPATH\index.php(59): CodeIgniter\Boot::bootWeb(Object(Config\Paths))
10 SYSTEMPATH\rewrite.php(44): require_once('C:\\xampp\\htdocs\\SmartPlant_Care-main_CodeIgniter\\public\\index.php')
WARNING - 2026-05-28 11:36:40 --> [DEPRECATED] Passing lowercase HTTP method "post" is deprecated. Use uppercase HTTP method like "POST". in SYSTEMPATH\Router\RouteCollection.php on line 1026.
 1 SYSTEMPATH\Router\RouteCollection.php(1026): trigger_error('Passing lowercase HTTP method "post" is deprecated. Use uppercase HTTP method like "POST".', 16384)
 2 APPPATH\Config\Routes.php(14): CodeIgniter\Router\RouteCollection->match([...], 'SmartPlant_Care/controllers/(:segment).php', 'Legacy::controller/$1')
 3 SYSTEMPATH\Router\RouteCollection.php(339): require('C:\\xampp\\htdocs\\SmartPlant_Care-main_CodeIgniter\\app\\Config\\Routes.php')
 4 SYSTEMPATH\CodeIgniter.php(841): CodeIgniter\Router\RouteCollection->loadRoutes()
 5 SYSTEMPATH\CodeIgniter.php(464): CodeIgniter\CodeIgniter->tryToRouteIt(null)
 6 SYSTEMPATH\CodeIgniter.php(363): CodeIgniter\CodeIgniter->handleRequest(null, Object(Config\Cache), false)
 7 SYSTEMPATH\Boot.php(417): CodeIgniter\CodeIgniter->run()
 8 SYSTEMPATH\Boot.php(68): CodeIgniter\Boot::runCodeIgniter(Object(CodeIgniter\CodeIgniter))
 9 FCPATH\index.php(59): CodeIgniter\Boot::bootWeb(Object(Config\Paths))
10 SYSTEMPATH\rewrite.php(44): require_once('C:\\xampp\\htdocs\\SmartPlant_Care-main_CodeIgniter\\public\\index.php')
DEBUG - 2026-05-28 11:36:40 --> Session: Class initialized using 'CodeIgniter\Session\Handlers\FileHandler' driver.
DEBUG - 2026-05-28 12:42:11 --> Session: Class initialized using 'CodeIgniter\Session\Handlers\FileHandler' driver.
DEBUG - 2026-05-28 12:42:13 --> Session: Class initialized using 'CodeIgniter\Session\Handlers\FileHandler' driver.
DEBUG - 2026-05-28 12:42:13 --> Session: Class initialized using 'CodeIgniter\Session\Handlers\FileHandler' driver.
DEBUG - 2026-05-28 12:42:34 --> Session: Class initialized using 'CodeIgniter\Session\Handlers\FileHandler' driver.
DEBUG - 2026-05-28 12:44:11 --> Session: Class initialized using 'CodeIgniter\Session\Handlers\FileHandler' driver.
DEBUG - 2026-05-28 12:44:12 --> Session: Class initialized using 'CodeIgniter\Session\Handlers\FileHandler' driver.
DEBUG - 2026-05-28 12:45:19 --> Session: Class initialized using 'CodeIgniter\Session\Handlers\FileHandler' driver.
DEBUG - 2026-05-28 12:45:23 --> Session: Class initialized using 'CodeIgniter\Session\Handlers\FileHandler' driver.
DEBUG - 2026-05-28 12:45:25 --> Session: Class initialized using 'CodeIgniter\Session\Handlers\FileHandler' driver.
DEBUG - 2026-05-28 12:45:30 --> Session: Class initialized using 'CodeIgniter\Session\Handlers\FileHandler' driver.
DEBUG - 2026-05-28 12:45:46 --> Session: Class initialized using 'CodeIgniter\Session\Handlers\FileHandler' driver.
DEBUG - 2026-05-28 12:46:00 --> Session: Class initialized using 'CodeIgniter\Session\Handlers\FileHandler' driver.
CRITICAL - 2026-05-28 12:46:00 --> mysqli_sql_exception: Unknown database 'smartplant_care'
[Method: POST, Route: views/Register.php]
in APPPATH\SmartPlant_Care\config\database.php on line 12.
 1 APPPATH\SmartPlant_Care\config\database.php(12): mysqli->__construct('localhost', 'root', Object(SensitiveParameterValue), 'smartplant_care', 3306)
 2 APPPATH\SmartPlant_Care\views\Register.php(54): Database::connect()
 3 APPPATH\Controllers\SmartPlant.php(82): include('C:\\xampp\\htdocs\\SmartPlant_Care-main_CodeIgniter\\app\\SmartPlant_Care\\views\\Register.php')
 4 APPPATH\Controllers\SmartPlant.php(33): App\Controllers\SmartPlant->openFile('views/Register.php')
 5 SYSTEMPATH\CodeIgniter.php(974): App\Controllers\SmartPlant->register()
 6 SYSTEMPATH\CodeIgniter.php(520): CodeIgniter\CodeIgniter->runController(Object(App\Controllers\SmartPlant))
 7 SYSTEMPATH\CodeIgniter.php(363): CodeIgniter\CodeIgniter->handleRequest(null, Object(Config\Cache), false)
 8 SYSTEMPATH\Boot.php(417): CodeIgniter\CodeIgniter->run()
 9 SYSTEMPATH\Boot.php(68): CodeIgniter\Boot::runCodeIgniter(Object(CodeIgniter\CodeIgniter))
10 FCPATH\index.php(59): CodeIgniter\Boot::bootWeb(Object(Config\Paths))
11 SYSTEMPATH\rewrite.php(44): require_once('C:\\xampp\\htdocs\\SmartPlant_Care-main_CodeIgniter\\public\\index.php')
DEBUG - 2026-05-28 12:46:05 --> Session: Class initialized using 'CodeIgniter\Session\Handlers\FileHandler' driver.
CRITICAL - 2026-05-28 15:50:27 --> ErrorException: ini_set(): Session ini settings cannot be changed when a session is active
[Method: GET, Route: store]
in SYSTEMPATH\Session\Handlers\FileHandler.php on line 73.
 1 [internal function]: CodeIgniter\Debug\Exceptions->errorHandler(2, 'ini_set(): Session ini settings cannot be changed when a session is active', 'C:\\xampp\\htdocs\\SmartPlant_Care-main_CodeIgniter\\system\\Session\\Handlers\\FileHandler.php', 73)
 2 SYSTEMPATH\Session\Handlers\FileHandler.php(73): ini_set('session.save_path', 'C:\\xampp\\htdocs\\SmartPlant_Care-main_CodeIgniter\\writable\\session')
 3 SYSTEMPATH\Config\Services.php(701): CodeIgniter\Session\Handlers\FileHandler->__construct(Object(Config\Session), '127.0.0.1')
 4 SYSTEMPATH\Config\BaseService.php(325): CodeIgniter\Config\Services::session(Object(Config\Session), false)
 5 SYSTEMPATH\Config\BaseService.php(264): CodeIgniter\Config\BaseService::__callStatic('session', [...])
 6 SYSTEMPATH\Config\Services.php(668): CodeIgniter\Config\BaseService::getSharedInstance('session', null)
 7 SYSTEMPATH\Config\BaseService.php(334): CodeIgniter\Config\Services::session()
 8 SYSTEMPATH\Config\BaseService.php(203): CodeIgniter\Config\BaseService::__callStatic('session', [])
 9 SYSTEMPATH\Common.php(1082): CodeIgniter\Config\BaseService::get('session')
10 SYSTEMPATH\Common.php(1055): service('session')
11 SYSTEMPATH\CodeIgniter.php(1105): session()
12 SYSTEMPATH\CodeIgniter.php(560): CodeIgniter\CodeIgniter->storePreviousURL(Object(CodeIgniter\HTTP\SiteURI))
13 SYSTEMPATH\CodeIgniter.php(363): CodeIgniter\CodeIgniter->handleRequest(null, Object(Config\Cache), false)
14 SYSTEMPATH\Boot.php(417): CodeIgniter\CodeIgniter->run()
15 SYSTEMPATH\Boot.php(68): CodeIgniter\Boot::runCodeIgniter(Object(CodeIgniter\CodeIgniter))
16 FCPATH\index.php(59): CodeIgniter\Boot::bootWeb(Object(Config\Paths))
17 SYSTEMPATH\rewrite.php(44): require_once('C:\\xampp\\htdocs\\SmartPlant_Care-main_CodeIgniter\\public\\index.php')
CRITICAL - 2026-05-28 15:50:28 --> ErrorException: ini_set(): Session ini settings cannot be changed when a session is active
[Method: GET, Route: /]
in SYSTEMPATH\Session\Handlers\FileHandler.php on line 73.
 1 [internal function]: CodeIgniter\Debug\Exceptions->errorHandler(2, 'ini_set(): Session ini settings cannot be changed when a session is active', 'C:\\xampp\\htdocs\\SmartPlant_Care-main_CodeIgniter\\system\\Session\\Handlers\\FileHandler.php', 73)
 2 SYSTEMPATH\Session\Handlers\FileHandler.php(73): ini_set('session.save_path', 'C:\\xampp\\htdocs\\SmartPlant_Care-main_CodeIgniter\\writable\\session')
 3 SYSTEMPATH\Config\Services.php(701): CodeIgniter\Session\Handlers\FileHandler->__construct(Object(Config\Session), '127.0.0.1')
 4 SYSTEMPATH\Config\BaseService.php(325): CodeIgniter\Config\Services::session(Object(Config\Session), false)
 5 SYSTEMPATH\Config\BaseService.php(264): CodeIgniter\Config\BaseService::__callStatic('session', [...])
 6 SYSTEMPATH\Config\Services.php(668): CodeIgniter\Config\BaseService::getSharedInstance('session', null)
 7 SYSTEMPATH\Config\BaseService.php(334): CodeIgniter\Config\Services::session()
 8 SYSTEMPATH\Config\BaseService.php(203): CodeIgniter\Config\BaseService::__callStatic('session', [])
 9 SYSTEMPATH\Common.php(1082): CodeIgniter\Config\BaseService::get('session')
10 SYSTEMPATH\Common.php(1055): service('session')
11 SYSTEMPATH\CodeIgniter.php(1105): session()
12 SYSTEMPATH\CodeIgniter.php(560): CodeIgniter\CodeIgniter->storePreviousURL(Object(CodeIgniter\HTTP\SiteURI))
13 SYSTEMPATH\CodeIgniter.php(363): CodeIgniter\CodeIgniter->handleRequest(null, Object(Config\Cache), false)
14 SYSTEMPATH\Boot.php(417): CodeIgniter\CodeIgniter->run()
15 SYSTEMPATH\Boot.php(68): CodeIgniter\Boot::runCodeIgniter(Object(CodeIgniter\CodeIgniter))
16 FCPATH\index.php(59): CodeIgniter\Boot::bootWeb(Object(Config\Paths))
17 SYSTEMPATH\rewrite.php(44): require_once('C:\\xampp\\htdocs\\SmartPlant_Care-main_CodeIgniter\\public\\index.php')
CRITICAL - 2026-05-28 15:53:33 --> ErrorException: ini_set(): Session ini settings cannot be changed when a session is active
[Method: GET, Route: /]
in SYSTEMPATH\Session\Handlers\FileHandler.php on line 73.
 1 [internal function]: CodeIgniter\Debug\Exceptions->errorHandler(2, 'ini_set(): Session ini settings cannot be changed when a session is active', 'C:\\xampp\\htdocs\\SmartPlant_Care-main_CodeIgniter\\system\\Session\\Handlers\\FileHandler.php', 73)
 2 SYSTEMPATH\Session\Handlers\FileHandler.php(73): ini_set('session.save_path', 'C:\\xampp\\htdocs\\SmartPlant_Care-main_CodeIgniter\\writable\\session')
 3 SYSTEMPATH\Config\Services.php(701): CodeIgniter\Session\Handlers\FileHandler->__construct(Object(Config\Session), '127.0.0.1')
 4 SYSTEMPATH\Config\BaseService.php(325): CodeIgniter\Config\Services::session(Object(Config\Session), false)
 5 SYSTEMPATH\Config\BaseService.php(264): CodeIgniter\Config\BaseService::__callStatic('session', [...])
 6 SYSTEMPATH\Config\Services.php(668): CodeIgniter\Config\BaseService::getSharedInstance('session', null)
 7 SYSTEMPATH\Config\BaseService.php(334): CodeIgniter\Config\Services::session()
 8 SYSTEMPATH\Config\BaseService.php(203): CodeIgniter\Config\BaseService::__callStatic('session', [])
 9 SYSTEMPATH\Common.php(1082): CodeIgniter\Config\BaseService::get('session')
10 SYSTEMPATH\Common.php(1055): service('session')
11 SYSTEMPATH\CodeIgniter.php(1105): session()
12 SYSTEMPATH\CodeIgniter.php(560): CodeIgniter\CodeIgniter->storePreviousURL(Object(CodeIgniter\HTTP\SiteURI))
13 SYSTEMPATH\CodeIgniter.php(363): CodeIgniter\CodeIgniter->handleRequest(null, Object(Config\Cache), false)
14 SYSTEMPATH\Boot.php(417): CodeIgniter\CodeIgniter->run()
15 SYSTEMPATH\Boot.php(68): CodeIgniter\Boot::runCodeIgniter(Object(CodeIgniter\CodeIgniter))
16 FCPATH\index.php(59): CodeIgniter\Boot::bootWeb(Object(Config\Paths))
17 SYSTEMPATH\rewrite.php(44): require_once('C:\\xampp\\htdocs\\SmartPlant_Care-main_CodeIgniter\\public\\index.php')
DEBUG - 2026-05-28 15:55:34 --> Session: Class initialized using 'CodeIgniter\Session\Handlers\FileHandler' driver.
DEBUG - 2026-05-28 15:55:35 --> Session: Class initialized using 'CodeIgniter\Session\Handlers\FileHandler' driver.
DEBUG - 2026-05-28 15:55:35 --> Session: Class initialized using 'CodeIgniter\Session\Handlers\FileHandler' driver.
DEBUG - 2026-05-28 15:55:36 --> Session: Class initialized using 'CodeIgniter\Session\Handlers\FileHandler' driver.
DEBUG - 2026-05-28 15:56:35 --> Session: Class initialized using 'CodeIgniter\Session\Handlers\FileHandler' driver.
DEBUG - 2026-05-28 15:56:36 --> Session: Class initialized using 'CodeIgniter\Session\Handlers\FileHandler' driver.
DEBUG - 2026-05-28 16:00:21 --> Session: Class initialized using 'CodeIgniter\Session\Handlers\FileHandler' driver.
DEBUG - 2026-05-28 16:00:29 --> Session: Class initialized using 'CodeIgniter\Session\Handlers\FileHandler' driver.
DEBUG - 2026-05-28 16:00:32 --> Session: Class initialized using 'CodeIgniter\Session\Handlers\FileHandler' driver.
DEBUG - 2026-05-28 16:00:34 --> Session: Class initialized using 'CodeIgniter\Session\Handlers\FileHandler' driver.
DEBUG - 2026-05-28 16:00:35 --> Session: Class initialized using 'CodeIgniter\Session\Handlers\FileHandler' driver.
DEBUG - 2026-05-28 16:00:38 --> Session: Class initialized using 'CodeIgniter\Session\Handlers\FileHandler' driver.
DEBUG - 2026-05-28 16:00:47 --> Session: Class initialized using 'CodeIgniter\Session\Handlers\FileHandler' driver.
DEBUG - 2026-05-28 16:00:50 --> Session: Class initialized using 'CodeIgniter\Session\Handlers\FileHandler' driver.
CRITICAL - 2026-05-28 16:00:51 --> mysqli_sql_exception: Unknown database 'smartplant_care'
[Method: POST, Route: login]
in APPPATH\Libraries\Database.php on line 12.
 1 APPPATH\Libraries\Database.php(12): mysqli->__construct('localhost', 'root', Object(SensitiveParameterValue), 'smartplant_care', 3306)
 2 APPPATH\Views\Login.php(206): Database::connect()
 3 SYSTEMPATH\View\View.php(240): include('C:\\xampp\\htdocs\\SmartPlant_Care-main_CodeIgniter\\app\\Views\\Login.php')
 4 SYSTEMPATH\View\View.php(243): CodeIgniter\View\View->CodeIgniter\View\{closure}()
 5 SYSTEMPATH\Common.php(1254): CodeIgniter\View\View->render('Login', [], true)
 6 APPPATH\Controllers\SmartPlant.php(84): view('Login')
 7 APPPATH\Controllers\SmartPlant.php(21): App\Controllers\SmartPlant->openView('Login')
 8 SYSTEMPATH\CodeIgniter.php(974): App\Controllers\SmartPlant->login()
 9 SYSTEMPATH\CodeIgniter.php(520): CodeIgniter\CodeIgniter->runController(Object(App\Controllers\SmartPlant))
10 SYSTEMPATH\CodeIgniter.php(363): CodeIgniter\CodeIgniter->handleRequest(null, Object(Config\Cache), false)
11 SYSTEMPATH\Boot.php(417): CodeIgniter\CodeIgniter->run()
12 SYSTEMPATH\Boot.php(68): CodeIgniter\Boot::runCodeIgniter(Object(CodeIgniter\CodeIgniter))
13 FCPATH\index.php(59): CodeIgniter\Boot::bootWeb(Object(Config\Paths))
14 SYSTEMPATH\rewrite.php(44): require_once('C:\\xampp\\htdocs\\SmartPlant_Care-main_CodeIgniter\\public\\index.php')
DEBUG - 2026-05-28 16:00:55 --> Session: Class initialized using 'CodeIgniter\Session\Handlers\FileHandler' driver.
DEBUG - 2026-05-28 16:00:59 --> Session: Class initialized using 'CodeIgniter\Session\Handlers\FileHandler' driver.
